id,tên,loại,thành phần,option,option_json,canonical_description,structured_tags,health_profile,context_suitability,
1,café đen,thức uống,"café, đá, đường","đá (nhiều/ít/không), đường (nhiều/ít/không)","{""đá"": [""nhiều"", ""ít"", ""không""], ""đường"": [""nhiều"", ""ít"", ""không""]}","Café đen là thức uống từ café nguyên chất, vị đắng mạnh và caffein cao. Phù hợp người cần tỉnh táo hoặc người tiểu đường khi không thêm đường; không phù hợp người dạ dày yếu hoặc dễ mất ngủ.","{""type"":""thức uống"",""taste"":[""bitter""],""ingredients"":[""café"",""đá"",""đường""],""options"":[""đá (nhiều/ít/không)"",""đường (nhiều/ít/không)""],""caffeine"":""cao"",""suitable_for"":[""diabetes""],""avoid_for"":[""weak_stomach"",""gastritis"",""heart_disease"",""insomnia""]}","{""good_for"":[""diabetes""],""bad_for"":[""weak_stomach"",""gastritis"",""heart_disease""]}","{""morning"":true,""noon"":true,""evening"":false,""midnight"":false,""hot_weather"":true,""cold_weather"":false,""rainy"":true,""sunny_strong"":true,""pre_work"":true,""post_work"":false,""post_workout"":false,""light_meal"":true,""want_cold_food"":true,""in_a_hurry"":true,""on_the_go"":true,""with_friends"":true,""need_relax"":false,""portable"":true,""short_lunch_break"":true}",
2,bún thịt nướng,đồ ăn,"bún, nem rán, thịt nướng, rau, nước mắm","nem rán (thêm/ít), thịt (thêm/ít), rau (nhiều/ít/không), nước mắm (cay/không cay)","{""nem_rán"": [""thêm"", ""ít""], ""thịt"": [""thêm"", ""ít""], ""rau"": [""nhiều"", ""ít"", ""không""], ""nước_mắm"": [""cay"", ""không cay""]}","Bún thịt nướng là món ăn khô gồm bún, thịt nướng và nước mắm pha, vị mặn ngọt đậm đà. Không phù hợp người cao huyết áp, béo phì hoặc gan nhiễm mỡ do hàm lượng natri và chất béo cao.","{""type"":""đồ ăn"",""taste"":[""salty"",""sweet""],""ingredients"":[""bún"",""nem rán"",""thịt nướng"",""rau"",""nước mắm""],""options"":[""nem rán (thêm/ít)"",""thịt (thêm/ít)"",""rau (nhiều/ít/không)"",""nước mắm (cay/không cay)""],""suitable_for"":[],""avoid_for"":[""high_blood_pressure"",""obesity"",""fatty_liver"",""high_cholesterol""]}","{""good_for"":[],""bad_for"":[""high_blood_pressure"",""obesity"",""fatty_liver"",""high_cholesterol""]}","{""morning"":false,""noon"":true,""evening"":true,""midnight"":false,""hot_weather"":false,""cold_weather"":true,""rainy"":false,""sunny_strong"":false,""pre_work"":false,""post_work"":true,""post_workout"":false,""light_meal"":false,""want_hot_food"":false,""want_cold_food"":true,""in_a_hurry"":false,""on_the_go"":false,""with_friends"":true,""need_relax"":false,""portable"":false,""short_lunch_break"":false}",
3,cháo thịt bằm,đồ ăn,"cháo, thịt bằm, hành, tiêu, ớt","thịt (nhiều/ít), hành (nhiều/ít/không), tiêu (có/không), ớt (có/không)","{""thịt"": [""nhiều"", ""ít""], ""hành"": [""nhiều"", ""ít"", ""không""], ""tiêu"": [""có"", ""không""], ""ớt"": [""có"", ""không""]}",Cháo thịt bằm là món nóng dễ tiêu với vị mặn nhẹ và thơm hành. Phù hợp cho người dạ dày yếu hoặc cần món nhẹ buổi sáng; không phù hợp người cao huyết áp nếu thêm nhiều muối hoặc ăn quá mặn.,"{""type"":""đồ ăn"",""taste"":[""salty""],""ingredients"":[""cháo"",""thịt bằm"",""hành"",""tiêu"",""ớt""],""options"":[""thịt (nhiều/ít)"",""hành (nhiều/ít/không)"",""tiêu (có/không)"",""ớt (có/không)""],""suitable_for"":[""weak_stomach"",""indigestion"",""poor_digestive_system""],""avoid_for"":[""high_blood_pressure"",""gastritis"",""colitis""]}","{""good_for"":[""weak_stomach"",""indigestion"",""poor_digestive_system""],""bad_for"":[""high_blood_pressure"",""gastritis"",""colitis""]}","{""morning"":true,""noon"":true,""evening"":false,""midnight"":false,""hot_weather"":false,""cold_weather"":true,""rainy"":true,""sunny_strong"":false,""pre_work"":true,""post_work"":false,""post_workout"":false,""light_meal"":true,""want_hot_food"":true,""want_cold_food"":false,""in_a_hurry"":true,""on_the_go"":false,""with_friends"":false,""need_relax"":true,""portable"":false,""short_lunch_break"":true}",
4,trà vải lài,thức uống,"trà lài, vải, đường","trà (nhiều/ít), đường (nhiều/ít)","{""trà"": [""nhiều"", ""ít""], ""đường"": [""nhiều"", ""ít""]}","Trà vải lài là thức uống thanh mát, ngọt nhẹ và thơm hương lài. Phù hợp khi trời nóng hoặc cần giải khát; không phù hợp người tiểu đường nếu dùng nhiều đường.","{""type"":""thức uống"",""taste"":[""sweet"",""sour""],""ingredients"":[""trà lài"",""vải"",""đường""],""options"":[""trà (nhiều/ít)"",""đường (nhiều/ít)""],""suitable_for"":[""hot_weather"",""need_relax""],""avoid_for"":[""diabetes""]}","{""good_for"":[""hot_weather""],""bad_for"":[""diabetes""]}","{""morning"":true,""noon"":true,""evening"":true,""midnight"":false,""hot_weather"":true,""cold_weather"":false,""rainy"":false,""sunny_strong"":true,""pre_work"":false,""post_work"":true,""post_workout"":false,""light_meal"":true,""want_hot_food"":false,""want_cold_food"":true,""in_a_hurry"":true,""on_the_go"":true,""with_friends"":true,""need_relax"":true,""portable"":true,""short_lunch_break"":true}",
5,sinh tố bơ sữa đặc,thức uống,"bơ, sữa đặc, đá, đường","đá (nhiều/ít/không), đường (nhiều/ít), sữa đặc (nhiều/ít)","{""đá"": [""nhiều"", ""ít"", ""không""], ""đường"": [""nhiều"", ""ít""], ""sữa_đặc"": [""nhiều"", ""ít""]}","Sinh tố bơ sữa đặc là thức uống béo ngọt và đặc sánh, giàu calo. Không phù hợp người tiểu đường, béo phì hoặc gan nhiễm mỡ do hàm lượng đường và chất béo cao.","{""type"":""thức uống"",""taste"":[""sweet"",""fatty""],""ingredients"":[""bơ"",""sữa đặc"",""đá"",""đường""],""options"":[""đá (nhiều/ít/không)"",""đường (nhiều/ít)"",""sữa đặc (nhiều/ít)""],""suitable_for"":[],""avoid_for"":[""diabetes"",""obesity"",""fatty_liver"",""high_cholesterol""]}","{""good_for"":[],""bad_for"":[""diabetes"",""obesity"",""fatty_liver"",""high_cholesterol""]}","{""morning"":false,""noon"":true,""evening"":true,""midnight"":false,""hot_weather"":false,""cold_weather"":true,""rainy"":false,""sunny_strong"":false,""pre_work"":false,""post_work"":true,""post_workout"":false,""light_meal"":false,""want_hot_food"":false,""want_cold_food"":true,""in_a_hurry"":false,""on_the_go"":false,""with_friends"":true,""need_relax"":true,""portable"":false,""short_lunch_break"":false}",
6,phở,đồ ăn,"bánh phở, thịt bò/gà, hành, rau","phở (nhiều/ít), thịt bò (nhiều/ít), thịt gà (nhiều/ít), hành (nhiều/ít/không), rau (nhiều/ít/không)","{""phở"": [""nhiều"", ""ít""], ""thịt_bò"": [""nhiều"", ""ít""], ""thịt_gà"": [""nhiều"", ""ít""], ""hành"": [""nhiều"", ""ít"", ""không""], ""rau"": [""nhiều"", ""ít"", ""không""]}","Phở là món nước nóng thanh nhẹ với bánh phở, thịt bò hoặc gà và nước dùng thơm. Phù hợp buổi sáng hoặc khi cần món dễ tiêu; không phù hợp người cao huyết áp nếu nước dùng mặn hoặc nhiều chất béo.","{""type"":""đồ ăn"",""taste"":[""salty"",""umami""],""ingredients"":[""bánh phở"",""thịt bò/gà"",""hành"",""rau""],""options"":[""phở (nhiều/ít)"",""thịt bò (nhiều/ít)"",""thịt gà (nhiều/ít)"",""hành (nhiều/ít/không)"",""rau (nhiều/ít/không)""],""suitable_for"":[""weak_stomach"",""indigestion"",""poor_digestive_system""],""avoid_for"":[""high_blood_pressure"",""fatty_liver"",""high_cholesterol""]}","{""good_for"":[""weak_stomach"",""indigestion"",""poor_digestive_system""],""bad_for"":[""high_blood_pressure"",""fatty_liver"",""high_cholesterol""]}","{""morning"":true,""noon"":true,""evening"":false,""midnight"":false,""hot_weather"":false,""cold_weather"":true,""rainy"":true,""sunny_strong"":false,""pre_work"":true,""post_work"":false,""post_workout"":false,""light_meal"":true,""want_hot_food"":true,""want_cold_food"":false,""in_a_hurry"":false,""on_the_go"":false,""with_friends"":true,""need_relax"":true,""portable"":false,""short_lunch_break"":false}",
7,cơm gà xối mỡ,đồ ăn,"cơm, gà xối mỡ, dầu hành, nước mắm","thịt gà (nhiều/ít), hành (nhiều/ít/không)","{""thịt_gà"": [""nhiều"", ""ít""], ""hành"": [""nhiều"", ""ít"", ""không""]}","Cơm gà xối mỡ là món chiên béo, giòn và đậm vị. Không phù hợp người cao huyết áp, béo phì hoặc gan nhiễm mỡ do hàm lượng dầu mỡ và natri cao.","{""type"":""đồ ăn"",""taste"":[""salty"",""fatty""],""ingredients"":[""cơm"",""gà xối mỡ"",""dầu hành"",""nước mắm""],""options"":[""thịt gà (nhiều/ít)"",""hành (nhiều/ít/không)""],""suitable_for"":[],""avoid_for"":[""high_blood_pressure"",""obesity"",""fatty_liver"",""high_cholesterol"",""gastritis""]}","{""good_for"":[],""bad_for"":[""high_blood_pressure"",""obesity"",""fatty_liver"",""high_cholesterol"",""gastritis""]}","{""morning"":false,""noon"":true,""evening"":true,""midnight"":false,""hot_weather"":false,""cold_weather"":true,""rainy"":false,""sunny_strong"":false,""pre_work"":false,""post_work"":true,""post_workout"":false,""light_meal"":false,""want_hot_food"":true,""want_cold_food"":false,""in_a_hurry"":false,""on_the_go"":false,""with_friends"":true,""need_relax"":false,""portable"":false,""short_lunch_break"":false}",
8,chè thập cẩm,đồ ăn,"thạch, nước cốt dừa, đậu, đường","thạch (nhiều/ít), đường (nhiều/ít), nước cốt dừa (nhiều/ít/không)","{""thạch"": [""nhiều"", ""ít""], ""đường"": [""nhiều"", ""ít""], ""nước_cốt_dừa"": [""nhiều"", ""ít"", ""không""]}","Chè thập cẩm là món tráng miệng ngọt béo, mát lạnh và nhiều năng lượng. Không phù hợp người tiểu đường, béo phì hoặc gan nhiễm mỡ do chứa nhiều đường và nước cốt dừa.","{""type"":""đồ ăn"",""taste"":[""sweet"",""fatty""],""ingredients"":[""thạch"",""nước cốt dừa"",""đậu"",""đường""],""options"":[""thạch (nhiều/ít)"",""đường (nhiều/ít)"",""nước cốt dừa (nhiều/ít/không)""],""suitable_for"":[""hot_weather""],""avoid_for"":[""diabetes"",""obesity"",""fatty_liver""]}","{""good_for"":[""hot_weather""],""bad_for"":[""diabetes"",""obesity"",""fatty_liver""]}","{""morning"":false,""noon"":true,""evening"":true,""midnight"":false,""hot_weather"":true,""cold_weather"":false,""rainy"":false,""sunny_strong"":true,""pre_work"":false,""post_work"":true,""post_workout"":false,""light_meal"":false,""want_hot_food"":false,""want_cold_food"":true,""in_a_hurry"":false,""on_the_go"":false,""with_friends"":true,""need_relax"":false,""portable"":false,""short_lunch_break"":false}",
9,cơm gà xé,đồ ăn,"cơm, gà luộc, hành tây, cà rốt","thịt gà (nhiều/ít), hành tây (nhiều/ít/không), cà rốt (nhiều/ít/không)","{""thịt_gà"": [""nhiều"", ""ít""], ""hành_tây"": [""nhiều"", ""ít"", ""không""], ""cà_rốt"": [""nhiều"", ""ít"", ""không""]}","Cơm gà xé là món cơm gà nhẹ hơn kiểu xối mỡ, ít dầu mỡ và dễ ăn. Phù hợp người cần bữa ăn vừa phải; không phù hợp người cao huyết áp nếu dùng nhiều nước mắm mặn.","{""type"":""đồ ăn"",""taste"":[""salty""],""ingredients"":[""cơm"",""gà luộc"",""hành tây"",""cà rốt""],""options"":[""thịt gà (nhiều/ít)"",""hành tây (nhiều/ít/không)"",""cà rốt (nhiều/ít/không)""],""suitable_for"":[""light_meal""],""avoid_for"":[""high_blood_pressure""]}","{""good_for"":[""light_meal""],""bad_for"":[""high_blood_pressure""]}","{""morning"":false,""noon"":true,""evening"":true,""midnight"":false,""hot_weather"":true,""cold_weather"":true,""rainy"":false,""sunny_strong"":false,""pre_work"":false,""post_work"":true,""post_workout"":false,""light_meal"":true,""want_hot_food"":true,""want_cold_food"":false,""in_a_hurry"":false,""on_the_go"":false,""with_friends"":true,""need_relax"":false,""portable"":false,""short_lunch_break"":false}",
10,hột vịt luộc,đồ ăn,"hột vịt luộc, rau thơm",rau thơm (nhiều/ít/không),"{""rau_thơm"": [""nhiều"", ""ít"", ""không""]}","Hột vịt luộc là món đơn giản, giàu đạm và dễ ăn. Phù hợp bữa nhanh gọn; không phù hợp người cholesterol cao hoặc gout.","{""type"":""đồ ăn"",""taste"":[""salty""],""ingredients"":[""hột vịt luộc"",""rau thơm""],""options"":[""rau thơm (nhiều/ít/không)""],""suitable_for"":[""light_meal""],""avoid_for"":[""high_cholesterol"",""gout""]}","{""good_for"":[""light_meal""],""bad_for"":[""high_cholesterol"",""gout""]}","{""morning"":true,""noon"":true,""evening"":true,""midnight"":false,""hot_weather"":true,""cold_weather"":true,""rainy"":false,""sunny_strong"":false,""pre_work"":true,""post_work"":false,""post_workout"":true,""light_meal"":true,""want_hot_food"":true,""want_cold_food"":false,""in_a_hurry"":true,""on_the_go"":true,""with_friends"":false,""need_relax"":false,""portable"":true,""short_lunch_break"":true}",
11,trà sữa trân châu matcha phô mai,thức uống,"hồng trà, sữa, trân châu đen, phô mai, matcha","đá (nhiều/ít/không), đường (nhiều/ít), trân châu (ít/nhiều), phô mai (ít/nhiều)","{""đá"": [""nhiều"", ""ít"", ""không""], ""đường"": [""nhiều"", ""ít""], ""trân_châu"": [""ít"", ""nhiều""], ""phô_mai"": [""ít"", ""nhiều""]}","Trà sữa trân châu matcha phô mai là thức uống béo ngọt, đậm vị và giàu năng lượng. Không phù hợp người tiểu đường, béo phì hoặc gan nhiễm mỡ.","{""type"":""thức uống"",""taste"":[""sweet"",""fatty"",""bitter""],""ingredients"":[""hồng trà"",""sữa"",""trân châu đen"",""phô mai"",""matcha""],""options"":[""đá (nhiều/ít/không)"",""đường (nhiều/ít)"",""trân châu (ít/nhiều)"",""phô mai (ít/nhiều)""],""suitable_for"":[],""avoid_for"":[""diabetes"",""obesity"",""fatty_liver"",""high_cholesterol""]}","{""good_for"":[],""bad_for"":[""diabetes"",""obesity"",""fatty_liver"",""high_cholesterol""]}","{""morning"":false,""noon"":true,""evening"":true,""midnight"":false,""hot_weather"":false,""cold_weather"":true,""rainy"":false,""sunny_strong"":false,""pre_work"":false,""post_work"":true,""post_workout"":false,""light_meal"":false,""want_hot_food"":false,""want_cold_food"":true,""in_a_hurry"":false,""on_the_go"":false,""with_friends"":true,""need_relax"":true,""portable"":false,""short_lunch_break"":false}",
12,trà sữa trân châu đường đen,thức uống,"hồng trà, sữa tươi, trân châu đen, đường, đá","đường đen (nhiều/ít), đá (nhiều/ít/không), trân châu (ít/nhiều)","{""đường_đen"": [""nhiều"", ""ít""], ""đá"": [""nhiều"", ""ít"", ""không""], ""trân_châu"": [""ít"", ""nhiều""]}","Trà sữa trân châu đường đen là thức uống ngọt đậm và giàu năng lượng. Không phù hợp người tiểu đường, béo phì hoặc gan nhiễm mỡ.","{""type"":""thức uống"",""taste"":[""sweet""],""ingredients"":[""hồng trà"",""sữa tươi"",""trân châu đen"",""đường"",""đá""],""options"":[""đường đen (nhiều/ít)"",""đá (nhiều/ít/không)"",""trân châu (ít/nhiều)""],""suitable_for"":[],""avoid_for"":[""diabetes"",""obesity"",""fatty_liver""]}","{""good_for"":[],""bad_for"":[""diabetes"",""obesity"",""fatty_liver""]}","{""morning"":false,""noon"":true,""evening"":true,""midnight"":false,""hot_weather"":false,""cold_weather"":true,""rainy"":false,""sunny_strong"":false,""pre_work"":false,""post_work"":true,""post_workout"":false,""light_meal"":false,""want_hot_food"":false,""want_cold_food"":true,""in_a_hurry"":false,""on_the_go"":false,""with_friends"":true,""need_relax"":false,""portable"":false,""short_lunch_break"":false}",
13,café sữa,thức uống,"café, đá, sữa đặc, đường","đá (nhiều/ít/không), sữa đặc (nhiều/ít), đường (nhiều/ít/không)","{""đá"": [""nhiều"", ""ít"", ""không""], ""sữa_đặc"": [""nhiều"", ""ít""], ""đường"": [""nhiều"", ""ít"", ""không""]}","Café sữa là thức uống đậm vị, béo ngọt và giàu caffein. Không phù hợp người dạ dày yếu hoặc tiểu đường nếu dùng nhiều đường và sữa đặc.","{""type"":""thức uống"",""taste"":[""sweet"",""bitter"",""fatty""],""ingredients"":[""café"",""đá"",""sữa đặc"",""đường""],""options"":[""đá (nhiều/ít/không)"",""sữa đặc (nhiều/ít)"",""đường (nhiều/ít/không)""],""suitable_for"":[],""avoid_for"":[""diabetes"",""weak_stomach"",""gastritis"",""heart_disease""]}","{""good_for"":[],""bad_for"":[""diabetes"",""weak_stomach"",""gastritis"",""heart_disease""]}","{""morning"":true,""noon"":true,""evening"":false,""midnight"":false,""hot_weather"":true,""cold_weather"":false,""rainy"":true,""sunny_strong"":true,""pre_work"":true,""post_work"":false,""post_workout"":false,""light_meal"":false,""want_hot_food"":false,""want_cold_food"":true,""in_a_hurry"":true,""on_the_go"":true,""with_friends"":true,""need_relax"":false,""portable"":true,""short_lunch_break"":true}",
14,nước mía,thức uống,"mía, đá, muối, tắc","đá (nhiều/ít/không), tắc (có/không), muối (có/không)","{""đá"": [""nhiều"", ""ít"", ""không""], ""tắc"": [""có"", ""không""], ""muối"": [""có"", ""không""]}","Nước mía là thức uống ngọt mát giúp giải nhiệt, rất phù hợp thời tiết nóng. Không phù hợp người tiểu đường do hàm lượng đường cao.","{""type"":""thức uống"",""taste"":[""sweet""],""ingredients"":[""mía"",""đá"",""muối"",""tắc""],""options"":[""đá (nhiều/ít/không)"",""tắc (có/không)"",""muối (có/không)""],""suitable_for"":[""hot_weather""],""avoid_for"":[""diabetes""]}","{""good_for"":[""hot_weather""],""bad_for"":[""diabetes""]}","{""morning"":true,""noon"":true,""evening"":true,""midnight"":false,""hot_weather"":true,""cold_weather"":false,""rainy"":false,""sunny_strong"":true,""pre_work"":false,""post_work"":true,""post_workout"":false,""light_meal"":false,""want_hot_food"":false,""want_cold_food"":true,""in_a_hurry"":true,""on_the_go"":true,""with_friends"":true,""need_relax"":false,""portable"":true,""short_lunch_break"":true}",
15,sinh tố bơ,thức uống,"bơ, sữa tươi, đá, đường","đá (nhiều/ít/không), đường (nhiều/ít), sữa tươi (nhiều/ít), bơ (nhiều/ít)","{""đá"": [""nhiều"", ""ít"", ""không""], ""đường"": [""nhiều"", ""ít""], ""sữa_tươi"": [""nhiều"", ""ít""], ""bơ"": [""nhiều"", ""ít""]}","Sinh tố bơ là thức uống béo ngọt, mát lạnh và giàu calo. Không phù hợp người tiểu đường, béo phì hoặc gan nhiễm mỡ do nhiều đường và chất béo.","{""type"":""thức uống"",""taste"":[""sweet"",""fatty""],""ingredients"":[""bơ"",""sữa tươi"",""đá"",""đường""],""options"":[""đá (nhiều/ít/không)"",""đường (nhiều/ít)"",""sữa tươi (nhiều/ít)"",""bơ (nhiều/ít)""],""suitable_for"":[],""avoid_for"":[""diabetes"",""obesity"",""fatty_liver"",""high_cholesterol""]}","{""good_for"":[],""bad_for"":[""diabetes"",""obesity"",""fatty_liver"",""high_cholesterol""]}","{""morning"":false,""noon"":true,""evening"":true,""midnight"":false,""hot_weather"":false,""cold_weather"":true,""rainy"":false,""sunny_strong"":false,""pre_work"":false,""post_work"":true,""post_workout"":false,""light_meal"":false,""want_hot_food"":false,""want_cold_food"":true,""in_a_hurry"":false,""on_the_go"":false,""with_friends"":true,""need_relax"":true,""portable"":false,""short_lunch_break"":false}",
16,sữa chua đá,thức uống,"sữa chua, sữa đặc, đá, đường","đường (nhiều/ít/không), đá (nhiều/ít), sữa chua (nhiều/ít), sữa đặc (nhiều/ít)","{""đường"": [""nhiều"", ""ít"", ""không""], ""đá"": [""nhiều"", ""ít""], ""sữa_chua"": [""nhiều"", ""ít""], ""sữa_đặc"": [""nhiều"", ""ít""]}","Sữa chua đá là thức uống mát lạnh, chua ngọt và dễ uống. Không phù hợp người tiểu đường nếu dùng nhiều đường hoặc sữa đặc.","{""type"":""thức uống"",""taste"":[""sweet"",""sour""],""ingredients"":[""sữa chua"",""sữa đặc"",""đá"",""đường""],""options"":[""đường (nhiều/ít/không)"",""đá (nhiều/ít)"",""sữa chua (nhiều/ít)"",""sữa đặc (nhiều/ít)""],""suitable_for"":[""hot_weather"",""light_meal""],""avoid_for"":[""diabetes""]}","{""good_for"":[""hot_weather"",""light_meal""],""bad_for"":[""diabetes""]}","{""morning"":true,""noon"":true,""evening"":true,""midnight"":false,""hot_weather"":true,""cold_weather"":false,""rainy"":false,""sunny_strong"":true,""pre_work"":false,""post_work"":true,""post_workout"":true,""light_meal"":true,""want_hot_food"":false,""want_cold_food"":true,""in_a_hurry"":true,""on_the_go"":true,""with_friends"":true,""need_relax"":false,""portable"":true,""short_lunch_break"":true}",
17,trà lài đác thơm,thức uống,"trà lài, hạt đác, thơm, đường, đá","trà lài (nhiều/ít), mật ong (nhiều/ít/không), đường (nhiều/ít/không), đá (nhiều/ít/không)","{""trà_lài"": [""nhiều"", ""ít""], ""mật_ong"": [""nhiều"", ""ít"", ""không""], ""đường"": [""nhiều"", ""ít"", ""không""], ""đá"": [""nhiều"", ""ít"", ""không""]}","Trà lài đác thơm là thức uống thanh mát, ngọt nhẹ và thơm trái cây. Phù hợp thời tiết nóng; không phù hợp người tiểu đường nếu dùng nhiều đường hoặc mật ong.","{""type"":""thức uống"",""taste"":[""sweet"",""floral""],""ingredients"":[""trà lài"",""hạt đác"",""thơm"",""đường"",""đá""],""options"":[""trà lài (nhiều/ít)"",""mật ong (nhiều/ít/không)"",""đường (nhiều/ít/không)"",""đá (nhiều/ít/không)""],""suitable_for"":[""hot_weather""],""avoid_for"":[""diabetes""]}","{""good_for"":[""hot_weather""],""bad_for"":[""diabetes""]}","{""morning"":true,""noon"":true,""evening"":true,""midnight"":false,""hot_weather"":true,""cold_weather"":false,""rainy"":false,""sunny_strong"":true,""pre_work"":false,""post_work"":true,""post_workout"":true,""light_meal"":true,""want_hot_food"":false,""want_cold_food"":true,""in_a_hurry"":true,""on_the_go"":true,""with_friends"":true,""need_relax"":false,""portable"":true,""short_lunch_break"":true}",
18,bún bò,đồ ăn,"bún, thịt bò, sả ớt, chả, hành","thịt bò (nhiều/ít), sả ớt (nhiều/ít/không), chả (nhiều/ít/không), hành (nhiều/ít/không), rau (nhiều/ít/không)","{""thịt_bò"": [""nhiều"", ""ít""], ""sả_ớt"": [""nhiều"", ""ít"", ""không""], ""chả"": [""nhiều"", ""ít"", ""không""], ""hành"": [""nhiều"", ""ít"", ""không""], ""rau"": [""nhiều"", ""ít"", ""không""]}","Bún bò là món nước đậm đà, cay thơm từ sả ớt. Không phù hợp người đau dạ dày, cao huyết áp hoặc viêm đại tràng do cay và nhiều natri.","{""type"":""đồ ăn"",""taste"":[""salty"",""spicy"",""umami""],""ingredients"":[""bún"",""thịt bò"",""sả ớt"",""chả"",""hành""],""options"":[""thịt bò (nhiều/ít)"",""sả ớt (nhiều/ít/không)"",""chả (nhiều/ít/không)"",""hành (nhiều/ít/không)"",""rau (nhiều/ít/không)""],""suitable_for"":[],""avoid_for"":[""gastritis"",""colitis"",""high_blood_pressure""]}","{""good_for"":[],""bad_for"":[""gastritis"",""colitis"",""high_blood_pressure""]}","{""morning"":false,""noon"":true,""evening"":true,""midnight"":false,""hot_weather"":false,""cold_weather"":true,""rainy"":true,""sunny_strong"":false,""pre_work"":false,""post_work"":true,""post_workout"":false,""light_meal"":false,""want_hot_food"":true,""want_cold_food"":false,""in_a_hurry"":false,""on_the_go"":false,""with_friends"":true,""need_relax"":false,""portable"":false,""short_lunch_break"":false}",
19,cơm tấm,đồ ăn,"cơm tấm, sườn, bì, chả trứng, mỡ hành","mỡ hành (nhiều/ít/không), sườn (nhiều/ít), bì (nhiều/ít), chả trứng (nhiều/ít), nước mắm (cay/không cay)","{""mỡ_hành"": [""nhiều"", ""ít"", ""không""], ""sườn"": [""nhiều"", ""ít""], ""bì"": [""nhiều"", ""ít""], ""chả_trứng"": [""nhiều"", ""ít""], ""nước_mắm"": [""cay"", ""không cay""]}","Cơm tấm là món ăn no đậm vị với sườn nướng, bì và chả trứng. Không phù hợp người cao huyết áp, béo phì hoặc gan nhiễm mỡ do nhiều natri và dầu mỡ.","{""type"":""đồ ăn"",""taste"":[""salty"",""fatty""],""ingredients"":[""cơm tấm"",""sườn"",""bì"",""chả trứng"",""mỡ hành""],""options"":[""mỡ hành (nhiều/ít/không)"",""sườn (nhiều/ít)"",""bì (nhiều/ít)"",""chả trứng (nhiều/ít)"",""nước mắm (cay/không cay)""],""suitable_for"":[],""avoid_for"":[""high_blood_pressure"",""obesity"",""fatty_liver"",""high_cholesterol""]}","{""good_for"":[],""bad_for"":[""high_blood_pressure"",""obesity"",""fatty_liver"",""high_cholesterol""]}","{""morning"":false,""noon"":true,""evening"":true,""midnight"":false,""hot_weather"":false,""cold_weather"":true,""rainy"":false,""sunny_strong"":false,""pre_work"":false,""post_work"":true,""post_workout"":false,""light_meal"":false,""want_hot_food"":true,""want_cold_food"":false,""in_a_hurry"":false,""on_the_go"":false,""with_friends"":true,""need_relax"":false,""portable"":false,""short_lunch_break"":false}",
20,gỏi cuốn tôm thịt,đồ ăn,"bánh tráng, tôm, thịt, bún, rau","tôm (nhiều/ít), thịt (nhiều/ít), rau (nhiều/ít/không), bún (nhiều/ít)","{""tôm"": [""nhiều"", ""ít""], ""thịt"": [""nhiều"", ""ít""], ""rau"": [""nhiều"", ""ít"", ""không""], ""bún"": [""nhiều"", ""ít""]}","Gỏi cuốn là món cuốn thanh mát, ít dầu mỡ và dễ ăn. Phù hợp người cần bữa nhẹ; không phù hợp người dị ứng hải sản nếu có tôm.","{""type"":""đồ ăn"",""taste"":[""light"",""fresh"",""salty""],""ingredients"":[""bánh tráng"",""tôm"",""thịt"",""bún"",""rau""],""options"":[""tôm (nhiều/ít)"",""thịt (nhiều/ít)"",""rau (nhiều/ít/không)"",""bún (nhiều/ít)""],""suitable_for"":[""light_meal"",""diet""],""avoid_for"":[""seafood_allergy""]}","{""good_for"":[""light_meal"",""diet""],""bad_for"":[""seafood_allergy""]}","{""morning"":true,""noon"":true,""evening"":true,""midnight"":false,""hot_weather"":true,""cold_weather"":false,""rainy"":false,""sunny_strong"":true,""pre_work"":false,""post_work"":true,""post_workout"":true,""light_meal"":true,""want_hot_food"":false,""want_cold_food"":true,""in_a_hurry"":true,""on_the_go"":true,""with_friends"":true,""need_relax"":false,""portable"":true,""short_lunch_break"":true}",
21,bánh xèo,đồ ăn,"bột gạo, tôm, thịt, giá, rau","tôm (nhiều/ít), thịt (nhiều/ít), rau (nhiều/ít/không), giá (nhiều/ít/không)","{""tôm"": [""nhiều"", ""ít""], ""thịt"": [""nhiều"", ""ít""], ""rau"": [""nhiều"", ""ít"", ""không""], ""giá"": [""nhiều"", ""ít"", ""không""]}","Bánh xèo là món chiên giòn, đậm vị và giàu dầu mỡ. Không phù hợp người béo phì, cao huyết áp hoặc gan nhiễm mỡ.","{""type"":""đồ ăn"",""taste"":[""savory"",""fatty""],""ingredients"":[""bột gạo"",""tôm"",""thịt"",""giá"",""rau""],""options"":[""tôm (nhiều/ít)"",""thịt (nhiều/ít)"",""rau (nhiều/ít/không)"",""giá (nhiều/ít/không)""],""suitable_for"":[],""avoid_for"":[""obesity"",""high_blood_pressure"",""fatty_liver"",""gastritis""]}","{""good_for"":[],""bad_for"":[""obesity"",""high_blood_pressure"",""fatty_liver"",""gastritis""]}","{""morning"":false,""noon"":true,""evening"":true,""midnight"":false,""hot_weather"":false,""cold_weather"":true,""rainy"":false,""sunny_strong"":false,""pre_work"":false,""post_work"":true,""post_workout"":false,""light_meal"":false,""want_hot_food"":true,""want_cold_food"":false,""in_a_hurry"":false,""on_the_go"":false,""with_friends"":true,""need_relax"":false,""portable"":false,""short_lunch_break"":false}",
22,bánh mì,đồ ăn,"bánh mì, pate, chả, dưa leo, ớt, rau răm","pate (nhiều/ít), chả (nhiều/ít), ớt (nhiều/ít/không), dưa leo (nhiều/ít/không), rau răm (nhiều/ít/không)","{""pate"": [""nhiều"", ""ít""], ""chả"": [""nhiều"", ""ít""], ""ớt"": [""nhiều"", ""ít"", ""không""], ""dưa_leo"": [""nhiều"", ""ít"", ""không""], ""rau_răm"": [""nhiều"", ""ít"", ""không""]}","Bánh mì là món tiện lợi, đậm vị và nhanh gọn. Không phù hợp người cao huyết áp hoặc gan nhiễm mỡ nếu dùng nhiều pate hoặc chả mặn.","{""type"":""đồ ăn"",""taste"":[""savory"",""salty""],""ingredients"":[""bánh mì"",""pate"",""chả"",""dưa leo"",""ớt"",""rau răm""],""options"":[""pate (nhiều/ít)"",""chả (nhiều/ít)"",""ớt (nhiều/ít/không)"",""dưa leo (nhiều/ít/không)"",""rau răm (nhiều/ít/không)""],""suitable_for"":[""on_the_go"",""in_a_hurry""],""avoid_for"":[""high_blood_pressure"",""fatty_liver""]}","{""good_for"":[""on_the_go"",""in_a_hurry""],""bad_for"":[""high_blood_pressure"",""fatty_liver""]}","{""morning"":true,""noon"":true,""evening"":true,""midnight"":false,""hot_weather"":true,""cold_weather"":true,""rainy"":false,""sunny_strong"":true,""pre_work"":true,""post_work"":false,""post_workout"":false,""light_meal"":false,""want_hot_food"":false,""want_cold_food"":true,""in_a_hurry"":true,""on_the_go"":true,""with_friends"":false,""need_relax"":false,""portable"":true,""short_lunch_break"":true}",
23,bún riêu cua,đồ ăn,"bún, riêu cua, cà chua, huyết, đậu hũ, rau sống","hành (nhiều/ít/không), riêu cua (nhiều/ít), đậu phụ (nhiều/ít/không), huyết (có/không), cà chua (nhiều/ít), rau (nhiều/ít/không), mắm tôm (có/không), ớt (nhiều/ít/không)","{""hành"": [""nhiều"", ""ít"", ""không""], ""riêu_cua"": [""nhiều"", ""ít""], ""đậu_phụ"": [""nhiều"", ""ít"", ""không""], ""huyết"": [""có"", ""không""], ""cà_chua"": [""nhiều"", ""ít""], ""rau"": [""nhiều"", ""ít"", ""không""], ""mắm_tôm"": [""có"", ""không""], ""ớt"": [""nhiều"", ""ít"", ""không""]}","Bún riêu cua là món nước thanh nhưng có vị mặn và tang từ riêu cua, chua nhẹ từ cà chua. Không phù hợp người gout, cao huyết áp hoặc viêm đại tràng.","{""type"":""đồ ăn"",""taste"":[""salty"",""sour"",""umami""],""ingredients"":[""bún"",""riêu cua"",""cà chua"",""huyết"",""đậu hũ"",""rau sống""],""options"":[""hành (nhiều/ít/không)"",""riêu cua (nhiều/ít)"",""đậu phụ (nhiều/ít/không)"",""huyết (có/không)"",""cà chua (nhiều/ít)"",""rau (nhiều/ít/không)"",""mắm tôm (có/không)"",""ớt (nhiều/ít/không)""],""suitable_for"":[],""avoid_for"":[""gout"",""high_blood_pressure"",""colitis""]}","{""good_for"":[],""bad_for"":[""gout"",""high_blood_pressure"",""colitis""]}","{""morning"":false,""noon"":true,""evening"":true,""midnight"":false,""hot_weather"":false,""cold_weather"":true,""rainy"":true,""sunny_strong"":false,""pre_work"":false,""post_work"":true,""post_workout"":false,""light_meal"":false,""want_hot_food"":true,""want_cold_food"":false,""in_a_hurry"":false,""on_the_go"":false,""with_friends"":true,""need_relax"":false,""portable"":false,""short_lunch_break"":false}",
24,bánh canh,đồ ăn,"sợi bánh canh, tôm, thịt heo, hành","hành (nhiều/ít/không), tôm (nhiều/ít), thịt (nhiều/ít)","{""hành"": [""nhiều"", ""ít"", ""không""], ""tôm"": [""nhiều"", ""ít""], ""thịt"": [""nhiều"", ""ít""]}","Bánh canh là món nước ấm, dễ ăn và phù hợp nhiều độ tuổi. Không phù hợp người dị ứng hải sản nếu dùng tôm.","{""type"":""đồ ăn"",""taste"":[""salty"",""umami""],""ingredients"":[""sợi bánh canh"",""tôm"",""thịt heo"",""hành""],""options"":[""hành (nhiều/ít/không)"",""tôm (nhiều/ít)"",""thịt (nhiều/ít)""],""suitable_for"":[""weak_stomach""],""avoid_for"":[""seafood_allergy""]}","{""good_for"":[""weak_stomach""],""bad_for"":[""seafood_allergy""]}","{""morning"":true,""noon"":true,""evening"":true,""midnight"":false,""hot_weather"":false,""cold_weather"":true,""rainy"":true,""sunny_strong"":false,""pre_work"":true,""post_work"":false,""post_workout"":false,""light_meal"":false,""want_hot_food"":true,""want_cold_food"":false,""in_a_hurry"":false,""on_the_go"":false,""with_friends"":true,""need_relax"":true,""portable"":false,""short_lunch_break"":false}",
25,bún đậu mắm tôm,đồ ăn,"bún, đậu phụ chiên, thịt luộc, mắm tôm","đậu (nhiều/ít), thịt (nhiều/ít), rau (nhiều/ít/không), mắm tôm (nhiều/ít)","{""đậu"": [""nhiều"", ""ít""], ""thịt"": [""nhiều"", ""ít""], ""rau"": [""nhiều"", ""ít"", ""không""], ""mắm_tôm"": [""nhiều"", ""ít""]}","Bún đậu mắm tôm là món đặc trưng với vị mặn đậm, thơm và dễ gây nặng bụng. Không phù hợp người cao huyết áp, gout hoặc dạ dày yếu.","{""type"":""đồ ăn"",""taste"":[""salty"",""fermented""],""ingredients"":[""bún"",""đậu phụ chiên"",""thịt luộc"",""mắm tôm""],""options"":[""đậu (nhiều/ít)"",""thịt (nhiều/ít)"",""rau (nhiều/ít/không)"",""mắm tôm (nhiều/ít)""],""suitable_for"":[],""avoid_for"":[""high_blood_pressure"",""gout"",""weak_stomach"",""gastritis""]}","{""good_for"":[],""bad_for"":[""high_blood_pressure"",""gout"",""weak_stomach"",""gastritis""]}","{""morning"":false,""noon"":true,""evening"":true,""midnight"":false,""hot_weather"":false,""cold_weather"":true,""rainy"":false,""sunny_strong"":false,""pre_work"":false,""post_work"":true,""post_workout"":false,""light_meal"":false,""want_hot_food"":false,""want_cold_food"":false,""in_a_hurry"":false,""on_the_go"":false,""with_friends"":true,""need_relax"":false,""portable"":false,""short_lunch_break"":false}",
26,cá kho tộ,đồ ăn,"cá, nước mắm, tiêu, ớt","cá (nhiều/ít), tiêu (nhiều/ít/không), ớt (nhiều/ít/không)","{""cá"": [""nhiều"", ""ít""], ""tiêu"": [""nhiều"", ""ít"", ""không""], ""ớt"": [""nhiều"", ""ít"", ""không""]}",Cá kho tộ là món mặn đậm vị với tiêu và ớt thơm. Không phù hợp người cao huyết áp hoặc dạ dày yếu do nhiều natri và cay.,"{""type"":""đồ ăn"",""taste"":[""salty"",""spicy"",""umami""],""ingredients"":[""cá"",""nước mắm"",""tiêu"",""ớt""],""options"":[""cá (nhiều/ít)"",""tiêu (nhiều/ít/không)"",""ớt (nhiều/ít/không)""],""suitable_for"":[],""avoid_for"":[""high_blood_pressure"",""gastritis"",""weak_stomach""]}","{""good_for"":[],""bad_for"":[""high_blood_pressure"",""gastritis"",""weak_stomach""]}","{""morning"":false,""noon"":true,""evening"":true,""midnight"":false,""hot_weather"":false,""cold_weather"":true,""rainy"":false,""sunny_strong"":false,""pre_work"":false,""post_work"":true,""post_workout"":false,""light_meal"":false,""want_hot_food"":true,""want_cold_food"":false,""in_a_hurry"":false,""on_the_go"":false,""with_friends"":true,""need_relax"":false,""portable"":false,""short_lunch_break"":false}",
27,bò lúc lắc,đồ ăn,"thịt bò, ớt chuông, hành tây, tiêu","thịt (nhiều/ít), rau (nhiều/ít/không), tiêu (nhiều/ít/không)","{""thịt"": [""nhiều"", ""ít""], ""rau"": [""nhiều"", ""ít"", ""không""], ""tiêu"": [""nhiều"", ""ít"", ""không""]}","Bò lúc lắc là món áp chảo thơm đậm, giàu đạm. Không phù hợp người cao huyết áp hoặc cholesterol cao.","{""type"":""đồ ăn"",""taste"":[""savory"",""umami""],""ingredients"":[""thịt bò"",""ớt chuông"",""hành tây"",""tiêu""],""options"":[""thịt (nhiều/ít)"",""rau (nhiều/ít/không)"",""tiêu (nhiều/ít/không)""],""suitable_for"":[""high_protein""],""avoid_for"":[""high_blood_pressure"",""high_cholesterol""]}","{""good_for"":[""high_protein""],""bad_for"":[""high_blood_pressure"",""high_cholesterol""]}","{""morning"":false,""noon"":true,""evening"":true,""midnight"":false,""hot_weather"":false,""cold_weather"":true,""rainy"":false,""sunny_strong"":false,""pre_work"":false,""post_work"":true,""post_workout"":true,""light_meal"":false,""want_hot_food"":true,""want_cold_food"":false,""in_a_hurry"":false,""on_the_go"":false,""with_friends"":true,""need_relax"":false,""portable"":false,""short_lunch_break"":false}",
28,canh chua cá,đồ ăn,"cá, me chua, cà chua, rau thơm","cá (nhiều/ít), me (nhiều/ít), rau (nhiều/ít/không), cà chua (thêm/bớt)","{""cá"": [""nhiều"", ""ít""], ""me"": [""nhiều"", ""ít""], ""rau"": [""nhiều"", ""ít"", ""không""], ""cà_chua"": [""thêm"", ""bớt""]}","Canh chua cá là món nước chua ngọt thanh mát, dễ tiêu. Không phù hợp người gout hoặc dạ dày yếu nếu ăn quá chua.","{""type"":""đồ ăn"",""taste"":[""sour"",""umami"",""sweet""],""ingredients"":[""cá"",""me chua"",""cà chua"",""rau thơm""],""options"":[""cá (nhiều/ít)"",""me (nhiều/ít)"",""rau (nhiều/ít/không)"",""cà chua (thêm/bớt)""],""suitable_for"":[""weak_stomach"",""hot_weather""],""avoid_for"":[""gout"",""gastritis""]}","{""good_for"":[""weak_stomach"",""hot_weather""],""bad_for"":[""gout"",""gastritis""]}","{""morning"":true,""noon"":true,""evening"":true,""midnight"":false,""hot_weather"":true,""cold_weather"":false,""rainy"":true,""sunny_strong"":true,""pre_work"":false,""post_work"":true,""post_workout"":false,""light_meal"":true,""want_hot_food"":true,""want_cold_food"":false,""in_a_hurry"":false,""on_the_go"":false,""with_friends"":true,""need_relax"":true,""portable"":false,""short_lunch_break"":false}",
29,chả giò,đồ ăn,"bánh tráng, thịt băm, miến, rau củ","thịt (nhiều/ít), rau củ (nhiều/ít/không), miến (nhiều/ít), nước chấm (cay/không cay)","{""thịt"": [""nhiều"", ""ít""], ""rau_củ"": [""nhiều"", ""ít"", ""không""], ""miến"": [""nhiều"", ""ít""], ""nước_chấm"": [""cay"", ""không cay""]}","Chả giò là món chiên giòn béo, đậm vị. Không phù hợp người béo phì, cao huyết áp hoặc gan nhiễm mỡ.","{""type"":""đồ ăn"",""taste"":[""fatty"",""savory""],""ingredients"":[""bánh tráng"",""thịt băm"",""miến"",""rau củ""],""options"":[""thịt (nhiều/ít)"",""rau củ (nhiều/ít/không)"",""miến (nhiều/ít)"",""nước chấm (cay/không cay)""],""suitable_for"":[],""avoid_for"":[""obesity"",""high_blood_pressure"",""fatty_liver""]}","{""good_for"":[],""bad_for"":[""obesity"",""high_blood_pressure"",""fatty_liver""]}","{""morning"":false,""noon"":true,""evening"":true,""midnight"":false,""hot_weather"":false,""cold_weather"":true,""rainy"":false,""sunny_strong"":false,""pre_work"":false,""post_work"":true,""post_workout"":false,""light_meal"":false,""want_hot_food"":true,""want_cold_food"":false,""in_a_hurry"":false,""on_the_go"":false,""with_friends"":true,""need_relax"":false,""portable"":false,""short_lunch_break"":false}",
30,gà luộc,đồ ăn,"gà ta, muối, lá chanh","gà (nhiều/ít), lá chanh (nhiều/ít/không), muối (nhiều/ít/không)","{""gà"": [""nhiều"", ""ít""], ""lá_chanh"": [""nhiều"", ""ít"", ""không""], ""muối"": [""nhiều"", ""ít"", ""không""]}","Gà luộc là món ít dầu mỡ, đạm cao và dễ ăn. Không phù hợp người cao huyết áp nếu chấm muối mặn.","{""type"":""đồ ăn"",""taste"":[""savory""],""ingredients"":[""gà ta"",""muối"",""lá chanh""],""options"":[""gà (nhiều/ít)"",""lá chanh (nhiều/ít/không)"",""muối (nhiều/ít/không)""],""suitable_for"":[""high_protein"",""light_meal""],""avoid_for"":[""high_blood_pressure""]}","{""good_for"":[""high_protein"",""light_meal""],""bad_for"":[""high_blood_pressure""]}","{""morning"":true,""noon"":true,""evening"":true,""midnight"":false,""hot_weather"":true,""cold_weather"":true,""rainy"":false,""sunny_strong"":false,""pre_work"":true,""post_work"":true,""post_workout"":true,""light_meal"":true,""want_hot_food"":true,""want_cold_food"":false,""in_a_hurry"":true,""on_the_go"":true,""with_friends"":true,""need_relax"":false,""portable"":true,""short_lunch_break"":true}",
31,bánh khọt,đồ ăn,"bột gạo, tôm, thịt, rau sống","tôm (nhiều/ít), thịt (nhiều/ít), rau (nhiều/ít/không), nước chấm (cay/không cay)","{""tôm"": [""nhiều"", ""ít""], ""thịt"": [""nhiều"", ""ít""], ""rau"": [""nhiều"", ""ít"", ""không""], ""nước_chấm"": [""cay"", ""không cay""]}","Bánh khọt là món chiên giòn, béo và đậm vị, thường ăn kèm rau sống giúp cân bằng. Không phù hợp người béo phì, cao huyết áp hoặc gan nhiễm mỡ.","{""type"":""đồ ăn"",""taste"":[""savory"",""fatty""],""ingredients"":[""bột gạo"",""tôm"",""thịt"",""rau sống""],""options"":[""tôm (nhiều/ít)"",""thịt (nhiều/ít)"",""rau (nhiều/ít/không)"",""nước chấm (cay/không cay)""],""suitable_for"":[],""avoid_for"":[""obesity"",""high_blood_pressure"",""fatty_liver""]}","{""good_for"":[],""bad_for"":[""obesity"",""high_blood_pressure"",""fatty_liver""]}","{""morning"":false,""noon"":true,""evening"":true,""midnight"":false,""hot_weather"":false,""cold_weather"":true,""rainy"":false,""sunny_strong"":false,""pre_work"":false,""post_work"":true,""post_workout"":false,""light_meal"":false,""want_hot_food"":true,""want_cold_food"":false,""in_a_hurry"":false,""on_the_go"":false,""with_friends"":true,""need_relax"":false,""portable"":false,""short_lunch_break"":false}",
32,trà chanh,thức uống,"trà xanh, chanh, đường, đá","đá (nhiều/ít/không), đường (nhiều/ít/không)","{""đá"": [""nhiều"", ""ít"", ""không""], ""đường"": [""nhiều"", ""ít"", ""không""]}","Trà chanh là thức uống thanh mát, chua nhẹ, giúp tỉnh táo và giải nhiệt. Không phù hợp người đau dạ dày do độ chua cao.","{""type"":""thức uống"",""taste"":[""sour"",""sweet"",""fresh""],""ingredients"":[""trà xanh"",""chanh"",""đường"",""đá""],""options"":[""đá (nhiều/ít/không)"",""đường (nhiều/ít/không)""],""suitable_for"":[""hot_weather"",""refresh""],""avoid_for"":[""gastritis"",""weak_stomach""]}","{""good_for"":[""hot_weather"",""refresh""],""bad_for"":[""gastritis"",""weak_stomach""]}","{""morning"":true,""noon"":true,""evening"":true,""midnight"":false,""hot_weather"":true,""cold_weather"":false,""rainy"":false,""sunny_strong"":true,""pre_work"":true,""post_work"":true,""post_workout"":true,""light_meal"":true,""want_hot_food"":false,""want_cold_food"":true,""in_a_hurry"":true,""on_the_go"":true,""with_friends"":true,""need_relax"":false,""portable"":true,""short_lunch_break"":true}",
33,nước sâm,thức uống,"thảo mộc, đường, đá","đá (nhiều/ít/không), đường (nhiều/ít/không)","{""đá"": [""nhiều"", ""ít"", ""không""], ""đường"": [""nhiều"", ""ít"", ""không""]}","Nước sâm là thức uống mát gan, giải nhiệt. Không phù hợp người tiểu đường do lượng đường cao.","{""type"":""thức uống"",""taste"":[""sweet"",""herbal""],""ingredients"":[""thảo mộc"",""đường"",""đá""],""options"":[""đá (nhiều/ít/không)"",""đường (nhiều/ít/không)""],""suitable_for"":[""hot_weather"",""cooling""],""avoid_for"":[""diabetes""]}","{""good_for"":[""hot_weather"",""cooling""],""bad_for"":[""diabetes""]}","{""morning"":true,""noon"":true,""evening"":true,""midnight"":false,""hot_weather"":true,""cold_weather"":false,""rainy"":false,""sunny_strong"":true,""pre_work"":false,""post_work"":true,""post_workout"":true,""light_meal"":false,""want_hot_food"":false,""want_cold_food"":true,""in_a_hurry"":true,""on_the_go"":true,""with_friends"":true,""need_relax"":false,""portable"":true,""short_lunch_break"":true}",
34,nước rau má,thức uống,"rau má, đường, đá","đá (nhiều/ít/không), đường (nhiều/ít/không)","{""đá"": [""nhiều"", ""ít"", ""không""], ""đường"": [""nhiều"", ""ít"", ""không""]}","Nước rau má có tính mát, hỗ trợ giải nhiệt và thanh lọc. Không phù hợp người tiêu chảy do tác dụng mát mạnh.","{""type"":""thức uống"",""taste"":[""fresh"",""sweet""],""ingredients"":[""rau má"",""đường"",""đá""],""options"":[""đá (nhiều/ít/không)"",""đường (nhiều/ít/không)""],""suitable_for"":[""hot_weather"",""cooling""],""avoid_for"":[""diarrhea"",""weak_digestive_system""]}","{""good_for"":[""hot_weather"",""cooling""],""bad_for"":[""diarrhea"",""weak_digestive_system""]}","{""morning"":true,""noon"":true,""evening"":true,""midnight"":false,""hot_weather"":true,""cold_weather"":false,""rainy"":false,""sunny_strong"":true,""pre_work"":false,""post_work"":true,""post_workout"":true,""light_meal"":true,""want_hot_food"":false,""want_cold_food"":true,""in_a_hurry"":true,""on_the_go"":true,""with_friends"":true,""need_relax"":false,""portable"":true,""short_lunch_break"":true}",
35,trà atiso,thức uống,"hoa atiso, đường, đá","đá (nhiều/ít/không), đường (nhiều/ít/không), trà atiso (nhiều/ít)","{""đá"": [""nhiều"", ""ít"", ""không""], ""đường"": [""nhiều"", ""ít"", ""không""], ""trà_atiso"": [""nhiều"", ""ít""]}","Trà atiso giúp mát gan, lợi tiểu và thanh lọc cơ thể. Không phù hợp người huyết áp thấp vì có thể gây choáng nhẹ.","{""type"":""thức uống"",""taste"":[""herbal"",""sweet""],""ingredients"":[""hoa atiso"",""đường"",""đá""],""options"":[""đá (nhiều/ít/không)"",""đường (nhiều/ít/không)"",""trà atiso (nhiều/ít)""],""suitable_for"":[""cooling"",""liver_support""],""avoid_for"":[""low_blood_pressure""]}","{""good_for"":[""cooling"",""liver_support""],""bad_for"":[""low_blood_pressure""]}","{""morning"":true,""noon"":true,""evening"":true,""midnight"":false,""hot_weather"":true,""cold_weather"":false,""rainy"":false,""sunny_strong"":true,""pre_work"":false,""post_work"":true,""post_workout"":true,""light_meal"":true,""want_hot_food"":false,""want_cold_food"":true,""in_a_hurry"":true,""on_the_go"":true,""with_friends"":true,""need_relax"":false,""portable"":true,""short_lunch_break"":true}",
36,chè khúc bạch,đồ ăn,"khúc bạch, sữa, nhãn, đá","đá (nhiều/ít/không), đường (nhiều/ít), sữa (nhiều/ít), khúc bạch (nhiều/ít), nhãn (nhiều/ít)","{""đá"": [""nhiều"", ""ít"", ""không""], ""đường"": [""nhiều"", ""ít""], ""sữa"": [""nhiều"", ""ít""], ""khúc_bạch"": [""nhiều"", ""ít""], ""nhãn"": [""nhiều"", ""ít""]}","Chè khúc bạch là món tráng miệng béo nhẹ, ngọt và mát lạnh. Không phù hợp người tiểu đường hoặc béo phì.","{""type"":""đồ ăn"",""taste"":[""sweet"",""fruity"",""fatty""],""ingredients"":[""khúc bạch"",""sữa"",""nhãn"",""đá""],""options"":[""đá (nhiều/ít/không)"",""đường (nhiều/ít)"",""sữa (nhiều/ít)"",""khúc bạch (nhiều/ít)"",""nhãn (nhiều/ít)""],""suitable_for"":[""hot_weather""],""avoid_for"":[""diabetes"",""obesity""]}","{""good_for"":[""hot_weather""],""bad_for"":[""diabetes"",""obesity""]}","{""morning"":false,""noon"":true,""evening"":true,""midnight"":false,""hot_weather"":true,""cold_weather"":false,""rainy"":false,""sunny_strong"":true,""pre_work"":false,""post_work"":true,""post_workout"":false,""light_meal"":false,""want_hot_food"":false,""want_cold_food"":true,""in_a_hurry"":false,""on_the_go"":false,""with_friends"":true,""need_relax"":false,""portable"":false,""short_lunch_break"":false}",
37,nước nha đam,thức uống,"nha đam, đường, đá","đá (nhiều/ít/không), đường (nhiều/ít)","{""đá"": [""nhiều"", ""ít"", ""không""], ""đường"": [""nhiều"", ""ít""]}","Nước nha đam thanh mát, hỗ trợ đẹp da và giải nhiệt. Không phù hợp người tiểu đường nếu dùng nhiều đường.","{""type"":""thức uống"",""taste"":[""sweet"",""fresh""],""ingredients"":[""nha đam"",""đường"",""đá""],""options"":[""đá (nhiều/ít/không)"",""đường (nhiều/ít)""],""suitable_for"":[""hot_weather"",""skin_health""],""avoid_for"":[""diabetes""]}","{""good_for"":[""hot_weather"",""skin_health""],""bad_for"":[""diabetes""]}","{""morning"":true,""noon"":true,""evening"":true,""midnight"":false,""hot_weather"":true,""cold_weather"":false,""rainy"":false,""sunny_strong"":true,""pre_work"":false,""post_work"":true,""post_workout"":true,""light_meal"":true,""want_hot_food"":false,""want_cold_food"":true,""in_a_hurry"":true,""on_the_go"":true,""with_friends"":true,""need_relax"":false,""portable"":true,""short_lunch_break"":true}",
38,sinh tố dừa,thức uống,"cơm dừa, sữa đặc, đường, đá","sữa đặc (nhiều/ít), đá (nhiều/ít), đường (nhiều/ít/không), cơm dừa (nhiều/ít)","{""sữa_đặc"": [""nhiều"", ""ít""], ""đá"": [""nhiều"", ""ít""], ""đường"": [""nhiều"", ""ít"", ""không""], ""cơm_dừa"": [""nhiều"", ""ít""]}","Sinh tố dừa béo ngọt, thơm và giàu năng lượng. Không phù hợp người béo phì, gan nhiễm mỡ hoặc tiểu đường.","{""type"":""thức uống"",""taste"":[""sweet"",""fatty""],""ingredients"":[""cơm dừa"",""sữa đặc"",""đường"",""đá""],""options"":[""sữa đặc (nhiều/ít)"",""đá (nhiều/ít)"",""đường (nhiều/ít/không)"",""cơm dừa (nhiều/ít)""],""suitable_for"":[],""avoid_for"":[""diabetes"",""obesity"",""fatty_liver""]}","{""good_for"":[],""bad_for"":[""diabetes"",""obesity"",""fatty_liver""]}","{""morning"":false,""noon"":true,""evening"":true,""midnight"":false,""hot_weather"":false,""cold_weather"":true,""rainy"":false,""sunny_strong"":false,""pre_work"":false,""post_work"":true,""post_workout"":false,""light_meal"":false,""want_hot_food"":false,""want_cold_food"":true,""in_a_hurry"":false,""on_the_go"":false,""with_friends"":true,""need_relax"":true,""portable"":false,""short_lunch_break"":false}",
39,latte khoai môn dừa,thức uống,"sữa dừa, sữa tươi không đường, syrup đường, kem muối, bột khoai môn, đá","syrup (ít/nhiều), đá (ít/nhiều/không), sữa (ít/nhiều)","{""syrup"": [""ít"", ""nhiều""], ""đá"": [""ít"", ""nhiều"", ""không""], ""sữa"": [""ít"", ""nhiều""]}","Latte khoai môn dừa béo thơm, ngọt nhẹ và giàu năng lượng. Không phù hợp người béo phì hoặc tiểu đường.","{""type"":""thức uống"",""taste"":[""sweet"",""fatty"",""creamy""],""ingredients"":[""sữa dừa"",""sữa tươi không đường"",""syrup đường"",""kem muối"",""bột khoai môn"",""đá""],""options"":[""syrup (ít/nhiều)"",""đá (ít/nhiều/không)"",""sữa (ít/nhiều)""],""suitable_for"":[],""avoid_for"":[""diabetes"",""obesity"",""fatty_liver""]}","{""good_for"":[],""bad_for"":[""diabetes"",""obesity"",""fatty_liver""]}","{""morning"":false,""noon"":true,""evening"":true,""midnight"":false,""hot_weather"":false,""cold_weather"":true,""rainy"":false,""sunny_strong"":false,""pre_work"":false,""post_work"":true,""post_workout"":false,""light_meal"":false,""want_hot_food"":false,""want_cold_food"":true,""in_a_hurry"":false,""on_the_go"":false,""with_friends"":true,""need_relax"":true,""portable"":false,""short_lunch_break"":false}",
40,bún chả,đồ ăn,"bún, chả nướng, thịt nướng, rau sống, nước mắm","chả (nhiều/ít), thịt (nhiều/ít), rau (nhiều/ít/không), nước mắm (cay/không cay), ớt (nhiều/ít/không)","{""chả"": [""nhiều"", ""ít""], ""thịt"": [""nhiều"", ""ít""], ""rau"": [""nhiều"", ""ít"", ""không""], ""nước_mắm"": [""cay"", ""không cay""], ""ớt"": [""nhiều"", ""ít"", ""không""]}","Bún chả là món nướng đậm vị, ăn kèm nước mắm pha chua ngọt. Không phù hợp người cao huyết áp hoặc dạ dày yếu do vị mặn và cay.","{""type"":""đồ ăn"",""taste"":[""savory"",""salty"",""smoky""],""ingredients"":[""bún"",""chả nướng"",""thịt nướng"",""rau sống"",""nước mắm""],""options"":[""chả (nhiều/ít)"",""thịt (nhiều/ít)"",""rau (nhiều/ít/không)"",""nước mắm (cay/không cay)"",""ớt (nhiều/ít/không)""],""suitable_for"":[""with_friends""],""avoid_for"":[""high_blood_pressure"",""gastritis"",""weak_stomach""]}","{""good_for"":[""with_friends""],""bad_for"":[""high_blood_pressure"",""gastritis"",""weak_stomach""]}","{""morning"":false,""noon"":true,""evening"":true,""midnight"":false,""hot_weather"":false,""cold_weather"":true,""rainy"":false,""sunny_strong"":false,""pre_work"":false,""post_work"":true,""post_workout"":false,""light_meal"":false,""want_hot_food"":true,""want_cold_food"":false,""in_a_hurry"":false,""on_the_go"":false,""with_friends"":true,""need_relax"":false,""portable"":false,""short_lunch_break"":false}",
41,cơm chiên dương châu,đồ ăn,"cơm chiên, trứng, lạp xưởng, tôm, cà rốt, đậu hà lan","trứng (nhiều/ít), lạp xưởng (nhiều/ít), tôm (nhiều/ít), rau củ (nhiều/ít/không), nước mắm (cay/không cay)","{""trứng"": [""nhiều"", ""ít""], ""lạp_xưởng"": [""nhiều"", ""ít""], ""tôm"": [""nhiều"", ""ít""], ""rau_củ"": [""nhiều"", ""ít"", ""không""], ""nước_mắm"": [""cay"", ""không cay""]}","Cơm chiên Dương Châu là món chiên thơm béo, nhiều đạm và tinh bột. Không phù hợp người béo phì, cao huyết áp hoặc gan nhiễm mỡ.","{""type"":""đồ ăn"",""taste"":[""savory"",""fatty""],""ingredients"":[""cơm chiên"",""trứng"",""lạp xưởng"",""tôm"",""cà rốt"",""đậu hà lan""],""options"":[""trứng (nhiều/ít)"",""lạp xưởng (nhiều/ít)"",""tôm (nhiều/ít)"",""rau củ (nhiều/ít/không)"",""nước mắm (cay/không cay)""],""suitable_for"":[""high_energy""],""avoid_for"":[""obesity"",""high_blood_pressure"",""fatty_liver""]}","{""good_for"":[""high_energy""],""bad_for"":[""obesity"",""high_blood_pressure"",""fatty_liver""]}","{""morning"":false,""noon"":true,""evening"":true,""midnight"":false,""hot_weather"":false,""cold_weather"":true,""rainy"":false,""sunny_strong"":false,""pre_work"":false,""post_work"":true,""post_workout"":false,""light_meal"":false,""want_hot_food"":true,""want_cold_food"":false,""in_a_hurry"":false,""on_the_go"":false,""with_friends"":true,""need_relax"":false,""portable"":false,""short_lunch_break"":false}",
42,cơm rang thập cẩm,đồ ăn,"cơm rang, trứng, xúc xích, lạp xưởng, tôm, rau củ","trứng (nhiều/ít), xúc xích (nhiều/ít), lạp xưởng (nhiều/ít), tôm (nhiều/ít), rau củ (nhiều/ít), nước mắm (cay/không cay)","{""trứng"": [""nhiều"", ""ít""], ""xúc_xích"": [""nhiều"", ""ít""], ""lạp_xưởng"": [""nhiều"", ""ít""], ""tôm"": [""nhiều"", ""ít""], ""rau_củ"": [""nhiều"", ""ít""], ""nước_mắm"": [""cay"", ""không cay""]}","Cơm rang thập cẩm giàu đạm và chất béo, mùi thơm đậm. Không phù hợp người béo phì hoặc cao huyết áp.","{""type"":""đồ ăn"",""taste"":[""savory"",""fatty""],""ingredients"":[""cơm rang"",""trứng"",""xúc xích"",""lạp xưởng"",""tôm"",""rau củ""],""options"":[""trứng (nhiều/ít)"",""xúc xích (nhiều/ít)"",""lạp xưởng (nhiều/ít)"",""tôm (nhiều/ít)"",""rau củ (nhiều/ít)"",""nước mắm (cay/không cay)""],""suitable_for"":[""high_energy""],""avoid_for"":[""obesity"",""high_blood_pressure"",""fatty_liver""]}","{""good_for"":[""high_energy""],""bad_for"":[""obesity"",""high_blood_pressure"",""fatty_liver""]}","{""morning"":false,""noon"":true,""evening"":true,""midnight"":false,""hot_weather"":false,""cold_weather"":true,""rainy"":false,""sunny_strong"":false,""pre_work"":false,""post_work"":true,""post_workout"":false,""light_meal"":false,""want_hot_food"":true,""want_cold_food"":false,""in_a_hurry"":false,""on_the_go"":false,""with_friends"":true,""need_relax"":false,""portable"":false,""short_lunch_break"":false}",
43,cơm niêu,đồ ăn,"cơm, thịt, rau","thịt (nhiều/ít), rau (nhiều/ít), cơm (nhiều/ít)","{""thịt"": [""nhiều"", ""ít""], ""rau"": [""nhiều"", ""ít""], ""cơm"": [""nhiều"", ""ít""]}","Cơm niêu là món cơm nấu truyền thống, thơm và đậm vị. Phù hợp bữa chính đủ chất; không phù hợp người béo phì nếu dùng quá nhiều cơm hoặc thịt mỡ.","{""type"":""đồ ăn"",""taste"":[""savory""],""ingredients"":[""cơm"",""thịt"",""rau""],""options"":[""thịt (nhiều/ít)"",""rau (nhiều/ít)"",""cơm (nhiều/ít)""],""suitable_for"":[""balanced_meal""],""avoid_for"":[""obesity""]}","{""good_for"":[""balanced_meal""],""bad_for"":[""obesity""]}","{""morning"":false,""noon"":true,""evening"":true,""midnight"":false,""hot_weather"":true,""cold_weather"":true,""rainy"":false,""sunny_strong"":false,""pre_work"":false,""post_work"":true,""post_workout"":false,""light_meal"":false,""want_hot_food"":true,""want_cold_food"":false,""in_a_hurry"":false,""on_the_go"":false,""with_friends"":true,""need_relax"":false,""portable"":false,""short_lunch_break"":false}",
44,cơm chiên kim chi,đồ ăn,"cơm chiên, kim chi, trứng, rau","kim chi (nhiều/ít), trứng (nhiều/ít), rau (nhiều/ít), cơm (nhiều/ít)","{""kim_chi"": [""nhiều"", ""ít""], ""trứng"": [""nhiều"", ""ít""], ""rau"": [""nhiều"", ""ít""], ""cơm"": [""nhiều"", ""ít""]}","Cơm chiên kim chi cay nhẹ, đậm vị và giàu năng lượng. Không phù hợp người đau dạ dày hoặc viêm đại tràng.","{""type"":""đồ ăn"",""taste"":[""spicy"",""savory"",""umami""],""ingredients"":[""cơm chiên"",""kim chi"",""trứng"",""rau""],""options"":[""kim chi (nhiều/ít)"",""trứng (nhiều/ít)"",""rau (nhiều/ít)"",""cơm (nhiều/ít)""],""suitable_for"":[""high_energy""],""avoid_for"":[""gastritis"",""colitis"",""weak_stomach""]}","{""good_for"":[""high_energy""],""bad_for"":[""gastritis"",""colitis"",""weak_stomach""]}","{""morning"":false,""noon"":true,""evening"":true,""midnight"":false,""hot_weather"":false,""cold_weather"":true,""rainy"":false,""sunny_strong"":false,""pre_work"":false,""post_work"":true,""post_workout"":false,""light_meal"":false,""want_hot_food"":true,""want_cold_food"":false,""in_a_hurry"":false,""on_the_go"":false,""with_friends"":true,""need_relax"":false,""portable"":false,""short_lunch_break"":false}",
45,cơm chiên tôm,đồ ăn,"cơm chiên, tôm, trứng, rau","tôm (nhiều/ít), trứng (nhiều/ít), rau (nhiều/ít), cơm (nhiều/ít)","{""tôm"": [""nhiều"", ""ít""], ""trứng"": [""nhiều"", ""ít""], ""rau"": [""nhiều"", ""ít""], ""cơm"": [""nhiều"", ""ít""]}","Cơm chiên tôm đậm đà, giàu đạm, phù hợp bữa chính. Không phù hợp người có gout do tôm chứa purine.","{""type"":""đồ ăn"",""taste"":[""savory"",""umami""],""ingredients"":[""cơm chiên"",""tôm"",""trứng"",""rau""],""options"":[""tôm (nhiều/ít)"",""trứng (nhiều/ít)"",""rau (nhiều/ít)"",""cơm (nhiều/ít)""],""suitable_for"":[""high_protein""],""avoid_for"":[""gout""]}","{""good_for"":[""high_protein""],""bad_for"":[""gout""]}","{""morning"":false,""noon"":true,""evening"":true,""midnight"":false,""hot_weather"":false,""cold_weather"":true,""rainy"":false,""sunny_strong"":false,""pre_work"":false,""post_work"":true,""post_workout"":true,""light_meal"":false,""want_hot_food"":true,""want_cold_food"":false,""in_a_hurry"":false,""on_the_go"":false,""with_friends"":true,""need_relax"":false,""portable"":false,""short_lunch_break"":false}",
46,cơm chiên bò,đồ ăn,"cơm chiên, thịt bò, trứng, rau","thịt bò (nhiều/ít), trứng (nhiều/ít), rau (nhiều/ít), cơm (nhiều/ít)","{""thịt_bò"": [""nhiều"", ""ít""], ""trứng"": [""nhiều"", ""ít""], ""rau"": [""nhiều"", ""ít""], ""cơm"": [""nhiều"", ""ít""]}",Cơm chiên bò là món giàu đạm và năng lượng. Không phù hợp người cholesterol cao hoặc huyết áp cao.,"{""type"":""đồ ăn"",""taste"":[""savory"",""umami""],""ingredients"":[""cơm chiên"",""thịt bò"",""trứng"",""rau""],""options"":[""thịt bò (nhiều/ít)"",""trứng (nhiều/ít)"",""rau (nhiều/ít)"",""cơm (nhiều/ít)""],""suitable_for"":[""high_protein""],""avoid_for"":[""high_cholesterol"",""high_blood_pressure""]}","{""good_for"":[""high_protein""],""bad_for"":[""high_cholesterol"",""high_blood_pressure""]}","{""morning"":false,""noon"":true,""evening"":true,""midnight"":false,""hot_weather"":false,""cold_weather"":true,""rainy"":false,""sunny_strong"":false,""pre_work"":false,""post_work"":true,""post_workout"":true,""light_meal"":false,""want_hot_food"":true,""want_cold_food"":false,""in_a_hurry"":false,""on_the_go"":false,""with_friends"":true,""need_relax"":false,""portable"":false,""short_lunch_break"":false}",
47,cơm chiên gà,đồ ăn,"cơm chiên, thịt gà, trứng, rau","thịt gà (nhiều/ít), trứng (nhiều/ít), rau (nhiều/ít), cơm (nhiều/ít)","{""thịt_gà"": [""nhiều"", ""ít""], ""trứng"": [""nhiều"", ""ít""], ""rau"": [""nhiều"", ""ít""], ""cơm"": [""nhiều"", ""ít""]}","Cơm chiên gà là món đậm vị, giàu năng lượng, dễ ăn. Không phù hợp người béo phì nếu dùng nhiều dầu mỡ.","{""type"":""đồ ăn"",""taste"":[""savory"",""umami""],""ingredients"":[""cơm chiên"",""thịt gà"",""trứng"",""rau""],""options"":[""thịt gà (nhiều/ít)"",""trứng (nhiều/ít)"",""rau (nhiều/ít)"",""cơm (nhiều/ít)""],""suitable_for"":[""high_energy""],""avoid_for"":[""obesity""]}","{""good_for"":[""high_energy""],""bad_for"":[""obesity""]}","{""morning"":false,""noon"":true,""evening"":true,""midnight"":false,""hot_weather"":false,""cold_weather"":true,""rainy"":false,""sunny_strong"":false,""pre_work"":false,""post_work"":true,""post_workout"":true,""light_meal"":false,""want_hot_food"":true,""want_cold_food"":false,""in_a_hurry"":false,""on_the_go"":false,""with_friends"":true,""need_relax"":false,""portable"":false,""short_lunch_break"":false}",
48,cơm chiên chay,đồ ăn,"cơm chiên, rau củ, đậu hũ","rau củ (nhiều/ít), đậu hũ (nhiều/ít), cơm (nhiều/ít)","{""rau_củ"": [""nhiều"", ""ít""], ""đậu_hũ"": [""nhiều"", ""ít""], ""cơm"": [""nhiều"", ""ít""]}","Cơm chiên chay thanh đạm hơn, ít chất béo hơn so với cơm chiên mặn. Phù hợp người ăn kiêng hoặc cần bữa nhẹ.","{""type"":""đồ ăn"",""taste"":[""light"",""savory""],""ingredients"":[""cơm chiên"",""rau củ"",""đậu hũ""],""options"":[""rau củ (nhiều/ít)"",""đậu hũ (nhiều/ít)"",""cơm (nhiều/ít)""],""suitable_for"":[""diet"",""light_meal""],""avoid_for"":[] }","{""good_for"":[""diet"",""light_meal""],""bad_for"":[]}","{""morning"":false,""noon"":true,""evening"":true,""midnight"":false,""hot_weather"":true,""cold_weather"":true,""rainy"":false,""sunny_strong"":false,""pre_work"":false,""post_work"":true,""post_workout"":true,""light_meal"":true,""want_hot_food"":true,""want_cold_food"":false,""in_a_hurry"":false,""on_the_go"":false,""with_friends"":true,""need_relax"":false,""portable"":false,""short_lunch_break"":false}",
49,cơm gà hội an,đồ ăn,"cơm, gà xé, rau răm, hành","gà (nhiều/ít), rau răm (nhiều/ít), hành (nhiều/ít)","{""gà"": [""nhiều"", ""ít""], ""rau_răm"": [""nhiều"", ""ít""], ""hành"": [""nhiều"", ""ít""]}","Cơm gà Hội An nhẹ nhàng, ít dầu mỡ, phù hợp nhiều đối tượng. Không phù hợp người dị ứng gia vị mạnh (rau răm).","{""type"":""đồ ăn"",""taste"":[""savory"",""light""],""ingredients"":[""cơm"",""gà xé"",""rau răm"",""hành""],""options"":[""gà (nhiều/ít)"",""rau răm (nhiều/ít)"",""hành (nhiều/ít)""],""suitable_for"":[""light_meal""],""avoid_for"":[""herb_allergy""]}","{""good_for"":[""light_meal""],""bad_for"":[""herb_allergy""]}","{""morning"":true,""noon"":true,""evening"":true,""midnight"":false,""hot_weather"":true,""cold_weather"":true,""rainy"":false,""sunny_strong"":false,""pre_work"":true,""post_work"":true,""post_workout"":true,""light_meal"":true,""want_hot_food"":true,""want_cold_food"":false,""in_a_hurry"":true,""on_the_go"":true,""with_friends"":true,""need_relax"":false,""portable"":true,""short_lunch_break"":true}",
50,cơm hến,đồ ăn,"cơm, hến, mắm ruốc, rau","hến (nhiều/ít), rau (nhiều/ít), mắm ruốc (nhiều/ít)","{""hến"": [""nhiều"", ""ít""], ""rau"": [""nhiều"", ""ít""], ""mắm_ruốc"": [""nhiều"", ""ít""]}","Cơm hến là món đậm vị, mặn và có mùi mạnh. Không phù hợp người cao huyết áp hoặc gout.","{""type"":""đồ ăn"",""taste"":[""salty"",""umami"",""fermented""],""ingredients"":[""cơm"",""hến"",""mắm ruốc"",""rau""],""options"":[""hến (nhiều/ít)"",""rau (nhiều/ít)"",""mắm ruốc (nhiều/ít)""],""suitable_for"":[""high_energy""],""avoid_for"":[""high_blood_pressure"",""gout""]}","{""good_for"":[""high_energy""],""bad_for"":[""high_blood_pressure"",""gout""]}","{""morning"":false,""noon"":true,""evening"":true,""midnight"":false,""hot_weather"":false,""cold_weather"":true,""rainy"":false,""sunny_strong"":false,""pre_work"":false,""post_work"":true,""post_workout"":false,""light_meal"":false,""want_hot_food"":true,""want_cold_food"":false,""in_a_hurry"":false,""on_the_go"":false,""with_friends"":true,""need_relax"":false,""portable"":false,""short_lunch_break"":false}",
51,cơm lam,đồ ăn,"gạo nếp, ống tre, muối mè",muối mè (nhiều/ít),"{""muối_mè"": [""nhiều"", ""ít""]}","Cơm lam là món nếp truyền thống thơm nhẹ, ít dầu mỡ và dễ ăn. Không phù hợp người tiểu đường do hàm lượng tinh bột cao.","{""type"":""đồ ăn"",""taste"":[""light"",""savory""],""ingredients"":[""gạo nếp"",""ống tre"",""muối mè""],""options"":[""muối mè (nhiều/ít)""],""suitable_for"":[""light_meal""],""avoid_for"":[""diabetes""]}","{""good_for"":[""light_meal""],""bad_for"":[""diabetes""]}","{""morning"":true,""noon"":true,""evening"":true,""midnight"":false,""hot_weather"":true,""cold_weather"":true,""rainy"":false,""sunny_strong"":false,""pre_work"":false,""post_work"":false,""post_workout"":false,""light_meal"":true,""want_hot_food"":true,""want_cold_food"":false,""in_a_hurry"":false,""on_the_go"":false,""with_friends"":true,""need_relax"":false,""portable"":true,""short_lunch_break"":true}",
52,cơm chiên cà ri,đồ ăn,"cơm chiên, bột cà ri, thịt/tôm, rau","cà ri (nhiều/ít), thịt/tôm (nhiều/ít), rau (nhiều/ít), cơm (nhiều/ít)","{""cà_ri"": [""nhiều"", ""ít""], ""thịt_tôm"": [""nhiều"", ""ít""], ""rau"": [""nhiều"", ""ít""], ""cơm"": [""nhiều"", ""ít""]}","Cơm chiên cà ri cay thơm, giàu năng lượng. Không phù hợp người đau dạ dày hoặc viêm đại tràng do cay và nhiều dầu mỡ.","{""type"":""đồ ăn"",""taste"":[""spicy"",""savory"",""umami""],""ingredients"":[""cơm chiên"",""bột cà ri"",""thịt/tôm"",""rau""],""options"":[""cà ri (nhiều/ít)"",""thịt/tôm (nhiều/ít)"",""rau (nhiều/ít)"",""cơm (nhiều/ít)""],""suitable_for"":[""high_energy""],""avoid_for"":[""gastritis"",""colitis"",""weak_stomach""]}","{""good_for"":[""high_energy""],""bad_for"":[""gastritis"",""colitis"",""weak_stomach""]}","{""morning"":false,""noon"":true,""evening"":true,""midnight"":false,""hot_weather"":false,""cold_weather"":true,""rainy"":false,""sunny_strong"":false,""pre_work"":false,""post_work"":true,""post_workout"":false,""light_meal"":false,""want_hot_food"":true,""want_cold_food"":false,""in_a_hurry"":false,""on_the_go"":false,""with_friends"":true,""need_relax"":false,""portable"":false,""short_lunch_break"":false}",
53,cơm chiên cua,đồ ăn,"cơm chiên, thịt cua, trứng, rau","cua (nhiều/ít), trứng (nhiều/ít), rau (nhiều/ít), cơm (nhiều/ít)","{""cua"": [""nhiều"", ""ít""], ""trứng"": [""nhiều"", ""ít""], ""rau"": [""nhiều"", ""ít""], ""cơm"": [""nhiều"", ""ít""]}","Cơm chiên cua thơm ngọt tự nhiên, giàu đạm. Không phù hợp người gout do hàm lượng purine cao.","{""type"":""đồ ăn"",""taste"":[""savory"",""umami""],""ingredients"":[""cơm chiên"",""thịt cua"",""trứng"",""rau""],""options"":[""cua (nhiều/ít)"",""trứng (nhiều/ít)"",""rau (nhiều/ít)"",""cơm (nhiều/ít)""],""suitable_for"":[""high_protein""],""avoid_for"":[""gout""]}","{""good_for"":[""high_protein""],""bad_for"":[""gout""]}","{""morning"":false,""noon"":true,""evening"":true,""midnight"":false,""hot_weather"":false,""cold_weather"":true,""rainy"":false,""sunny_strong"":false,""pre_work"":false,""post_work"":true,""post_workout"":true,""light_meal"":false,""want_hot_food"":true,""want_cold_food"":false,""in_a_hurry"":false,""on_the_go"":false,""with_friends"":true,""need_relax"":false,""portable"":false,""short_lunch_break"":false}",
54,cơm chiên mắm tôm,đồ ăn,"cơm chiên, mắm tôm, trứng, rau","mắm tôm (nhiều/ít), trứng (nhiều/ít), rau (nhiều/ít), cơm (nhiều/ít)","{""mắm_tôm"": [""nhiều"", ""ít""], ""trứng"": [""nhiều"", ""ít""], ""rau"": [""nhiều"", ""ít""], ""cơm"": [""nhiều"", ""ít""]}","Cơm chiên mắm tôm đậm vị, mặn và có mùi mạnh. Không phù hợp người cao huyết áp, dạ dày yếu hoặc viêm đại tràng.","{""type"":""đồ ăn"",""taste"":[""salty"",""fermented"",""savory""],""ingredients"":[""cơm chiên"",""mắm tôm"",""trứng"",""rau""],""options"":[""mắm tôm (nhiều/ít)"",""trứng (nhiều/ít)"",""rau (nhiều/ít)"",""cơm (nhiều/ít)""],""suitable_for"":[""strong_flavor""],""avoid_for"":[""high_blood_pressure"",""gastritis"",""colitis""]}","{""good_for"":[""strong_flavor""],""bad_for"":[""high_blood_pressure"",""gastritis"",""colitis""]}","{""morning"":false,""noon"":true,""evening"":true,""midnight"":false,""hot_weather"":false,""cold_weather"":true,""rainy"":false,""sunny_strong"":false,""pre_work"":false,""post_work"":true,""post_workout"":false,""light_meal"":false,""want_hot_food"":true,""want_cold_food"":false,""in_a_hurry"":false,""on_the_go"":false,""with_friends"":true,""need_relax"":false,""portable"":false,""short_lunch_break"":false}",
55,cơm chiên lạp xưởng,đồ ăn,"cơm chiên, lạp xưởng, trứng, rau","lạp xưởng (nhiều/ít), trứng (nhiều/ít), rau (nhiều/ít), cơm (nhiều/ít)","{""lạp_xưởng"": [""nhiều"", ""ít""], ""trứng"": [""nhiều"", ""ít""], ""rau"": [""nhiều"", ""ít""], ""cơm"": [""nhiều"", ""ít""]}","Cơm chiên lạp xưởng béo và mặn, giàu năng lượng. Không phù hợp người cao huyết áp hoặc gan nhiễm mỡ.","{""type"":""đồ ăn"",""taste"":[""savory"",""fatty""],""ingredients"":[""cơm chiên"",""lạp xưởng"",""trứng"",""rau""],""options"":[""lạp xưởng (nhiều/ít)"",""trứng (nhiều/ít)"",""rau (nhiều/ít)"",""cơm (nhiều/ít)""],""suitable_for"":[""high_energy""],""avoid_for"":[""high_blood_pressure"",""fatty_liver""]}","{""good_for"":[""high_energy""],""bad_for"":[""high_blood_pressure"",""fatty_liver""]}","{""morning"":false,""noon"":true,""evening"":true,""midnight"":false,""hot_weather"":false,""cold_weather"":true,""rainy"":false,""sunny_strong"":false,""pre_work"":false,""post_work"":true,""post_workout"":false,""light_meal"":false,""want_hot_food"":true,""want_cold_food"":false,""in_a_hurry"":false,""on_the_go"":false,""with_friends"":true,""need_relax"":false,""portable"":false,""short_lunch_break"":false}",
56,cơm rang dưa bò,đồ ăn,"cơm rang, thịt bò, dưa cải, trứng","thịt bò (nhiều/ít), dưa cải (nhiều/ít), trứng (nhiều/ít), cơm (nhiều/ít)","{""thịt_bò"": [""nhiều"", ""ít""], ""dưa_cải"": [""nhiều"", ""ít""], ""trứng"": [""nhiều"", ""ít""], ""cơm"": [""nhiều"", ""ít""]}",Cơm rang dưa bò có vị chua mặn đặc trưng từ dưa cải. Không phù hợp người cao huyết áp hoặc đau dạ dày.,"{""type"":""đồ ăn"",""taste"":[""savory"",""sour"",""umami""],""ingredients"":[""cơm rang"",""thịt bò"",""dưa cải"",""trứng""],""options"":[""thịt bò (nhiều/ít)"",""dưa cải (nhiều/ít)"",""trứng (nhiều/ít)"",""cơm (nhiều/ít)""],""suitable_for"":[""high_energy""],""avoid_for"":[""high_blood_pressure"",""gastritis""]}","{""good_for"":[""high_energy""],""bad_for"":[""high_blood_pressure"",""gastritis""]}","{""morning"":false,""noon"":true,""evening"":true,""midnight"":false,""hot_weather"":false,""cold_weather"":true,""rainy"":false,""sunny_strong"":false,""pre_work"":false,""post_work"":true,""post_workout"":false,""light_meal"":false,""want_hot_food"":true,""want_cold_food"":false,""in_a_hurry"":false,""on_the_go"":false,""with_friends"":true,""need_relax"":false,""portable"":false,""short_lunch_break"":false}",
57,cơm chiên tương,đồ ăn,"cơm chiên, tương, rau củ","tương (nhiều/ít), rau củ (nhiều/ít), cơm (nhiều/ít)","{""tương"": [""nhiều"", ""ít""], ""rau_củ"": [""nhiều"", ""ít""], ""cơm"": [""nhiều"", ""ít""]}",Cơm chiên tương có vị mặn nhẹ và đậm đà. Phù hợp người ăn chay; không phù hợp người cao huyết áp nếu dùng nhiều tương mặn.,"{""type"":""đồ ăn"",""taste"":[""savory"",""salty""],""ingredients"":[""cơm chiên"",""tương"",""rau củ""],""options"":[""tương (nhiều/ít)"",""rau củ (nhiều/ít)"",""cơm (nhiều/ít)""],""suitable_for"":[""vegetarian"",""light_meal""],""avoid_for"":[""high_blood_pressure""]}","{""good_for"":[""vegetarian"",""light_meal""],""bad_for"":[""high_blood_pressure""]}","{""morning"":false,""noon"":true,""evening"":true,""midnight"":false,""hot_weather"":true,""cold_weather"":true,""rainy"":false,""sunny_strong"":false,""pre_work"":false,""post_work"":true,""post_workout"":true,""light_meal"":true,""want_hot_food"":true,""want_cold_food"":false,""in_a_hurry"":false,""on_the_go"":false,""with_friends"":true,""need_relax"":false,""portable"":false,""short_lunch_break"":false}",
58,cơm chiên măng,đồ ăn,"cơm chiên, măng, trứng, rau","măng (nhiều/ít), trứng (nhiều/ít), rau (nhiều/ít), cơm (nhiều/ít)","{""măng"": [""nhiều"", ""ít""], ""trứng"": [""nhiều"", ""ít""], ""rau"": [""nhiều"", ""ít""], ""cơm"": [""nhiều"", ""ít""]}","Cơm chiên măng có vị chua nhẹ tự nhiên, dễ ăn. Không phù hợp người đau dạ dày hoặc tiêu hóa kém do măng khó tiêu.","{""type"":""đồ ăn"",""taste"":[""savory"",""sour""],""ingredients"":[""cơm chiên"",""măng"",""trứng"",""rau""],""options"":[""măng (nhiều/ít)"",""trứng (nhiều/ít)"",""rau (nhiều/ít)"",""cơm (nhiều/ít)""],""suitable_for"":[""high_energy""],""avoid_for"":[""gastritis"",""poor_digestive_system""]}","{""good_for"":[""high_energy""],""bad_for"":[""gastritis"",""poor_digestive_system""]}","{""morning"":false,""noon"":true,""evening"":true,""midnight"":false,""hot_weather"":true,""cold_weather"":true,""rainy"":false,""sunny_strong"":false,""pre_work"":false,""post_work"":true,""post_workout"":false,""light_meal"":false,""want_hot_food"":true,""want_cold_food"":false,""in_a_hurry"":false,""on_the_go"":false,""with_friends"":true,""need_relax"":false,""portable"":false,""short_lunch_break"":false}",
59,cơm sen,đồ ăn,"cơm, hạt sen, trứng, rau củ","hạt sen (nhiều/ít), trứng (nhiều/ít), rau củ (nhiều/ít)","{""hạt_sen"": [""nhiều"", ""ít""], ""trứng"": [""nhiều"", ""ít""], ""rau_củ"": [""nhiều"", ""ít""]}","Cơm sen thanh nhẹ, dễ ăn, giàu chất xơ. Phù hợp bữa nhẹ; không phù hợp người táo bón nếu ăn quá nhiều sen gây se.","{""type"":""đồ ăn"",""taste"":[""light"",""savory""],""ingredients"":[""cơm"",""hạt sen"",""trứng"",""rau củ""],""options"":[""hạt sen (nhiều/ít)"",""trứng (nhiều/ít)"",""rau củ (nhiều/ít)""],""suitable_for"":[""light_meal"",""diet""],""avoid_for"":[""constipation""]}","{""good_for"":[""light_meal"",""diet""],""bad_for"":[""constipation""]}","{""morning"":true,""noon"":true,""evening"":true,""midnight"":false,""hot_weather"":true,""cold_weather"":true,""rainy"":false,""sunny_strong"":false,""pre_work"":true,""post_work"":true,""post_workout"":true,""light_meal"":true,""want_hot_food"":true,""want_cold_food"":false,""in_a_hurry"":true,""on_the_go"":true,""with_friends"":true,""need_relax"":false,""portable"":true,""short_lunch_break"":true}",
60,cơm cháy,đồ ăn,"cơm cháy, nước mắm, hành phi","nước mắm (nhiều/ít), hành phi (nhiều/ít)","{""nước_mắm"": [""nhiều"", ""ít""], ""hành_phi"": [""nhiều"", ""ít""]}","Cơm cháy giòn béo và mặn, giàu năng lượng. Không phù hợp người cao huyết áp, béo phì hoặc gan nhiễm mỡ.","{""type"":""đồ ăn"",""taste"":[""salty"",""fatty"",""crispy""],""ingredients"":[""cơm cháy"",""nước mắm"",""hành phi""],""options"":[""nước mắm (nhiều/ít)"",""hành phi (nhiều/ít)""],""suitable_for"":[""snack""],""avoid_for"":[""high_blood_pressure"",""obesity"",""fatty_liver""]}","{""good_for"":[""snack""],""bad_for"":[""high_blood_pressure"",""obesity"",""fatty_liver""]}","{""morning"":false,""noon"":true,""evening"":true,""midnight"":false,""hot_weather"":false,""cold_weather"":true,""rainy"":false,""sunny_strong"":false,""pre_work"":false,""post_work"":true,""post_workout"":false,""light_meal"":false,""want_hot_food"":false,""want_cold_food"":false,""in_a_hurry"":false,""on_the_go"":true,""with_friends"":true,""need_relax"":false,""portable"":true,""short_lunch_break"":false}",
61,cơm bình dân,đồ ăn,"cơm, thịt, rau, trứng","thịt (nhiều/ít), rau (nhiều/ít), trứng (nhiều/ít), cơm (nhiều/ít)","{""thịt"": [""nhiều"", ""ít""], ""rau"": [""nhiều"", ""ít""], ""trứng"": [""nhiều"", ""ít""], ""cơm"": [""nhiều"", ""ít""]}","Cơm bình dân là bữa ăn đầy đủ đạm – rau – tinh bột, phù hợp nhiều đối tượng. Không phù hợp người béo phì nếu chọn món nhiều dầu mỡ.","{""type"":""đồ ăn"",""taste"":[""savory""],""ingredients"":[""cơm"",""thịt"",""rau"",""trứng""],""options"":[""thịt (nhiều/ít)"",""rau (nhiều/ít)"",""trứng (nhiều/ít)"",""cơm (nhiều/ít)""],""suitable_for"":[""balanced_meal""],""avoid_for"":[""obesity""]}","{""good_for"":[""balanced_meal""],""bad_for"":[""obesity""]}","{""morning"":false,""noon"":true,""evening"":true,""midnight"":false,""hot_weather"":true,""cold_weather"":true,""rainy"":false,""sunny_strong"":false,""pre_work"":true,""post_work"":true,""post_workout"":true,""light_meal"":false,""want_hot_food"":true,""want_cold_food"":false,""in_a_hurry"":true,""on_the_go"":true,""with_friends"":true,""need_relax"":false,""portable"":true,""short_lunch_break"":true}",
62,cơm thố,đồ ăn,"cơm thố, thịt, trứng, rau","thịt (nhiều/ít), trứng (nhiều/ít), rau (nhiều/ít)","{""thịt"": [""nhiều"", ""ít""], ""trứng"": [""nhiều"", ""ít""], ""rau"": [""nhiều"", ""ít""]}","Cơm thố có hương vị đậm, giữ nóng lâu, phù hợp bữa chính. Không phù hợp người cao huyết áp nếu dùng món mặn.","{""type"":""đồ ăn"",""taste"":[""savory"",""warm""],""ingredients"":[""cơm thố"",""thịt"",""trứng"",""rau""],""options"":[""thịt (nhiều/ít)"",""trứng (nhiều/ít)"",""rau (nhiều/ít)""],""suitable_for"":[""balanced_meal""],""avoid_for"":[""high_blood_pressure""]}","{""good_for"":[""balanced_meal""],""bad_for"":[""high_blood_pressure""]}","{""morning"":false,""noon"":true,""evening"":true,""midnight"":false,""hot_weather"":false,""cold_weather"":true,""rainy"":true,""sunny_strong"":false,""pre_work"":false,""post_work"":true,""post_workout"":false,""light_meal"":false,""want_hot_food"":true,""want_cold_food"":false,""in_a_hurry"":false,""on_the_go"":false,""with_friends"":true,""need_relax"":true,""portable"":false,""short_lunch_break"":false}",
63,cơm gà nướng,đồ ăn,"cơm, gà nướng, rau răm, hành","gà (nhiều/ít), rau răm (nhiều/ít), hành (nhiều/ít)","{""gà"": [""nhiều"", ""ít""], ""rau_răm"": [""nhiều"", ""ít""], ""hành"": [""nhiều"", ""ít""]}","Cơm gà nướng thơm, ít dầu mỡ hơn chiên, phù hợp nhiều người. Không phù hợp người dị ứng gia vị mạnh.","{""type"":""đồ ăn"",""taste"":[""savory"",""smoky""],""ingredients"":[""cơm"",""gà nướng"",""rau răm"",""hành""],""options"":[""gà (nhiều/ít)"",""rau răm (nhiều/ít)"",""hành (nhiều/ít)""],""suitable_for"":[""balanced_meal"",""light_meal""],""avoid_for"":[""herb_allergy""]}","{""good_for"":[""balanced_meal"",""light_meal""],""bad_for"":[""herb_allergy""]}","{""morning"":true,""noon"":true,""evening"":true,""midnight"":false,""hot_weather"":true,""cold_weather"":true,""rainy"":false,""sunny_strong"":false,""pre_work"":true,""post_work"":true,""post_workout"":true,""light_meal"":true,""want_hot_food"":true,""want_cold_food"":false,""in_a_hurry"":true,""on_the_go"":true,""with_friends"":true,""need_relax"":false,""portable"":true,""short_lunch_break"":true}",
64,cơm chiên khổ qua,đồ ăn,"cơm chiên, khổ qua, trứng, rau","khổ qua (nhiều/ít), trứng (nhiều/ít), rau (nhiều/ít)","{""khổ_qua"": [""nhiều"", ""ít""], ""trứng"": [""nhiều"", ""ít""], ""rau"": [""nhiều"", ""ít""]}","Cơm chiên khổ qua đắng nhẹ, thanh và ít béo hơn cơm chiên thường. Không phù hợp người dạ dày yếu do khổ qua khó tiêu.","{""type"":""đồ ăn"",""taste"":[""bitter"",""savory""],""ingredients"":[""cơm chiên"",""khổ qua"",""trứng"",""rau""],""options"":[""khổ qua (nhiều/ít)"",""trứng (nhiều/ít)"",""rau (nhiều/ít)""],""suitable_for"":[""light_meal"",""diet""],""avoid_for"":[""weak_stomach""]}","{""good_for"":[""light_meal"",""diet""],""bad_for"":[""weak_stomach""]}","{""morning"":false,""noon"":true,""evening"":true,""midnight"":false,""hot_weather"":true,""cold_weather"":true,""rainy"":false,""sunny_strong"":false,""pre_work"":false,""post_work"":true,""post_workout"":true,""light_meal"":true,""want_hot_food"":true,""want_cold_food"":false,""in_a_hurry"":false,""on_the_go"":false,""with_friends"":true,""need_relax"":false,""portable"":false,""short_lunch_break"":false}",
65,cơm chiên cá mặn,đồ ăn,"cơm chiên, cá mặn, trứng, rau","cá mặn (nhiều/ít), trứng (nhiều/ít), rau (nhiều/ít), cơm (nhiều/ít)","{""cá_mặn"": [""nhiều"", ""ít""], ""trứng"": [""nhiều"", ""ít""], ""rau"": [""nhiều"", ""ít""], ""cơm"": [""nhiều"", ""ít""]}","Cơm chiên cá mặn đậm vị, mặn và thơm. Không phù hợp người cao huyết áp hoặc người giữ muối thấp.","{""type"":""đồ ăn"",""taste"":[""salty"",""savory""],""ingredients"":[""cơm chiên"",""cá mặn"",""trứng"",""rau""],""options"":[""cá mặn (nhiều/ít)"",""trứng (nhiều/ít)"",""rau (nhiều/ít)"",""cơm (nhiều/ít)""],""suitable_for"":[""strong_flavor""],""avoid_for"":[""high_blood_pressure""]}","{""good_for"":[""strong_flavor""],""bad_for"":[""high_blood_pressure""]}","{""morning"":false,""noon"":true,""evening"":true,""midnight"":false,""hot_weather"":false,""cold_weather"":true,""rainy"":false,""sunny_strong"":false,""pre_work"":false,""post_work"":true,""post_workout"":false,""light_meal"":false,""want_hot_food"":true,""want_cold_food"":false,""in_a_hurry"":false,""on_the_go"":false,""with_friends"":true,""need_relax"":false,""portable"":false,""short_lunch_break"":false}",
66,bún măng vịt,đồ ăn,"bún, thịt vịt, măng, hành","vịt (nhiều/ít), măng (nhiều/ít), hành (nhiều/ít), rau (nhiều/ít)","{""vịt"": [""nhiều"", ""ít""], ""măng"": [""nhiều"", ""ít""], ""hành"": [""nhiều"", ""ít""], ""rau"": [""nhiều"", ""ít""]}","Bún măng vịt thanh, nhẹ nhưng có măng hơi khó tiêu. Không phù hợp người dạ dày yếu hoặc tiêu hóa kém.","{""type"":""đồ ăn"",""taste"":[""savory"",""fresh""],""ingredients"":[""bún"",""thịt vịt"",""măng"",""hành""],""options"":[""vịt (nhiều/ít)"",""măng (nhiều/ít)"",""hành (nhiều/ít)"",""rau (nhiều/ít)""],""suitable_for"":[""light_meal""],""avoid_for"":[""weak_stomach"",""poor_digestive_system""]}","{""good_for"":[""light_meal""],""bad_for"":[""weak_stomach"",""poor_digestive_system""]}","{""morning"":true,""noon"":true,""evening"":true,""midnight"":false,""hot_weather"":true,""cold_weather"":true,""rainy"":true,""sunny_strong"":false,""pre_work"":false,""post_work"":true,""post_workout"":true,""light_meal"":true,""want_hot_food"":true,""want_cold_food"":false,""in_a_hurry"":false,""on_the_go"":false,""with_friends"":true,""need_relax"":false,""portable"":false,""short_lunch_break"":false}",
67,bún cá,đồ ăn,"bún, cá, cà chua, thì là, hành","cá (nhiều/ít), hành (nhiều/ít/không), rau (nhiều/ít/không), ớt (nhiều/ít/không)","{""cá"": [""nhiều"", ""ít""], ""hành"": [""nhiều"", ""ít"", ""không""], ""rau"": [""nhiều"", ""ít"", ""không""], ""ớt"": [""nhiều"", ""ít"", ""không""]}","Bún cá thanh, ít béo, dễ tiêu, phù hợp nhiều người. Không phù hợp người dị ứng hải sản.","{""type"":""đồ ăn"",""taste"":[""fresh"",""savory""],""ingredients"":[""bún"",""cá"",""cà chua"",""thì là"",""hành""],""options"":[""cá (nhiều/ít)"",""hành (nhiều/ít/không)"",""rau (nhiều/ít/không)"",""ớt (nhiều/ít/không)""],""suitable_for"":[""light_meal"",""diet""],""avoid_for"":[""seafood_allergy""]}","{""good_for"":[""light_meal"",""diet""],""bad_for"":[""seafood_allergy""]}","{""morning"":true,""noon"":true,""evening"":true,""midnight"":false,""hot_weather"":true,""cold_weather"":true,""rainy"":true,""sunny_strong"":false,""pre_work"":true,""post_work"":true,""post_workout"":true,""light_meal"":true,""want_hot_food"":true,""want_cold_food"":false,""in_a_hurry"":false,""on_the_go"":false,""with_friends"":true,""need_relax"":false,""portable"":false,""short_lunch_break"":false}",
68,bún ốc,đồ ăn,"bún, ốc, cà chua, rau sống","ốc (nhiều/ít), rau (nhiều/ít/không), cà chua (nhiều/ít), ớt (nhiều/ít/không)","{""ốc"": [""nhiều"", ""ít""], ""rau"": [""nhiều"", ""ít"", ""không""], ""cà_chua"": [""nhiều"", ""ít""], ""ớt"": [""nhiều"", ""ít"", ""không""]}","Bún ốc chua thanh, đậm vị đặc trưng. Không phù hợp người dạ dày yếu hoặc dị ứng hải sản.","{""type"":""đồ ăn"",""taste"":[""sour"",""savory"",""fresh""],""ingredients"":[""bún"",""ốc"",""cà chua"",""rau sống""],""options"":[""ốc (nhiều/ít)"",""rau (nhiều/ít/không)"",""cà chua (nhiều/ít)"",""ớt (nhiều/ít/không)""],""suitable_for"":[""light_meal""],""avoid_for"":[""seafood_allergy"",""gastritis"",""weak_stomach""]}","{""good_for"":[""light_meal""],""bad_for"":[""seafood_allergy"",""gastritis"",""weak_stomach""]}","{""morning"":false,""noon"":true,""evening"":true,""midnight"":false,""hot_weather"":true,""cold_weather"":true,""rainy"":true,""sunny_strong"":false,""pre_work"":false,""post_work"":true,""post_workout"":false,""light_meal"":true,""want_hot_food"":true,""want_cold_food"":false,""in_a_hurry"":false,""on_the_go"":false,""with_friends"":true,""need_relax"":false,""portable"":false,""short_lunch_break"":false}",
69,bún mắm,đồ ăn,"bún, mắm, tôm, cá, thịt, rau","mắm (nhiều/ít), tôm (nhiều/ít), cá (nhiều/ít), thịt (nhiều/ít), rau (nhiều/ít/không), ớt (nhiều/ít/không)","{""mắm"": [""nhiều"", ""ít""], ""tôm"": [""nhiều"", ""ít""], ""cá"": [""nhiều"", ""ít""], ""thịt"": [""nhiều"", ""ít""], ""rau"": [""nhiều"", ""ít"", ""không""], ""ớt"": [""nhiều"", ""ít"", ""không""]}","Bún mắm đậm mùi, vị mạnh, mặn và nhiều đạm. Không phù hợp người cao huyết áp hoặc dạ dày yếu.","{""type"":""đồ ăn"",""taste"":[""salty"",""fermented"",""umami""],""ingredients"":[""bún"",""mắm"",""tôm"",""cá"",""thịt"",""rau""],""options"":[""mắm (nhiều/ít)"",""tôm (nhiều/ít)"",""cá (nhiều/ít)"",""thịt (nhiều/ít)"",""rau (nhiều/ít/không)"",""ớt (nhiều/ít/không)""],""suitable_for"":[""strong_flavor""],""avoid_for"":[""high_blood_pressure"",""gastritis"",""weak_stomach""]}","{""good_for"":[""strong_flavor""],""bad_for"":[""high_blood_pressure"",""gastritis"",""weak_stomach""]}","{""morning"":false,""noon"":true,""evening"":true,""midnight"":false,""hot_weather"":false,""cold_weather"":true,""rainy"":false,""sunny_strong"":false,""pre_work"":false,""post_work"":true,""post_workout"":false,""light_meal"":false,""want_hot_food"":true,""want_cold_food"":false,""in_a_hurry"":false,""on_the_go"":false,""with_friends"":true,""need_relax"":false,""portable"":false,""short_lunch_break"":false}",
70,bún suông,đồ ăn,"bún, suông tôm, nước lèo, rau","suông tôm (nhiều/ít), rau (nhiều/ít/không), hành (nhiều/ít/không)","{""suông_tôm"": [""nhiều"", ""ít""], ""rau"": [""nhiều"", ""ít"", ""không""], ""hành"": [""nhiều"", ""ít"", ""không""]}","Bún suông có vị ngọt nhẹ từ tôm, dễ ăn và ít béo. Không phù hợp người dị ứng hải sản.","{""type"":""đồ ăn"",""taste"":[""fresh"",""savory""],""ingredients"":[""bún"",""suông tôm"",""nước lèo"",""rau""],""options"":[""suông tôm (nhiều/ít)"",""rau (nhiều/ít/không)"",""hành (nhiều/ít/không)""],""suitable_for"":[""light_meal""],""avoid_for"":[""seafood_allergy""]}","{""good_for"":[""light_meal""],""bad_for"":[""seafood_allergy""]}","{""morning"":true,""noon"":true,""evening"":true,""midnight"":false,""hot_weather"":true,""cold_weather"":true,""rainy"":true,""sunny_strong"":false,""pre_work"":true,""post_work"":true,""post_workout"":true,""light_meal"":true,""want_hot_food"":true,""want_cold_food"":false,""in_a_hurry"":true,""on_the_go"":true,""with_friends"":true,""need_relax"":false,""portable"":true,""short_lunch_break"":true}",
71,mì quảng gà,đồ ăn,"mì quảng, thịt gà, đậu phộng, rau sống","gà (nhiều/ít), rau (nhiều/ít/không), đậu phộng (nhiều/ít/không)","{""gà"": [""nhiều"", ""ít""], ""rau"": [""nhiều"", ""ít"", ""không""], ""đậu_phộng"": [""nhiều"", ""ít"", ""không""]}","Mì Quảng gà thanh nhẹ, ít béo hơn phiên bản tôm thịt. Không phù hợp người dị ứng đậu phộng.","{""type"":""đồ ăn"",""taste"":[""savory"",""fresh""],""ingredients"":[""mì quảng"",""thịt gà"",""đậu phộng"",""rau sống""],""options"":[""gà (nhiều/ít)"",""rau (nhiều/ít/không)"",""đậu phộng (nhiều/ít/không)""],""suitable_for"":[""light_meal""],""avoid_for"":[""peanut_allergy""]}","{""good_for"":[""light_meal""],""bad_for"":[""peanut_allergy""]}","{""morning"":false,""noon"":true,""evening"":true,""midnight"":false,""hot_weather"":true,""cold_weather"":true,""rainy"":true,""sunny_strong"":false,""pre_work"":false,""post_work"":true,""post_workout"":true,""light_meal"":true,""want_hot_food"":true,""want_cold_food"":false,""in_a_hurry"":false,""on_the_go"":false,""with_friends"":true,""need_relax"":false,""portable"":false,""short_lunch_break"":false}",
72,mì quảng tôm cua,đồ ăn,"mì quảng, tôm, cua, rau sống","tôm (nhiều/ít), cua (nhiều/ít), rau (nhiều/ít/không), đậu phộng (nhiều/ít/không)","{""tôm"": [""nhiều"", ""ít""], ""cua"": [""nhiều"", ""ít""], ""rau"": [""nhiều"", ""ít"", ""không""], ""đậu_phộng"": [""nhiều"", ""ít"", ""không""]}","Mì Quảng tôm cua đậm vị hải sản, giàu đạm. Không phù hợp người gout hoặc dị ứng hải sản.","{""type"":""đồ ăn"",""taste"":[""savory"",""umami""],""ingredients"":[""mì quảng"",""tôm"",""cua"",""rau sống""],""options"":[""tôm (nhiều/ít)"",""cua (nhiều/ít)"",""rau (nhiều/ít/không)"",""đậu phộng (nhiều/ít/không)""],""suitable_for"":[""high_protein""],""avoid_for"":[""gout"",""seafood_allergy""]}","{""good_for"":[""high_protein""],""bad_for"":[""gout"",""seafood_allergy""]}","{""morning"":false,""noon"":true,""evening"":true,""midnight"":false,""hot_weather"":false,""cold_weather"":true,""rainy"":true,""sunny_strong"":false,""pre_work"":false,""post_work"":true,""post_workout"":false,""light_meal"":false,""want_hot_food"":true,""want_cold_food"":false,""in_a_hurry"":false,""on_the_go"":false,""with_friends"":true,""need_relax"":false,""portable"":false,""short_lunch_break"":false}",
73,hủ tiếu nam vang,đồ ăn,"hủ tiếu, tôm, thịt, trứng cút, gan, rau","tôm (nhiều/ít), thịt (nhiều/ít), gan (nhiều/ít), rau (nhiều/ít/không), ớt (nhiều/ít/không)","{""tôm"": [""nhiều"", ""ít""], ""thịt"": [""nhiều"", ""ít""], ""gan"": [""nhiều"", ""ít""], ""rau"": [""nhiều"", ""ít"", ""không""], ""ớt"": [""nhiều"", ""ít"", ""không""]}","Hủ tiếu Nam Vang đậm vị, giàu đạm. Không phù hợp người cholesterol cao hoặc gout (do gan + tôm).","{""type"":""đồ ăn"",""taste"":[""savory"",""umami""],""ingredients"":[""hủ tiếu"",""tôm"",""thịt"",""trứng cút"",""gan"",""rau""],""options"":[""tôm (nhiều/ít)"",""thịt (nhiều/ít)"",""gan (nhiều/ít)"",""rau (nhiều/ít/không)"",""ớt (nhiều/ít/không)""],""suitable_for"":[""high_protein""],""avoid_for"":[""high_cholesterol"",""gout""]}","{""good_for"":[""high_protein""],""bad_for"":[""high_cholesterol"",""gout""]}","{""morning"":true,""noon"":true,""evening"":true,""midnight"":false,""hot_weather"":true,""cold_weather"":true,""rainy"":true,""sunny_strong"":false,""pre_work"":false,""post_work"":true,""post_workout"":true,""light_meal"":false,""want_hot_food"":true,""want_cold_food"":false,""in_a_hurry"":false,""on_the_go"":false,""with_friends"":true,""need_relax"":false,""portable"":false,""short_lunch_break"":false}",
74,hủ tiếu mỹ tho,đồ ăn,"hủ tiếu, tôm, thịt, giá, hẹ","tôm (nhiều/ít), thịt (nhiều/ít), giá (nhiều/ít/không), hẹ (nhiều/ít/không)","{""tôm"": [""nhiều"", ""ít""], ""thịt"": [""nhiều"", ""ít""], ""giá"": [""nhiều"", ""ít"", ""không""], ""hẹ"": [""nhiều"", ""ít"", ""không""]}","Hủ tiếu Mỹ Tho thanh nhẹ, ít béo, dễ ăn. Không phù hợp người dị ứng hải sản.","{""type"":""đồ ăn"",""taste"":[""fresh"",""savory""],""ingredients"":[""hủ tiếu"",""tôm"",""thịt"",""giá"",""hẹ""],""options"":[""tôm (nhiều/ít)"",""thịt (nhiều/ít)"",""giá (nhiều/ít/không)"",""hẹ (nhiều/ít/không)""],""suitable_for"":[""light_meal"",""diet""],""avoid_for"":[""seafood_allergy""]}","{""good_for"":[""light_meal"",""diet""],""bad_for"":[""seafood_allergy""]}","{""morning"":true,""noon"":true,""evening"":true,""midnight"":false,""hot_weather"":true,""cold_weather"":true,""rainy"":true,""sunny_strong"":false,""pre_work"":true,""post_work"":true,""post_workout"":true,""light_meal"":true,""want_hot_food"":true,""want_cold_food"":false,""in_a_hurry"":true,""on_the_go"":true,""with_friends"":true,""need_relax"":false,""portable"":true,""short_lunch_break"":true}",
75,bánh canh cua,đồ ăn,"bánh canh, cua, trứng, hành","cua (nhiều/ít), trứng (nhiều/ít), hành (nhiều/ít/không), rau (nhiều/ít/không)","{""cua"": [""nhiều"", ""ít""], ""trứng"": [""nhiều"", ""ít""], ""hành"": [""nhiều"", ""ít"", ""không""], ""rau"": [""nhiều"", ""ít"", ""không""]}","Bánh canh cua ngọt đậm, giàu đạm. Không phù hợp người gout hoặc cholesterol cao.","{""type"":""đồ ăn"",""taste"":[""savory"",""umami""],""ingredients"":[""bánh canh"",""cua"",""trứng"",""hành""],""options"":[""cua (nhiều/ít)"",""trứng (nhiều/ít)"",""hành (nhiều/ít/không)"",""rau (nhiều/ít/không)""],""suitable_for"":[""high_protein""],""avoid_for"":[""gout"",""high_cholesterol""]}","{""good_for"":[""high_protein""],""bad_for"":[""gout"",""high_cholesterol""]}","{""morning"":true,""noon"":true,""evening"":true,""midnight"":false,""hot_weather"":false,""cold_weather"":true,""rainy"":true,""sunny_strong"":false,""pre_work"":false,""post_work"":true,""post_workout"":true,""light_meal"":false,""want_hot_food"":true,""want_cold_food"":false,""in_a_hurry"":false,""on_the_go"":false,""with_friends"":true,""need_relax"":false,""portable"":false,""short_lunch_break"":false}",
76,bánh canh chả cá,đồ ăn,"bánh canh, chả cá, hành","chả cá (nhiều/ít), hành (nhiều/ít/không), rau (nhiều/ít/không)","{""chả_cá"": [""nhiều"", ""ít""], ""hành"": [""nhiều"", ""ít"", ""không""], ""rau"": [""nhiều"", ""ít"", ""không""]}","Bánh canh chả cá thanh, ít béo, phù hợp người muốn ăn nhẹ. Không phù hợp người dị ứng cá.","{""type"":""đồ ăn"",""taste"":[""savory"",""fresh""],""ingredients"":[""bánh canh"",""chả cá"",""hành""],""options"":[""chả cá (nhiều/ít)"",""hành (nhiều/ít/không)"",""rau (nhiều/ít/không)""],""suitable_for"":[""light_meal"",""diet""],""avoid_for"":[""seafood_allergy""]}","{""good_for"":[""light_meal"",""diet""],""bad_for"":[""seafood_allergy""]}","{""morning"":true,""noon"":true,""evening"":true,""midnight"":false,""hot_weather"":true,""cold_weather"":true,""rainy"":true,""sunny_strong"":false,""pre_work"":true,""post_work"":true,""post_workout"":true,""light_meal"":true,""want_hot_food"":true,""want_cold_food"":false,""in_a_hurry"":true,""on_the_go"":true,""with_friends"":true,""need_relax"":false,""portable"":true,""short_lunch_break"":true}",
77,bún chả cá,đồ ăn,"bún, chả cá, cà chua, rau","chả cá (nhiều/ít), cà chua (nhiều/ít), rau (nhiều/ít/không)","{""chả_cá"": [""nhiều"", ""ít""], ""cà_chua"": [""nhiều"", ""ít""], ""rau"": [""nhiều"", ""ít"", ""không""]}","Bún chả cá thanh, ít dầu mỡ, giàu đạm. Không phù hợp người dị ứng hải sản.","{""type"":""đồ ăn"",""taste"":[""savory"",""fresh"",""umami""],""ingredients"":[""bún"",""chả cá"",""cà chua"",""rau""],""options"":[""chả cá (nhiều/ít)"",""cà chua (nhiều/ít)"",""rau (nhiều/ít/không)""],""suitable_for"":[""light_meal"",""diet""],""avoid_for"":[""seafood_allergy""]}","{""good_for"":[""light_meal"",""diet""],""bad_for"":[""seafood_allergy""]}","{""morning"":true,""noon"":true,""evening"":true,""midnight"":false,""hot_weather"":true,""cold_weather"":true,""rainy"":true,""sunny_strong"":false,""pre_work"":true,""post_work"":true,""post_workout"":true,""light_meal"":true,""want_hot_food"":true,""want_cold_food"":false,""in_a_hurry"":false,""on_the_go"":false,""with_friends"":true,""need_relax"":false,""portable"":false,""short_lunch_break"":false}",
78,bún cà ri,đồ ăn,"bún, cà ri, gà hoặc bò, rau","cà ri (nhiều/ít), thịt (nhiều/ít), rau (nhiều/ít/không)","{""cà_ri"": [""nhiều"", ""ít""], ""thịt"": [""nhiều"", ""ít""], ""rau"": [""nhiều"", ""ít"", ""không""]}","Bún cà ri cay béo, đậm mùi cà ri. Không phù hợp người đau dạ dày hoặc cao huyết áp.","{""type"":""đồ ăn"",""taste"":[""spicy"",""savory"",""fatty""],""ingredients"":[""bún"",""cà ri"",""gà hoặc bò"",""rau""],""options"":[""cà ri (nhiều/ít)"",""thịt (nhiều/ít)"",""rau (nhiều/ít/không)""],""suitable_for"":[""high_energy""],""avoid_for"":[""gastritis"",""high_blood_pressure""]}","{""good_for"":[""high_energy""],""bad_for"":[""gastritis"",""high_blood_pressure""]}","{""morning"":false,""noon"":true,""evening"":true,""midnight"":false,""hot_weather"":false,""cold_weather"":true,""rainy"":true,""sunny_strong"":false,""pre_work"":false,""post_work"":true,""post_workout"":false,""light_meal"":false,""want_hot_food"":true,""want_cold_food"":false,""in_a_hurry"":false,""on_the_go"":false,""with_friends"":true,""need_relax"":false,""portable"":false,""short_lunch_break"":false}",
79,mì tôm cua,đồ ăn,"mì, tôm, cua, rau","tôm (nhiều/ít), cua (nhiều/ít), rau (nhiều/ít/không), ớt (nhiều/ít/không)","{""tôm"": [""nhiều"", ""ít""], ""cua"": [""nhiều"", ""ít""], ""rau"": [""nhiều"", ""ít"", ""không""], ""ớt"": [""nhiều"", ""ít"", ""không""]}","Mì tôm cua đậm vị, giàu đạm. Không phù hợp người gout hoặc dị ứng hải sản.","{""type"":""đồ ăn"",""taste"":[""savory"",""umami""],""ingredients"":[""mì"",""tôm"",""cua"",""rau""],""options"":[""tôm (nhiều/ít)"",""cua (nhiều/ít)"",""rau (nhiều/ít/không)"",""ớt (nhiều/ít/không)""],""suitable_for"":[""high_protein""],""avoid_for"":[""gout"",""seafood_allergy""]}","{""good_for"":[""high_protein""],""bad_for"":[""gout"",""seafood_allergy""]}","{""morning"":false,""noon"":true,""evening"":true,""midnight"":false,""hot_weather"":false,""cold_weather"":true,""rainy"":false,""sunny_strong"":false,""pre_work"":false,""post_work"":true,""post_workout"":false,""light_meal"":false,""want_hot_food"":true,""want_cold_food"":false,""in_a_hurry"":false,""on_the_go"":false,""with_friends"":true,""need_relax"":false,""portable"":false,""short_lunch_break"":false}",
80,phở chay,đồ ăn,"bánh phở, rau củ, nấm, đậu hũ","rau củ (nhiều/ít), nấm (nhiều/ít), đậu hũ (nhiều/ít), hành (nhiều/ít/không)","{""rau_củ"": [""nhiều"", ""ít""], ""nấm"": [""nhiều"", ""ít""], ""đậu_hũ"": [""nhiều"", ""ít""], ""hành"": [""nhiều"", ""ít"", ""không""]}","Phở chay thanh đạm, ít béo, phù hợp ăn kiêng và hệ tiêu hóa yếu. Không phù hợp người dị ứng nấm.","{""type"":""đồ ăn"",""taste"":[""light"",""savory""],""ingredients"":[""bánh phở"",""rau củ"",""nấm"",""đậu hũ""],""options"":[""rau củ (nhiều/ít)"",""nấm (nhiều/ít)"",""đậu hũ (nhiều/ít)"",""hành (nhiều/ít/không)""],""suitable_for"":[""diet"",""light_meal"",""weak_digestive_system""],""avoid_for"":[""mushroom_allergy""]}","{""good_for"":[""diet"",""light_meal"",""weak_digestive_system""],""bad_for"":[""mushroom_allergy""]}","{""morning"":true,""noon"":true,""evening"":true,""midnight"":false,""hot_weather"":true,""cold_weather"":true,""rainy"":true,""sunny_strong"":false,""pre_work"":true,""post_work"":true,""post_workout"":true,""light_meal"":true,""want_hot_food"":true,""want_cold_food"":false,""in_a_hurry"":true,""on_the_go"":true,""with_friends"":true,""need_relax"":false,""portable"":true,""short_lunch_break"":true}",
81,phở cuốn,đồ ăn,"bánh phở cuốn, thịt bò, rau sống","thịt bò (nhiều/ít), rau (nhiều/ít/không), nước chấm (cay/không cay)","{""thịt_bò"": [""nhiều"", ""ít""], ""rau"": [""nhiều"", ""ít"", ""không""], ""nước_chấm"": [""cay"", ""không cay""]}","Phở cuốn thanh nhẹ, ít dầu mỡ, dễ ăn. Không phù hợp người dị ứng bò hoặc dạ dày yếu nếu ăn kèm nhiều nước chấm chua cay.","{""type"":""đồ ăn"",""taste"":[""fresh"",""savory""],""ingredients"":[""bánh phở cuốn"",""thịt bò"",""rau sống""],""options"":[""thịt bò (nhiều/ít)"",""rau (nhiều/ít/không)"",""nước chấm (cay/không cay)""],""suitable_for"":[""light_meal"",""diet""],""avoid_for"":[""beef_allergy"",""gastritis""]}","{""good_for"":[""light_meal"",""diet""],""bad_for"":[""beef_allergy"",""gastritis""]}","{""morning"":true,""noon"":true,""evening"":true,""midnight"":false,""hot_weather"":true,""cold_weather"":false,""rainy"":true,""sunny_strong"":false,""pre_work"":true,""post_work"":true,""post_workout"":true,""light_meal"":true,""want_hot_food"":false,""want_cold_food"":true,""in_a_hurry"":true,""on_the_go"":true,""with_friends"":true,""need_relax"":false,""portable"":true,""short_lunch_break"":true}",
82,phở xào,đồ ăn,"bánh phở, thịt bò, rau cải","thịt bò (nhiều/ít), rau (nhiều/ít/không), ớt (nhiều/ít/không)","{""thịt_bò"": [""nhiều"", ""ít""], ""rau"": [""nhiều"", ""ít"", ""không""], ""ớt"": [""nhiều"", ""ít"", ""không""]}","Phở xào đậm vị, hơi béo do xào dầu. Không phù hợp người béo phì hoặc cao huyết áp nếu dùng nhiều gia vị.","{""type"":""đồ ăn"",""taste"":[""savory"",""umami""],""ingredients"":[""bánh phở"",""thịt bò"",""rau cải""],""options"":[""thịt bò (nhiều/ít)"",""rau (nhiều/ít/không)"",""ớt (nhiều/ít/không)""],""suitable_for"":[""high_energy""],""avoid_for"":[""obesity"",""high_blood_pressure""]}","{""good_for"":[""high_energy""],""bad_for"":[""obesity"",""high_blood_pressure""]}","{""morning"":false,""noon"":true,""evening"":true,""midnight"":false,""hot_weather"":false,""cold_weather"":true,""rainy"":true,""sunny_strong"":false,""pre_work"":false,""post_work"":true,""post_workout"":false,""light_meal"":false,""want_hot_food"":true,""want_cold_food"":false,""in_a_hurry"":false,""on_the_go"":false,""with_friends"":true,""need_relax"":false,""portable"":false,""short_lunch_break"":false}",
83,bún nem nướng,đồ ăn,"bún, nem nướng, rau sống, nước mắm","nem nướng (nhiều/ít), rau (nhiều/ít/không), nước mắm (cay/không cay)","{""nem_nướng"": [""nhiều"", ""ít""], ""rau"": [""nhiều"", ""ít"", ""không""], ""nước_mắm"": [""cay"", ""không cay""]}","Bún nem nướng đậm vị, thơm và dễ ăn. Không phù hợp người cao huyết áp hoặc dạ dày yếu do nước mắm mặn và cay.","{""type"":""đồ ăn"",""taste"":[""savory"",""smoky"",""salty""],""ingredients"":[""bún"",""nem nướng"",""rau sống"",""nước mắm""],""options"":[""nem nướng (nhiều/ít)"",""rau (nhiều/ít/không)"",""nước mắm (cay/không cay)""],""suitable_for"":[""with_friends""],""avoid_for"":[""high_blood_pressure"",""gastritis""]}","{""good_for"":[""with_friends""],""bad_for"":[""high_blood_pressure"",""gastritis""]}","{""morning"":false,""noon"":true,""evening"":true,""midnight"":false,""hot_weather"":true,""cold_weather"":false,""rainy"":false,""sunny_strong"":false,""pre_work"":false,""post_work"":true,""post_workout"":false,""light_meal"":false,""want_hot_food"":true,""want_cold_food"":false,""in_a_hurry"":false,""on_the_go"":false,""with_friends"":true,""need_relax"":false,""portable"":false,""short_lunch_break"":false}",
84,bún bò giò heo,đồ ăn,"bún, thịt bò, giò heo, sả ớt, hành","thịt bò (nhiều/ít), giò heo (nhiều/ít), sả ớt (nhiều/ít/không), hành (nhiều/ít/không), rau (nhiều/ít/không)","{""thịt_bò"": [""nhiều"", ""ít""], ""giò_heo"": [""nhiều"", ""ít""], ""sả_ớt"": [""nhiều"", ""ít"", ""không""], ""hành"": [""nhiều"", ""ít"", ""không""], ""rau"": [""nhiều"", ""ít"", ""không""]}","Bún bò giò heo béo, đậm vị, giàu năng lượng. Không phù hợp người béo phì, cao huyết áp hoặc cholesterol cao.","{""type"":""đồ ăn"",""taste"":[""spicy"",""savory"",""fatty""],""ingredients"":[""bún"",""thịt bò"",""giò heo"",""sả ớt"",""hành""],""options"":[""thịt bò (nhiều/ít)"",""giò heo (nhiều/ít)"",""sả ớt (nhiều/ít/không)"",""hành (nhiều/ít/không)"",""rau (nhiều/ít/không)""],""suitable_for"":[""high_energy""],""avoid_for"":[""obesity"",""high_blood_pressure"",""high_cholesterol""]}","{""good_for"":[""high_energy""],""bad_for"":[""obesity"",""high_blood_pressure"",""high_cholesterol""]}","{""morning"":false,""noon"":true,""evening"":true,""midnight"":false,""hot_weather"":false,""cold_weather"":true,""rainy"":true,""sunny_strong"":false,""pre_work"":false,""post_work"":true,""post_workout"":false,""light_meal"":false,""want_hot_food"":true,""want_cold_food"":false,""in_a_hurry"":false,""on_the_go"":false,""with_friends"":true,""need_relax"":false,""portable"":false,""short_lunch_break"":false}",
85,bánh canh tôm cua,đồ ăn,"bánh canh, tôm, cua, hành","tôm (nhiều/ít), cua (nhiều/ít), hành (nhiều/ít/không), rau (nhiều/ít/không)","{""tôm"": [""nhiều"", ""ít""], ""cua"": [""nhiều"", ""ít""], ""hành"": [""nhiều"", ""ít"", ""không""], ""rau"": [""nhiều"", ""ít"", ""không""]}","Bánh canh tôm cua ngọt, giàu đạm. Không phù hợp người gout hoặc dị ứng hải sản.","{""type"":""đồ ăn"",""taste"":[""savory"",""umami""],""ingredients"":[""bánh canh"",""tôm"",""cua"",""hành""],""options"":[""tôm (nhiều/ít)"",""cua (nhiều/ít)"",""hành (nhiều/ít/không)"",""rau (nhiều/ít/không)""],""suitable_for"":[""high_protein""],""avoid_for"":[""gout"",""seafood_allergy""]}","{""good_for"":[""high_protein""],""bad_for"":[""gout"",""seafood_allergy""]}","{""morning"":true,""noon"":true,""evening"":true,""midnight"":false,""hot_weather"":false,""cold_weather"":true,""rainy"":true,""sunny_strong"":false,""pre_work"":false,""post_work"":true,""post_workout"":true,""light_meal"":false,""want_hot_food"":true,""want_cold_food"":false,""in_a_hurry"":false,""on_the_go"":false,""with_friends"":true,""need_relax"":false,""portable"":false,""short_lunch_break"":false}",
86,bánh canh ghẹ,đồ ăn,"bánh canh, thịt ghẹ, hành, rau","ghẹ (nhiều/ít), hành (nhiều/ít/không), rau (nhiều/ít/không)","{""ghẹ"": [""nhiều"", ""ít""], ""hành"": [""nhiều"", ""ít"", ""không""], ""rau"": [""nhiều"", ""ít"", ""không""]}","Bánh canh ghẹ thanh ngọt, dễ ăn. Không phù hợp người gout hoặc dị ứng hải sản.","{""type"":""đồ ăn"",""taste"":[""savory"",""fresh""],""ingredients"":[""bánh canh"",""thịt ghẹ"",""hành"",""rau""],""options"":[""ghẹ (nhiều/ít)"",""hành (nhiều/ít/không)"",""rau (nhiều/ít/không)""],""suitable_for"":[""light_meal"",""diet""],""avoid_for"":[""gout"",""seafood_allergy""]}","{""good_for"":[""light_meal"",""diet""],""bad_for"":[""gout"",""seafood_allergy""]}","{""morning"":true,""noon"":true,""evening"":true,""midnight"":false,""hot_weather"":true,""cold_weather"":true,""rainy"":true,""sunny_strong"":false,""pre_work"":true,""post_work"":true,""post_workout"":true,""light_meal"":true,""want_hot_food"":true,""want_cold_food"":false,""in_a_hurry"":true,""on_the_go"":true,""with_friends"":true,""need_relax"":false,""portable"":true,""short_lunch_break"":true}",
87,hủ tiếu xào,đồ ăn,"hủ tiếu, thịt bò hoặc thịt heo, rau cải","thịt (nhiều/ít), rau (nhiều/ít/không), ớt (nhiều/ít/không)","{""thịt"": [""nhiều"", ""ít""], ""rau"": [""nhiều"", ""ít"", ""không""], ""ớt"": [""nhiều"", ""ít"", ""không""]}","Hủ tiếu xào đậm vị, hơi béo và giàu đạm. Không phù hợp người béo phì hoặc cao huyết áp nếu dùng nhiều gia vị.","{""type"":""đồ ăn"",""taste"":[""savory"",""umami""],""ingredients"":[""hủ tiếu"",""thịt bò hoặc thịt heo"",""rau cải""],""options"":[""thịt (nhiều/ít)"",""rau (nhiều/ít/không)"",""ớt (nhiều/ít/không)""],""suitable_for"":[""high_energy""],""avoid_for"":[""obesity"",""high_blood_pressure""]}","{""good_for"":[""high_energy""],""bad_for"":[""obesity"",""high_blood_pressure""]}","{""morning"":false,""noon"":true,""evening"":true,""midnight"":false,""hot_weather"":false,""cold_weather"":true,""rainy"":true,""sunny_strong"":false,""pre_work"":false,""post_work"":true,""post_workout"":false,""light_meal"":false,""want_hot_food"":true,""want_cold_food"":false,""in_a_hurry"":false,""on_the_go"":false,""with_friends"":true,""need_relax"":false,""portable"":false,""short_lunch_break"":false}",
88,bún riêu ốc,đồ ăn,"bún, ốc, cua đồng, cà chua, đậu phụ","ốc (nhiều/ít), riêu cua (nhiều/ít), cà chua (nhiều/ít/không)","{""ốc"": [""nhiều"", ""ít""], ""riêu_cua"": [""nhiều"", ""ít""], ""cà_chua"": [""nhiều"", ""ít"", ""không""]}","Bún riêu ốc chua thanh, đậm vị. Không phù hợp người dạ dày yếu hoặc dị ứng hải sản.","{""type"":""đồ ăn"",""taste"":[""sour"",""savory"",""fresh""],""ingredients"":[""bún"",""ốc"",""cua đồng"",""cà chua"",""đậu phụ""],""options"":[""ốc (nhiều/ít)"",""riêu cua (nhiều/ít)"",""cà chua (nhiều/ít/không)""],""suitable_for"":[""light_meal""],""avoid_for"":[""seafood_allergy"",""gastritis"",""weak_stomach""]}","{""good_for"":[""light_meal""],""bad_for"":[""seafood_allergy"",""gastritis"",""weak_stomach""]}","{""morning"":true,""noon"":true,""evening"":true,""midnight"":false,""hot_weather"":true,""cold_weather"":true,""rainy"":true,""sunny_strong"":false,""pre_work"":false,""post_work"":true,""post_workout"":false,""light_meal"":true,""want_hot_food"":true,""want_cold_food"":false,""in_a_hurry"":false,""on_the_go"":false,""with_friends"":true,""need_relax"":false,""portable"":false,""short_lunch_break"":false}",
89,bún mọc,đồ ăn,"bún, mọc, chả lụa, giò heo","viên mọc (nhiều/ít), chả lụa (nhiều/ít), giò heo (nhiều/ít)","{""viên_mọc"": [""nhiều"", ""ít""], ""chả_lụa"": [""nhiều"", ""ít""], ""giò_heo"": [""nhiều"", ""ít""]}","Bún mọc thanh nhẹ, dễ ăn, giàu đạm. Không phù hợp người cholesterol cao hoặc béo phì.","{""type"":""đồ ăn"",""taste"":[""savory"",""fresh""],""ingredients"":[""bún"",""mọc"",""chả lụa"",""giò heo""],""options"":[""viên mọc (nhiều/ít)"",""chả lụa (nhiều/ít)"",""giò heo (nhiều/ít)""],""suitable_for"":[""light_meal""],""avoid_for"":[""high_cholesterol"",""obesity""]}","{""good_for"":[""light_meal""],""bad_for"":[""high_cholesterol"",""obesity""]}","{""morning"":true,""noon"":true,""evening"":true,""midnight"":false,""hot_weather"":true,""cold_weather"":true,""rainy"":true,""sunny_strong"":false,""pre_work"":true,""post_work"":true,""post_workout"":true,""light_meal"":true,""want_hot_food"":true,""want_cold_food"":false,""in_a_hurry"":true,""on_the_go"":true,""with_friends"":true,""need_relax"":false,""portable"":true,""short_lunch_break"":true}",
90,canh chua cà thịt bằm,đồ ăn,"cà chua, thịt heo, dứa, giá đỗ, rau om","thịt bằm (nhiều/ít), dứa (nhiều/ít), rau om (nhiều/ít/không)","{""thịt_bằm"": [""nhiều"", ""ít""], ""dứa"": [""nhiều"", ""ít""], ""rau_om"": [""nhiều"", ""ít"", ""không""]}","Canh chua cà thịt bằm thanh nhẹ, dễ tiêu, phù hợp người tiêu hóa kém. Không phù hợp người đau dạ dày nặng do vị chua.","{""type"":""đồ ăn"",""taste"":[""sour"",""fresh"",""savory""],""ingredients"":[""cà chua"",""thịt heo"",""dứa"",""giá đỗ"",""rau om""],""options"":[""thịt bằm (nhiều/ít)"",""dứa (nhiều/ít)"",""rau om (nhiều/ít/không)""],""suitable_for"":[""light_meal"",""weak_digestive_system""],""avoid_for"":[""gastritis""]}","{""good_for"":[""light_meal"",""weak_digestive_system""],""bad_for"":[""gastritis""]}","{""morning"":true,""noon"":true,""evening"":true,""midnight"":false,""hot_weather"":true,""cold_weather"":false,""rainy"":true,""sunny_strong"":false,""pre_work"":true,""post_work"":true,""post_workout"":true,""light_meal"":true,""want_hot_food"":true,""want_cold_food"":false,""in_a_hurry"":false,""on_the_go"":false,""with_friends"":true,""need_relax"":false,""portable"":false,""short_lunch_break"":false}",
91,Canh khổ qua,đồ ăn,"khổ qua, thịt heo băm, nấm, rau mùi","rau mùi (nhiều/ít/không), nấm (nhiều/ít)","{""rau_mùi"": [""nhiều"", ""ít"", ""không""], ""nấm"": [""nhiều"", ""ít""]}","Canh khổ qua thanh mát, giảm nóng, hỗ trợ tiêu hóa. Không phù hợp người huyết áp thấp hoặc dạ dày yếu.","{""type"":""đồ ăn"",""taste"":[""bitter"",""fresh"",""light""],""ingredients"":[""khổ qua"",""thịt heo băm"",""nấm"",""rau mùi""],""options"":[""rau mùi (nhiều/ít/không)"",""nấm (nhiều/ít)""],""suitable_for"":[""hot_weather"",""light_meal""],""avoid_for"":[""low_blood_pressure"",""gastritis"",""weak_stomach""]}","{""good_for"":[""hot_weather"",""light_meal""],""bad_for"":[""low_blood_pressure"",""gastritis"",""weak_stomach""]}","{""morning"":true,""noon"":true,""evening"":false,""midnight"":false,""hot_weather"":true,""cold_weather"":false,""rainy"":true,""sunny_strong"":true,""pre_work"":true,""post_work"":true,""post_workout"":true,""light_meal"":true,""want_hot_food"":true,""want_cold_food"":false,""in_a_hurry"":true,""on_the_go"":false,""with_friends"":false,""need_relax"":false,""portable"":false,""short_lunch_break"":true}",
92,Canh bí đỏ,đồ ăn,"bí đỏ, thịt heo, tôm tươi, hành lá","nhân thịt (nhiều/ít), nhân tôm (nhiều/ít/không), hành lá (nhiều/ít/không)","{""nhân_thịt"": [""nhiều"", ""ít""], ""nhân_tôm"": [""nhiều"", ""ít"", ""không""], ""hành_lá"": [""nhiều"", ""ít"", ""không""]}","Canh bí đỏ ngọt tự nhiên, bổ dưỡng, phù hợp trẻ em và người già. Không phù hợp người tiểu đường nếu thêm nhiều bí.","{""type"":""đồ ăn"",""taste"":[""sweet"",""savory"",""light""],""ingredients"":[""bí đỏ"",""thịt heo"",""tôm tươi"",""hành lá""],""options"":[""nhân thịt (nhiều/ít)"",""nhân tôm (nhiều/ít/không)"",""hành lá (nhiều/ít/không)""],""suitable_for"":[""weak_digestive_system"",""elderly""],""avoid_for"":[""diabetes""]}","{""good_for"":[""weak_digestive_system"",""elderly""],""bad_for"":[""diabetes""]}","{""morning"":true,""noon"":true,""evening"":true,""midnight"":false,""hot_weather"":false,""cold_weather"":true,""rainy"":true,""sunny_strong"":false,""pre_work"":true,""post_work"":true,""post_workout"":true,""light_meal"":true,""want_hot_food"":true,""want_cold_food"":false,""in_a_hurry"":false,""on_the_go"":false,""with_friends"":false,""need_relax"":true,""portable"":false,""short_lunch_break"":false}",
93,Canh chua lòng heo,đồ ăn,"bí đỏ, lòng heo, cà chua, hành lá","cà chua (nhiều/ít), hành lá (nhiều/ít/không)","{""cà_chua"": [""nhiều"", ""ít""], ""hành_lá"": [""nhiều"", ""ít"", ""không""]}","Canh chua lòng heo đậm vị, chua ngọt. Không phù hợp người cholesterol cao hoặc dạ dày yếu.","{""type"":""đồ ăn"",""taste"":[""sour"",""savory"",""umami""],""ingredients"":[""lòng heo"",""cà chua"",""hành lá"",""bí đỏ""],""options"":[""cà chua (nhiều/ít)"",""hành lá (nhiều/ít/không)""],""suitable_for"":[""high_energy""],""avoid_for"":[""high_cholesterol"",""gastritis"",""weak_stomach""]}","{""good_for"":[""high_energy""],""bad_for"":[""high_cholesterol"",""gastritis"",""weak_stomach""]}","{""morning"":false,""noon"":true,""evening"":true,""midnight"":false,""hot_weather"":true,""cold_weather"":false,""rainy"":true,""sunny_strong"":false,""pre_work"":false,""post_work"":true,""post_workout"":false,""light_meal"":false,""want_hot_food"":true,""want_cold_food"":false,""in_a_hurry"":false,""on_the_go"":false,""with_friends"":true,""need_relax"":false,""portable"":false,""short_lunch_break"":false}",
94,Canh rau muống,đồ ăn,"rau muống, thịt băm, tôm khô","thịt băm (nhiều/ít/không), tôm xay (nhiều/ít/không), rau muống (nhiều/ít)","{""thịt_băm"": [""nhiều"", ""ít"", ""không""], ""tôm_xay"": [""nhiều"", ""ít"", ""không""], ""rau_muống"": [""nhiều"", ""ít""]}","Canh rau muống thanh nhẹ, giàu chất xơ, phù hợp thời tiết nóng. Không phù hợp người gout.","{""type"":""đồ ăn"",""taste"":[""fresh"",""light"",""savory""],""ingredients"":[""rau muống"",""thịt băm"",""tôm khô""],""options"":[""thịt băm (nhiều/ít/không)"",""tôm xay (nhiều/ít/không)"",""rau muống (nhiều/ít)""],""suitable_for"":[""hot_weather"",""light_meal""],""avoid_for"":[""gout""]}","{""good_for"":[""hot_weather"",""light_meal""],""bad_for"":[""gout""]}","{""morning"":true,""noon"":true,""evening"":true,""midnight"":false,""hot_weather"":true,""cold_weather"":false,""rainy"":false,""sunny_strong"":true,""pre_work"":true,""post_work"":true,""post_workout"":true,""light_meal"":true,""want_hot_food"":true,""want_cold_food"":false,""in_a_hurry"":true,""on_the_go"":false,""with_friends"":false,""need_relax"":false,""portable"":false,""short_lunch_break"":true}",
95,Canh măng,đồ ăn,"măng tươi, thịt heo, tôm khô, nấm","măng tươi (nhiều/ít), thịt heo (nhiều/ít/không), tôm khô (nhiều/ít)","{""măng_tươi"": [""nhiều"", ""ít""], ""thịt_heo"": [""nhiều"", ""ít"", ""không""], ""tôm_khô"": [""nhiều"", ""ít""]}","Canh măng chua nhẹ, thanh mát. Không phù hợp người dạ dày yếu hoặc gout (do tôm khô).","{""type"":""đồ ăn"",""taste"":[""sour"",""fresh"",""light""],""ingredients"":[""măng tươi"",""thịt heo"",""tôm khô"",""nấm""],""options"":[""măng tươi (nhiều/ít)"",""thịt heo (nhiều/ít/không)"",""tôm khô (nhiều/ít)""],""suitable_for"":[""light_meal""],""avoid_for"":[""gout"",""gastritis""]}","{""good_for"":[""light_meal""],""bad_for"":[""gout"",""gastritis""]}","{""morning"":true,""noon"":true,""evening"":true,""midnight"":false,""hot_weather"":true,""cold_weather"":false,""rainy"":true,""sunny_strong"":true,""pre_work"":false,""post_work"":true,""post_workout"":false,""light_meal"":true,""want_hot_food"":true,""want_cold_food"":false,""in_a_hurry"":false,""on_the_go"":false,""with_friends"":false,""need_relax"":true,""portable"":false,""short_lunch_break"":true}",
96,Canh chua tôm,đồ ăn,"tôm, cà chua, dứa, rau om, giá đỗ","cà chua (nhiều/ít), dứa (có/không)","{""cà_chua"": [""nhiều"", ""ít""], ""dứa"": [""có"", ""không""]}","Canh chua tôm thanh chua, ngọt nhẹ, rất hợp trời nóng. Không phù hợp người gout hoặc dị ứng hải sản.","{""type"":""đồ ăn"",""taste"":[""sour"",""fresh"",""umami""],""ingredients"":[""tôm"",""cà chua"",""dứa"",""rau om"",""giá đỗ""],""options"":[""cà chua (nhiều/ít)"",""dứa (có/không)""],""suitable_for"":[""hot_weather"",""light_meal""],""avoid_for"":[""gout"",""seafood_allergy""]}","{""good_for"":[""hot_weather"",""light_meal""],""bad_for"":[""gout"",""seafood_allergy""]}","{""morning"":true,""noon"":true,""evening"":true,""midnight"":false,""hot_weather"":true,""cold_weather"":false,""rainy"":true,""sunny_strong"":true,""pre_work"":false,""post_work"":true,""post_workout"":true,""light_meal"":true,""want_hot_food"":true,""want_cold_food"":false,""in_a_hurry"":true,""on_the_go"":false,""with_friends"":false,""need_relax"":false,""portable"":false,""short_lunch_break"":true}",
97,Canh mồng tơi,đồ ăn,"mồng tơi, thịt băm, tôm khô","cà chua (nhiều/ít), mồng tơi (nhiều/ít)","{""cà_chua"": [""nhiều"", ""ít""], ""mồng_tơi"": [""nhiều"", ""ít""]}","Canh mồng tơi mát, giải nhiệt, rất tốt cho tiêu hóa. Không phù hợp người tỳ vị yếu nếu ăn quá lạnh.","{""type"":""đồ ăn"",""taste"":[""fresh"",""light""],""ingredients"":[""mồng tơi"",""thịt băm"",""tôm khô""],""options"":[""cà chua (nhiều/ít)"",""mồng tơi (nhiều/ít)""],""suitable_for"":[""hot_weather"",""weak_digestive_system""],""avoid_for"":[""weak_stomach""]}","{""good_for"":[""hot_weather"",""weak_digestive_system""],""bad_for"":[""weak_stomach""]}","{""morning"":true,""noon"":true,""evening"":true,""midnight"":false,""hot_weather"":true,""cold_weather"":false,""rainy"":false,""sunny_strong"":true,""pre_work"":true,""post_work"":true,""post_workout"":true,""light_meal"":true,""want_hot_food"":true,""want_cold_food"":false,""in_a_hurry"":true,""on_the_go"":false,""with_friends"":false,""need_relax"":false,""portable"":false,""short_lunch_break"":true}",
98,Canh bầu,đồ ăn,"bầu, thịt heo, tôm khô, hành lá","thịt heo (nhiều/ít), tôm khô (nhiều/ít/không), bầu (nhiều/ít), hành lá (nhiều/ít/không)","{""thịt_heo"": [""nhiều"", ""ít""], ""tôm_khô"": [""nhiều"", ""ít"", ""không""], ""bầu"": [""nhiều"", ""ít""], ""hành_lá"": [""nhiều"", ""ít"", ""không""]}","Canh bầu thanh mát, dễ tiêu, rất hợp người mới bệnh dậy. Không phù hợp người gout nếu nhiều tôm khô.","{""type"":""đồ ăn"",""taste"":[""fresh"",""light"",""sweet""],""ingredients"":[""bầu"",""thịt heo"",""tôm khô"",""hành lá""],""options"":[""thịt heo (nhiều/ít)"",""tôm khô (nhiều/ít/không)"",""bầu (nhiều/ít)"",""hành lá (nhiều/ít/không)""],""suitable_for"":[""weak_digestive_system"",""elderly"",""light_meal""],""avoid_for"":[""gout""]}","{""good_for"":[""weak_digestive_system"",""elderly"",""light_meal""],""bad_for"":[""gout""]}","{""morning"":true,""noon"":true,""evening"":true,""midnight"":false,""hot_weather"":true,""cold_weather"":false,""rainy"":false,""sunny_strong"":true,""pre_work"":true,""post_work"":true,""post_workout"":true,""light_meal"":true,""want_hot_food"":true,""want_cold_food"":false,""in_a_hurry"":true,""on_the_go"":false,""with_friends"":false,""need_relax"":false,""portable"":false,""short_lunch_break"":true}",
99,Canh su su,đồ ăn,"su su, thịt băm, tôm khô, nấm","thịt băm (nhiều/ít/không), tôm khô (nhiều/ít/không), su su (nhiều/ít)","{""thịt_băm"": [""nhiều"", ""ít"", ""không""], ""tôm_khô"": [""nhiều"", ""ít"", ""không""], ""su_su"": [""nhiều"", ""ít""]}","Canh su su ngọt thanh, dễ tiêu. Không phù hợp người gout (tôm khô).","{""type"":""đồ ăn"",""taste"":[""fresh"",""light"",""sweet""],""ingredients"":[""su su"",""thịt băm"",""tôm khô"",""nấm""],""options"":[""thịt băm (nhiều/ít/không)"",""tôm khô (nhiều/ít/không)"",""su su (nhiều/ít)""],""suitable_for"":[""weak_digestive_system"",""light_meal""],""avoid_for"":[""gout""]}","{""good_for"":[""weak_digestive_system"",""light_meal""],""bad_for"":[""gout""]}","{""morning"":true,""noon"":true,""evening"":true,""midnight"":false,""hot_weather"":true,""cold_weather"":false,""rainy"":false,""sunny_strong"":true,""pre_work"":true,""post_work"":true,""post_workout"":true,""light_meal"":true,""want_hot_food"":true,""want_cold_food"":false,""in_a_hurry"":true,""on_the_go"":false,""with_friends"":false,""need_relax"":false,""portable"":false,""short_lunch_break"":true}",
100,Canh cải thảo,đồ ăn,"cải thảo, thịt băm, nấm hương","nấm hương (nhiều/ít), cải thảo (nhiều/ít)","{""nấm_hương"": [""nhiều"", ""ít""], ""cải_thảo"": [""nhiều"", ""ít""]}","Canh cải thảo thanh, ít béo, dễ tiêu. Phù hợp người tiêu hóa yếu. Không phù hợp người dị ứng nấm.","{""type"":""đồ ăn"",""taste"":[""light"",""fresh"",""savory""],""ingredients"":[""cải thảo"",""thịt băm"",""nấm hương""],""options"":[""nấm hương (nhiều/ít)"",""cải thảo (nhiều/ít)""],""suitable_for"":[""weak_digestive_system"",""diet"",""light_meal""],""avoid_for"":[""mushroom_allergy""]}","{""good_for"":[""weak_digestive_system"",""diet"",""light_meal""],""bad_for"":[""mushroom_allergy""]}","{""morning"":true,""noon"":true,""evening"":true,""midnight"":false,""hot_weather"":true,""cold_weather"":false,""rainy"":false,""sunny_strong"":true,""pre_work"":true,""post_work"":true,""post_workout"":true,""light_meal"":true,""want_hot_food"":true,""want_cold_food"":false,""in_a_hurry"":true,""on_the_go"":false,""with_friends"":false,""need_relax"":false,""portable"":false,""short_lunch_break"":true}",
101,Canh củ cải,đồ ăn,"củ cải trắng, thịt heo, tôm khô","thịt heo (nhiều/ít), tôm khô (nhiều/ít/không), củ cải (nhiều/ít)","{""thịt_heo"": [""nhiều"", ""ít""], ""tôm_khô"": [""nhiều"", ""ít"", ""không""], ""củ_cải"": [""nhiều"", ""ít""]}","Canh củ cải thanh nhẹ, giải nhiệt và hỗ trợ tiêu hóa. Không phù hợp người huyết áp thấp hoặc lạnh bụng.","{""type"":""đồ ăn"",""taste"":[""light"",""fresh"",""sweet""],""ingredients"":[""củ cải trắng"",""thịt heo"",""tôm khô""],""options"":[""thịt heo (nhiều/ít)"",""tôm khô (nhiều/ít/không)"",""củ cải (nhiều/ít)""],""suitable_for"":[""weak_digestive_system"",""hot_weather"",""elderly""],""avoid_for"":[""low_blood_pressure"",""weak_stomach""]}","{""good_for"":[""weak_digestive_system"",""hot_weather"",""elderly""],""bad_for"":[""low_blood_pressure"",""weak_stomach""]}","{""morning"":true,""noon"":true,""evening"":true,""midnight"":false,""hot_weather"":true,""cold_weather"":false,""rainy"":false,""sunny_strong"":true,""pre_work"":true,""post_work"":true,""post_workout"":true,""light_meal"":true,""want_hot_food"":true,""want_cold_food"":false,""in_a_hurry"":true,""on_the_go"":false,""with_friends"":false,""need_relax"":false,""portable"":false,""short_lunch_break"":true}",
102,Canh tía tô,đồ ăn,"tía tô, thịt băm, tôm","thịt băm (nhiều/ít/không), tôm (nhiều/ít), tía tô (nhiều/ít)","{""thịt_băm"": [""nhiều"", ""ít"", ""không""], ""tôm"": [""nhiều"", ""ít""], ""tía_tô"": [""nhiều"", ""ít""]}","Canh tía tô ấm nóng, giảm cảm lạnh, giải cảm. Không phù hợp người huyết áp thấp nếu dùng quá nhiều tía tô.","{""type"":""đồ ăn"",""taste"":[""herbal"",""savory"",""warm""],""ingredients"":[""tía tô"",""thịt băm"",""tôm""],""options"":[""thịt băm (nhiều/ít/không)"",""tôm (nhiều/ít)"",""tía tô (nhiều/ít)""],""suitable_for"":[""cold_weather"",""flu_recovery""],""avoid_for"":[""low_blood_pressure""]}","{""good_for"":[""cold_weather"",""flu_recovery""],""bad_for"":[""low_blood_pressure""]}","{""morning"":true,""noon"":true,""evening"":true,""midnight"":false,""hot_weather"":false,""cold_weather"":true,""rainy"":true,""sunny_strong"":false,""pre_work"":false,""post_work"":true,""post_workout"":false,""light_meal"":true,""want_hot_food"":true,""want_cold_food"":false,""in_a_hurry"":false,""on_the_go"":false,""with_friends"":false,""need_relax"":true,""portable"":false,""short_lunch_break"":false}",
103,Canh hẹ,đồ ăn,"hẹ, thịt băm, tôm khô","thịt băm (nhiều/ít), tôm khô (nhiều/ít), hẹ (nhiều/ít)","{""thịt_băm"": [""nhiều"", ""ít""], ""tôm_khô"": [""nhiều"", ""ít""], ""hẹ"": [""nhiều"", ""ít""]}","Canh hẹ thơm, ấm, hỗ trợ hô hấp. Không phù hợp người dạ dày yếu.","{""type"":""đồ ăn"",""taste"":[""herbal"",""savory"",""warm""],""ingredients"":[""hẹ"",""thịt băm"",""tôm khô""],""options"":[""thịt băm (nhiều/ít)"",""tôm khô (nhiều/ít)"",""hẹ (nhiều/ít)""],""suitable_for"":[""respiratory_support"",""cold_weather""],""avoid_for"":[""gastritis"",""weak_stomach""]}","{""good_for"":[""respiratory_support"",""cold_weather""],""bad_for"":[""gastritis"",""weak_stomach""]}","{""morning"":true,""noon"":true,""evening"":true,""midnight"":false,""hot_weather"":false,""cold_weather"":true,""rainy"":true,""sunny_strong"":false,""pre_work"":false,""post_work"":true,""post_workout"":false,""light_meal"":true,""want_hot_food"":true,""want_cold_food"":false,""in_a_hurry"":false,""on_the_go"":false,""with_friends"":false,""need_relax"":true,""portable"":false,""short_lunch_break"":false}",
104,Canh chua cá lóc,đồ ăn,"cá lóc, cà chua, dứa, rau om","cà chua (nhiều/ít), dứa (nhiều/ít/không)","{""cà_chua"": [""nhiều"", ""ít""], ""dứa"": [""nhiều"", ""ít"", ""không""]}","Canh chua cá lóc chua ngọt thanh mát, dễ tiêu. Không phù hợp người dạ dày yếu.","{""type"":""đồ ăn"",""taste"":[""sour"",""fresh"",""umami""],""ingredients"":[""cá lóc"",""cà chua"",""dứa"",""rau om""],""options"":[""cà chua (nhiều/ít)"",""dứa (nhiều/ít/không)""],""suitable_for"":[""hot_weather"",""light_meal""],""avoid_for"":[""gastritis"",""weak_stomach""]}","{""good_for"":[""hot_weather"",""light_meal""],""bad_for"":[""gastritis"",""weak_stomach""]}","{""morning"":true,""noon"":true,""evening"":true,""midnight"":false,""hot_weather"":true,""cold_weather"":false,""rainy"":true,""sunny_strong"":true,""pre_work"":false,""post_work"":true,""post_workout"":true,""light_meal"":true,""want_hot_food"":true,""want_cold_food"":false,""in_a_hurry"":true,""on_the_go"":false,""with_friends"":false,""need_relax"":false,""portable"":false,""short_lunch_break"":true}",
105,Canh gà hầm,đồ ăn,"gà, gừng, hành lá, rượu","gừng (nhiều/ít), rượu (nhiều/ít/không), hành lá (nhiều/ít/không)","{""gừng"": [""nhiều"", ""ít""], ""rượu"": [""nhiều"", ""ít"", ""không""], ""hành_lá"": [""nhiều"", ""ít"", ""không""]}","Canh gà hầm bổ dưỡng, ấm người, tốt cho người mới bệnh. Không phù hợp người cao huyết áp hoặc gout.","{""type"":""đồ ăn"",""taste"":[""savory"",""warm"",""herbal""],""ingredients"":[""gà"",""gừng"",""hành lá"",""rượu""],""options"":[""gừng (nhiều/ít)"",""rượu (nhiều/ít/không)"",""hành lá (nhiều/ít/không)""],""suitable_for"":[""cold_weather"",""recovery"",""elderly""],""avoid_for"":[""high_blood_pressure"",""gout""]}","{""good_for"":[""cold_weather"",""recovery"",""elderly""],""bad_for"":[""high_blood_pressure"",""gout""]}","{""morning"":false,""noon"":true,""evening"":true,""midnight"":false,""hot_weather"":false,""cold_weather"":true,""rainy"":true,""sunny_strong"":false,""pre_work"":false,""post_work"":true,""post_workout"":false,""light_meal"":false,""want_hot_food"":true,""want_cold_food"":false,""in_a_hurry"":false,""on_the_go"":false,""with_friends"":false,""need_relax"":true,""portable"":false,""short_lunch_break"":false}",
106,Canh nấm,đồ ăn,"nấm rơm, nấm hương, thịt heo","nấm hương (nhiều/ít/không), thịt heo (nhiều/ít/không)","{""nấm_hương"": [""nhiều"", ""ít"", ""không""], ""thịt_heo"": [""nhiều"", ""ít"", ""không""]}","Canh nấm thanh đạm, giàu dinh dưỡng, tốt cho tiêu hóa. Không phù hợp người dị ứng nấm.","{""type"":""đồ ăn"",""taste"":[""light"",""fresh"",""umami""],""ingredients"":[""nấm rơm"",""nấm hương"",""thịt heo""],""options"":[""nấm hương (nhiều/ít/không)"",""thịt heo (nhiều/ít/không)""],""suitable_for"":[""diet"",""weak_digestive_system"",""elderly""],""avoid_for"":[""mushroom_allergy""]}","{""good_for"":[""diet"",""weak_digestive_system"",""elderly""],""bad_for"":[""mushroom_allergy""]}","{""morning"":true,""noon"":true,""evening"":true,""midnight"":false,""hot_weather"":true,""cold_weather"":true,""rainy"":true,""sunny_strong"":false,""pre_work"":true,""post_work"":true,""post_workout"":true,""light_meal"":true,""want_hot_food"":true,""want_cold_food"":false,""in_a_hurry"":true,""on_the_go"":false,""with_friends"":false,""need_relax"":false,""portable"":false,""short_lunch_break"":true}",
107,Canh rau ngót,đồ ăn,"rau ngót, thịt băm, tôm","tôm (nhiều/ít), thịt bằm (nhiều/ít), rau ngót (nhiều/ít)","{""tôm"": [""nhiều"", ""ít""], ""thịt_bằm"": [""nhiều"", ""ít""], ""rau_ngót"": [""nhiều"", ""ít""]}","Canh rau ngót mát, sạch, tốt cho phụ nữ sau sinh và người nóng trong. Không phù hợp người tỳ vị yếu.","{""type"":""đồ ăn"",""taste"":[""fresh"",""light"",""sweet""],""ingredients"":[""rau ngót"",""thịt băm"",""tôm""],""options"":[""tôm (nhiều/ít)"",""thịt bằm (nhiều/ít)"",""rau ngót (nhiều/ít)""],""suitable_for"":[""postpartum"",""hot_weather"",""elderly""],""avoid_for"":[""weak_stomach""]}","{""good_for"":[""postpartum"",""hot_weather"",""elderly""],""bad_for"":[""weak_stomach""]}","{""morning"":true,""noon"":true,""evening"":true,""midnight"":false,""hot_weather"":true,""cold_weather"":false,""rainy"":false,""sunny_strong"":true,""pre_work"":true,""post_work"":true,""post_workout"":true,""light_meal"":true,""want_hot_food"":true,""want_cold_food"":false,""in_a_hurry"":true,""on_the_go"":false,""with_friends"":false,""need_relax"":false,""portable"":false,""short_lunch_break"":true}",
108,Thịt nướng lá chuối,đồ ăn,"Thịt heo, lá chuối, mắm ruốc, ớt","ớt (Nhiều/Ít/Không), mắm ruốc (Nhiều/Ít/Không)","{""ớt"": [""nhiều"", ""ít"", ""không""], ""mắm_ruốc"": [""nhiều"", ""ít"", ""không""]}","Thịt nướng lá chuối thơm, đậm vị, hơi mặn. Không phù hợp người cao huyết áp hoặc gout.","{""type"":""đồ ăn"",""taste"":[""savory"",""salty"",""smoky""],""ingredients"":[""thịt heo"",""lá chuối"",""mắm ruốc"",""ớt""],""options"":[""ớt (Nhiều/Ít/Không)"",""mắm ruốc (Nhiều/Ít/Không)""],""suitable_for"":[""high_energy""],""avoid_for"":[""high_blood_pressure"",""gout""]}","{""good_for"":[""high_energy""],""bad_for"":[""high_blood_pressure"",""gout""]}","{""morning"":false,""noon"":true,""evening"":true,""midnight"":false,""hot_weather"":false,""cold_weather"":true,""rainy"":false,""sunny_strong"":false,""pre_work"":false,""post_work"":true,""post_workout"":false,""light_meal"":false,""want_hot_food"":true,""want_cold_food"":false,""in_a_hurry"":false,""on_the_go"":false,""with_friends"":true,""need_relax"":false,""portable"":false,""short_lunch_break"":false}",
109,Sườn nướng,đồ ăn,"Sườn heo, mật ong, tỏi, ớt","Mật ong (Nhiều/Ít/Không), Tỏi (Nhiều/Ít/Không), Ớt (Nhiều/Ít/Không)","{""mật_ong"": [""nhiều"", ""ít"", ""không""], ""tỏi"": [""nhiều"", ""ít"", ""không""], ""ớt"": [""nhiều"", ""ít"", ""không""]}","Sườn nướng đậm vị, hơi ngọt và nhiều năng lượng. Không phù hợp người béo phì hoặc tiểu đường.","{""type"":""đồ ăn"",""taste"":[""sweet"",""savory"",""smoky""],""ingredients"":[""sườn heo"",""mật ong"",""tỏi"",""ớt""],""options"":[""Mật ong (Nhiều/Ít/Không)"",""Tỏi (Nhiều/Ít/Không)"",""Ớt (Nhiều/Ít/Không)""],""suitable_for"":[""high_energy""],""avoid_for"":[""obesity"",""diabetes""]}","{""good_for"":[""high_energy""],""bad_for"":[""obesity"",""diabetes""]}","{""morning"":false,""noon"":true,""evening"":true,""midnight"":false,""hot_weather"":false,""cold_weather"":true,""rainy"":false,""sunny_strong"":false,""pre_work"":false,""post_work"":true,""post_workout"":false,""light_meal"":false,""want_hot_food"":true,""want_cold_food"":false,""in_a_hurry"":false,""on_the_go"":false,""with_friends"":true,""need_relax"":false,""portable"":false,""short_lunch_break"":false}",
110,Gà nướng lá chuối,đồ ăn,"Gà, lá chuối, sả, gừng, tỏi","Sả (Nhiều/Ít/Không), Gừng (Nhiều/Ít/Không), Tỏi (Nhiều/Ít/Không)","{""sả"": [""nhiều"", ""ít"", ""không""], ""gừng"": [""nhiều"", ""ít"", ""không""], ""tỏi"": [""nhiều"", ""ít"", ""không""]}","Gà nướng lá chuối thơm, ít béo, dễ ăn. Không phù hợp người dạ dày yếu nếu ăn quá cay.","{""type"":""đồ ăn"",""taste"":[""savory"",""fresh"",""aromatic""],""ingredients"":[""gà"",""lá chuối"",""sả"",""gừng"",""tỏi""],""options"":[""Sả (Nhiều/Ít/Không)"",""Gừng (Nhiều/Ít/Không)"",""Tỏi (Nhiều/Ít/Không)""],""suitable_for"":[""diet"",""light_meal""],""avoid_for"":[""gastritis"",""weak_stomach""]}","{""good_for"":[""diet"",""light_meal""],""bad_for"":[""gastritis"",""weak_stomach""]}","{""morning"":false,""noon"":true,""evening"":true,""midnight"":false,""hot_weather"":true,""cold_weather"":true,""rainy"":false,""sunny_strong"":true,""pre_work"":true,""post_work"":true,""post_workout"":true,""light_meal"":true,""want_hot_food"":true,""want_cold_food"":false,""in_a_hurry"":false,""on_the_go"":false,""with_friends"":true,""need_relax"":false,""portable"":false,""short_lunch_break"":false}",
111,Chân giò hầm,đồ ăn,"Chân giò, hạt tiêu, mật ong, quế","mật ong (Nhiều/Ít), quế (Nhiều/Ít/Không)","{""mật_ong"": [""nhiều"", ""ít""], ""quế"": [""nhiều"", ""ít"", ""không""]}","Chân giò hầm béo, bổ máu, phù hợp người thiếu năng lượng. Không phù hợp người béo phì hoặc cholesterol cao.","{""type"":""đồ ăn"",""taste"":[""fatty"",""savory"",""sweet""],""ingredients"":[""chân giò"",""hạt tiêu"",""mật ong"",""quế""],""options"":[""mật ong (Nhiều/Ít)"",""quế (Nhiều/Ít/Không)""],""suitable_for"":[""elderly"",""recovery""],""avoid_for"":[""obesity"",""high_cholesterol""]}","{""good_for"":[""elderly"",""recovery""],""bad_for"":[""obesity"",""high_cholesterol""]}","{""morning"":false,""noon"":true,""evening"":true,""midnight"":false,""hot_weather"":false,""cold_weather"":true,""rainy"":true,""sunny_strong"":false,""pre_work"":false,""post_work"":true,""post_workout"":false,""light_meal"":false,""want_hot_food"":true,""want_cold_food"":false,""in_a_hurry"":false,""on_the_go"":false,""with_friends"":true,""need_relax"":false,""portable"":false,""short_lunch_break"":false}",
112,Vịt nướng,đồ ăn,"Vịt, lá chuối, sả, tỏi, ớt","Sả (Nhiều/Ít/Không), Tỏi (Nhiều/Ít/Không), Ớt (Nhiều/Ít/Không)","{""sả"": [""nhiều"", ""ít"", ""không""], ""tỏi"": [""nhiều"", ""ít"", ""không""], ""ớt"": [""nhiều"", ""ít"", ""không""]}","Vịt nướng đậm vị, hơi béo. Không phù hợp người cao huyết áp hoặc cholesterol cao.","{""type"":""đồ ăn"",""taste"":[""savory"",""smoky"",""fatty""],""ingredients"":[""vịt"",""lá chuối"",""sả"",""tỏi"",""ớt""],""options"":[""Sả (Nhiều/Ít/Không)"",""Tỏi (Nhiều/Ít/Không)"",""Ớt (Nhiều/Ít/Không)""],""suitable_for"":[""high_energy""],""avoid_for"":[""high_blood_pressure"",""high_cholesterol""]}","{""good_for"":[""high_energy""],""bad_for"":[""high_blood_pressure"",""high_cholesterol""]}","{""morning"":false,""noon"":true,""evening"":true,""midnight"":false,""hot_weather"":false,""cold_weather"":true,""rainy"":false,""sunny_strong"":false,""pre_work"":false,""post_work"":true,""post_workout"":false,""light_meal"":false,""want_hot_food"":true,""want_cold_food"":false,""in_a_hurry"":false,""on_the_go"":false,""with_friends"":true,""need_relax"":false,""portable"":false,""short_lunch_break"":false}",
113,Heo quay,đồ ăn,"Thịt heo, da giòn, tỏi, ngũ vị hương",Tỏi (Nhiều/Ít/Không),"{""tỏi"": [""nhiều"", ""ít"", ""không""]}","Heo quay béo, giòn, đậm vị. Không phù hợp người béo phì hoặc cao huyết áp.","{""type"":""đồ ăn"",""taste"":[""fatty"",""crispy"",""savory""],""ingredients"":[""thịt heo"",""da giòn"",""tỏi"",""ngũ vị hương""],""options"":[""Tỏi (Nhiều/Ít/Không)""],""suitable_for"":[""high_energy""],""avoid_for"":[""obesity"",""high_blood_pressure"",""high_cholesterol""]}","{""good_for"":[""high_energy""],""bad_for"":[""obesity"",""high_blood_pressure"",""high_cholesterol""]}","{""morning"":false,""noon"":true,""evening"":true,""midnight"":false,""hot_weather"":false,""cold_weather"":true,""rainy"":false,""sunny_strong"":false,""pre_work"":false,""post_work"":true,""post_workout"":false,""light_meal"":false,""want_hot_food"":true,""want_cold_food"":false,""in_a_hurry"":false,""on_the_go"":false,""with_friends"":true,""need_relax"":false,""portable"":false,""short_lunch_break"":false}",
114,Nem nướng Nha Trang,đồ ăn,"Thịt heo băm, bánh tráng, rau thơm, nước chấm","Rau thơm (Nhiều/Ít/Không), Nước chấm (Nhiều/Ít)","{""rau_thơm"": [""nhiều"", ""ít"", ""không""], ""nước_chấm"": [""nhiều"", ""ít""]}","Nem nướng Nha Trang thơm, đậm vị, ăn kèm nhiều rau. Không phù hợp người cao huyết áp nếu ăn quá mặn.","{""type"":""đồ ăn"",""taste"":[""savory"",""fresh"",""smoky""],""ingredients"":[""thịt heo băm"",""bánh tráng"",""rau thơm"",""nước chấm""],""options"":[""Rau thơm (Nhiều/Ít/Không)"",""Nước chấm (Nhiều/Ít)""],""suitable_for"":[""with_friends""],""avoid_for"":[""high_blood_pressure""]}","{""good_for"":[""with_friends""],""bad_for"":[""high_blood_pressure""]}","{""morning"":false,""noon"":true,""evening"":true,""midnight"":false,""hot_weather"":true,""cold_weather"":false,""rainy"":false,""sunny_strong"":false,""pre_work"":false,""post_work"":true,""post_workout"":false,""light_meal"":false,""want_hot_food"":true,""want_cold_food"":false,""in_a_hurry"":false,""on_the_go"":false,""with_friends"":true,""need_relax"":false,""portable"":true,""short_lunch_break"":false}",
115,Gà ta luộc,đồ ăn,"Gà ta, gừng, hành lá, muối","Gừng (Nhiều/Ít/Không), Hành lá (Nhiều/Ít/Không), Muối (Nhiều/Ít/Không)","{""gừng"": [""nhiều"", ""ít"", ""không""], ""hành_lá"": [""nhiều"", ""ít"", ""không""], ""muối"": [""nhiều"", ""ít"", ""không""]}","Gà ta luộc thanh đạm, ít dầu mỡ, dễ tiêu. Không phù hợp người cao huyết áp nếu dùng nhiều muối.","{""type"":""đồ ăn"",""taste"":[""light"",""savory"",""fresh""],""ingredients"":[""gà ta"",""gừng"",""hành lá"",""muối""],""options"":[""Gừng (Nhiều/Ít/Không)"",""Hành lá (Nhiều/Ít/Không)"",""Muối (Nhiều/Ít/Không)""],""suitable_for"":[""diet"",""light_meal"",""weak_digestive_system""],""avoid_for"":[""high_blood_pressure""]}","{""good_for"":[""diet"",""light_meal"",""weak_digestive_system""],""bad_for"":[""high_blood_pressure""]}","{""morning"":true,""noon"":true,""evening"":true,""midnight"":false,""hot_weather"":true,""cold_weather"":true,""rainy"":false,""sunny_strong"":false,""pre_work"":true,""post_work"":true,""post_workout"":true,""light_meal"":true,""want_hot_food"":true,""want_cold_food"":false,""in_a_hurry"":true,""on_the_go"":true,""with_friends"":true,""need_relax"":false,""portable"":true,""short_lunch_break"":true}",
116,Vịt om sấu,đồ ăn,"Vịt, sấu, lá lốt, tỏi","Sấu (Nhiều/Ít), Lá lốt (Nhiều/Ít/Không), Tỏi (Nhiều/Ít/Không)","{""sấu"": [""nhiều"", ""ít""], ""lá_lốt"": [""nhiều"", ""ít"", ""không""], ""tỏi"": [""nhiều"", ""ít"", ""không""]}","Vịt om sấu chua thanh, thịt mềm, hợp trời nóng. Không phù hợp người dạ dày yếu hoặc gout.","{""type"":""đồ ăn"",""taste"":[""sour"",""savory"",""fresh""],""ingredients"":[""vịt"",""sấu"",""lá lốt"",""tỏi""],""options"":[""Sấu (Nhiều/Ít)"",""Lá lốt (Nhiều/Ít/Không)"",""Tỏi (Nhiều/Ít/Không)""],""suitable_for"":[""hot_weather""],""avoid_for"":[""gout"",""gastritis"",""weak_stomach""]}","{""good_for"":[""hot_weather""],""bad_for"":[""gout"",""gastritis"",""weak_stomach""]}","{""morning"":false,""noon"":true,""evening"":true,""midnight"":false,""hot_weather"":true,""cold_weather"":false,""rainy"":true,""sunny_strong"":true,""pre_work"":false,""post_work"":true,""post_workout"":false,""light_meal"":false,""want_hot_food"":true,""want_cold_food"":false,""in_a_hurry"":false,""on_the_go"":false,""with_friends"":true,""need_relax"":false,""portable"":false,""short_lunch_break"":false}",
117,Thịt ba chỉ nướng,đồ ăn,"Thịt ba chỉ, mắm ruốc, ớt, tỏi","Mắm ruốc (Nhiều/Ít/Không), Ớt (Nhiều/Ít/Không), Tỏi (Nhiều/Ít/Không)","{""mắm_ruốc"": [""nhiều"", ""ít"", ""không""], ""ớt"": [""nhiều"", ""ít"", ""không""], ""tỏi"": [""nhiều"", ""ít"", ""không""]}","Thịt ba chỉ nướng béo, đậm vị. Không phù hợp người béo phì, cao huyết áp hoặc gan nhiễm mỡ.","{""type"":""đồ ăn"",""taste"":[""fatty"",""savory"",""salty""],""ingredients"":[""thịt ba chỉ"",""mắm ruốc"",""ớt"",""tỏi""],""options"":[""Mắm ruốc (Nhiều/Ít/Không)"",""Ớt (Nhiều/Ít/Không)"",""Tỏi (Nhiều/Ít/Không)""],""suitable_for"":[""high_energy""],""avoid_for"":[""obesity"",""high_blood_pressure"",""fatty_liver""]}","{""good_for"":[""high_energy""],""bad_for"":[""obesity"",""high_blood_pressure"",""fatty_liver""]}","{""morning"":false,""noon"":true,""evening"":true,""midnight"":false,""hot_weather"":false,""cold_weather"":true,""rainy"":false,""sunny_strong"":false,""pre_work"":false,""post_work"":true,""post_workout"":false,""light_meal"":false,""want_hot_food"":true,""want_cold_food"":false,""in_a_hurry"":false,""on_the_go"":false,""with_friends"":true,""need_relax"":false,""portable"":false,""short_lunch_break"":false}",
118,Gà cà ri,đồ ăn,"Gà, Bột cà ri, Khoai tây, Cà rốt","Khoai tây (Nhiều/Ít), Cà rốt (Nhiều/Ít)","{""khoai_tây"": [""nhiều"", ""ít""], ""cà_rốt"": [""nhiều"", ""ít""]}","Gà cà ri cay béo, giàu năng lượng. Không phù hợp người dạ dày yếu hoặc cao huyết áp.","{""type"":""đồ ăn"",""taste"":[""spicy"",""savory"",""fatty""],""ingredients"":[""gà"",""bột cà ri"",""khoai tây"",""cà rốt""],""options"":[""Khoai tây (Nhiều/Ít)"",""Cà rốt (Nhiều/Ít)""],""suitable_for"":[""high_energy""],""avoid_for"":[""gastritis"",""high_blood_pressure""]}","{""good_for"":[""high_energy""],""bad_for"":[""gastritis"",""high_blood_pressure""]}","{""morning"":false,""noon"":true,""evening"":true,""midnight"":false,""hot_weather"":false,""cold_weather"":true,""rainy"":true,""sunny_strong"":false,""pre_work"":false,""post_work"":true,""post_workout"":false,""light_meal"":false,""want_hot_food"":true,""want_cold_food"":false,""in_a_hurry"":false,""on_the_go"":false,""with_friends"":true,""need_relax"":false,""portable"":false,""short_lunch_break"":false}",
119,Bò né,đồ ăn,"Thịt bò, Bánh mì, Trứng, Paté","Trứng (Nhiều/Ít/Không), Paté (Nhiều/Ít/Không)","{""trứng"": [""nhiều"", ""ít"", ""không""], ""paté"": [""nhiều"", ""ít"", ""không""]}","Bò né giàu đạm, béo và nhiều năng lượng. Không phù hợp người cao cholesterol hoặc béo phì.","{""type"":""đồ ăn"",""taste"":[""fatty"",""savory"",""umami""],""ingredients"":[""thịt bò"",""bánh mì"",""trứng"",""paté""],""options"":[""Trứng (Nhiều/Ít/Không)"",""Paté (Nhiều/Ít/Không)""],""suitable_for"":[""high_energy"",""high_protein""],""avoid_for"":[""high_cholesterol"",""obesity""]}","{""good_for"":[""high_energy"",""high_protein""],""bad_for"":[""high_cholesterol"",""obesity""]}","{""morning"":true,""noon"":true,""evening"":false,""midnight"":false,""hot_weather"":false,""cold_weather"":true,""rainy"":false,""sunny_strong"":false,""pre_work"":true,""post_work"":false,""post_workout"":false,""light_meal"":false,""want_hot_food"":true,""want_cold_food"":false,""in_a_hurry"":false,""on_the_go"":false,""with_friends"":true,""need_relax"":false,""portable"":false,""short_lunch_break"":false}",
120,Chim cút nướng,đồ ăn,"Chim cút, Mật ong, Tỏi, Ớt","Mật ong (Nhiều/Ít/Không), Tỏi (Nhiều/Ít/Không), Ớt (Nhiều/Ít/Không)","{""mật_ong"": [""nhiều"", ""ít"", ""không""], ""tỏi"": [""nhiều"", ""ít"", ""không""], ""ớt"": [""nhiều"", ""ít"", ""không""]}","Chim cút nướng thơm, đậm vị, giàu đạm. Không phù hợp người cao huyết áp hoặc tiểu đường.","{""type"":""đồ ăn"",""taste"":[""savory"",""sweet"",""smoky""],""ingredients"":[""chim cút"",""mật ong"",""tỏi"",""ớt""],""options"":[""Mật ong (Nhiều/Ít/Không)"",""Tỏi (Nhiều/Ít/Không)"",""Ớt (Nhiều/Ít/Không)""],""suitable_for"":[""high_protein""],""avoid_for"":[""high_blood_pressure"",""diabetes""]}","{""good_for"":[""high_protein""],""bad_for"":[""high_blood_pressure"",""diabetes""]}","{""morning"":false,""noon"":true,""evening"":true,""midnight"":false,""hot_weather"":false,""cold_weather"":true,""rainy"":false,""sunny_strong"":false,""pre_work"":false,""post_work"":true,""post_workout"":false,""light_meal"":false,""want_hot_food"":true,""want_cold_food"":false,""in_a_hurry"":false,""on_the_go"":false,""with_friends"":true,""need_relax"":false,""portable"":false,""short_lunch_break"":false}",
121,Cá nướng,đồ ăn,"Cá, Lá chuối, Nghệ, Tỏi","Nghệ (Nhiều/Ít/Không), Tỏi (Nhiều/Ít/Không)","{""nghệ"": [""nhiều"", ""ít"", ""không""], ""tỏi"": [""nhiều"", ""ít"", ""không""]}","Cá nướng thanh, ít béo, giàu omega-3. Không phù hợp người dị ứng cá hoặc gout.","{""type"":""đồ ăn"",""taste"":[""savory"",""fresh"",""aromatic""],""ingredients"":[""cá"",""lá chuối"",""nghệ"",""tỏi""],""options"":[""Nghệ (Nhiều/Ít/Không)"",""Tỏi (Nhiều/Ít/Không)""],""suitable_for"":[""diet"",""light_meal""],""avoid_for"":[""seafood_allergy"",""gout""]}","{""good_for"":[""diet"",""light_meal""],""bad_for"":[""seafood_allergy"",""gout""]}","{""morning"":false,""noon"":true,""evening"":true,""midnight"":false,""hot_weather"":true,""cold_weather"":true,""rainy"":false,""sunny_strong"":true,""pre_work"":true,""post_work"":true,""post_workout"":true,""light_meal"":true,""want_hot_food"":true,""want_cold_food"":false,""in_a_hurry"":true,""on_the_go"":true,""with_friends"":true,""need_relax"":false,""portable"":true,""short_lunch_break"":true}",
122,Thịt nướng xiên,đồ ăn,"Thịt heo, Bánh tráng, Rau sống","Bánh tráng (Nhiều/Ít/Không), Rau sống (Nhiều/Ít/Không)","{""bánh_tráng"": [""nhiều"", ""ít"", ""không""], ""rau_sống"": [""nhiều"", ""ít"", ""không""]}","Thịt nướng xiên tiện lợi, thơm và dễ ăn. Không phù hợp người cao huyết áp nếu dùng nhiều mắm nêm hoặc nước chấm.","{""type"":""đồ ăn"",""taste"":[""savory"",""smoky""],""ingredients"":[""thịt heo"",""bánh tráng"",""rau sống""],""options"":[""Bánh tráng (Nhiều/Ít/Không)"",""Rau sống (Nhiều/Ít/Không)""],""suitable_for"":[""on_the_go"",""with_friends""],""avoid_for"":[""high_blood_pressure""]}","{""good_for"":[""on_the_go"",""with_friends""],""bad_for"":[""high_blood_pressure""]}","{""morning"":false,""noon"":true,""evening"":true,""midnight"":false,""hot_weather"":true,""cold_weather"":false,""rainy"":false,""sunny_strong"":false,""pre_work"":true,""post_work"":true,""post_workout"":false,""light_meal"":false,""want_hot_food"":true,""want_cold_food"":false,""in_a_hurry"":true,""on_the_go"":true,""with_friends"":true,""need_relax"":false,""portable"":true,""short_lunch_break"":true}",
123,Sườn chua ngọt,đồ ăn,"Sườn heo, Cà chua, ớt chuông, Đường","Cà chua (Nhiều/Ít), hành lá (Nhiều/Ít/Không), Đường (Nhiều/Ít/Không)","{""cà_chua"": [""nhiều"", ""ít""], ""hành_lá"": [""nhiều"", ""ít"", ""không""], ""đường"": [""nhiều"", ""ít"", ""không""]}","Sườn chua ngọt đậm vị, ngọt và hơi béo. Không phù hợp người tiểu đường hoặc béo phì.","{""type"":""đồ ăn"",""taste"":[""sweet"",""sour"",""savory""],""ingredients"":[""sườn heo"",""cà chua"",""ớt chuông"",""đường""],""options"":[""Cà chua (Nhiều/Ít)"",""hành lá (Nhiều/Ít/Không)"",""Đường (Nhiều/Ít/Không)""],""suitable_for"":[""high_energy""],""avoid_for"":[""diabetes"",""obesity""]}","{""good_for"":[""high_energy""],""bad_for"":[""diabetes"",""obesity""]}","{""morning"":false,""noon"":true,""evening"":true,""midnight"":false,""hot_weather"":false,""cold_weather"":true,""rainy"":false,""sunny_strong"":false,""pre_work"":false,""post_work"":true,""post_workout"":false,""light_meal"":false,""want_hot_food"":true,""want_cold_food"":false,""in_a_hurry"":false,""on_the_go"":false,""with_friends"":true,""need_relax"":false,""portable"":false,""short_lunch_break"":false}",
124,Gà rán,đồ ăn,"Gà, Bột chiên, Ớt",Ớt (Nhiều/Ít/Không),"{""ớt"": [""nhiều"", ""ít"", ""không""]}","Gà rán giòn béo, nhiều năng lượng. Không phù hợp người béo phì, cholesterol cao hoặc cao huyết áp.","{""type"":""đồ ăn"",""taste"":[""fatty"",""crispy"",""savory""],""ingredients"":[""gà"",""bột chiên"",""ớt""],""options"":[""Ớt (Nhiều/Ít/Không)""],""suitable_for"":[""high_energy""],""avoid_for"":[""obesity"",""high_cholesterol"",""high_blood_pressure""]}","{""good_for"":[""high_energy""],""bad_for"":[""obesity"",""high_cholesterol"",""high_blood_pressure""]}","{""morning"":false,""noon"":true,""evening"":true,""midnight"":false,""hot_weather"":false,""cold_weather"":true,""rainy"":false,""sunny_strong"":false,""pre_work"":false,""post_work"":true,""post_workout"":false,""light_meal"":false,""want_hot_food"":true,""want_cold_food"":false,""in_a_hurry"":false,""on_the_go"":false,""with_friends"":true,""need_relax"":false,""portable"":false,""short_lunch_break"":false}",
125,Tôm rang me,đồ ăn,"Tôm, Me, Đường, Tỏi, Ớt","Me (Nhiều/Ít/Không), Đường (Nhiều/Ít/Không), Ớt (Nhiều/Ít/Không)","{""me"": [""nhiều"", ""ít"", ""không""], ""đường"": [""nhiều"", ""ít"", ""không""], ""ớt"": [""nhiều"", ""ít"", ""không""]}",Tôm rang me chua ngọt đậm vị. Không phù hợp người gout hoặc tiểu đường.,"{""type"":""đồ ăn"",""taste"":[""sour"",""sweet"",""umami""],""ingredients"":[""tôm"",""me"",""đường"",""tỏi"",""ớt""],""options"":[""Me (Nhiều/Ít/Không)"",""Đường (Nhiều/Ít/Không)"",""Ớt (Nhiều/Ít/Không)""],""suitable_for"":[""high_energy""],""avoid_for"":[""gout"",""diabetes""]}","{""good_for"":[""high_energy""],""bad_for"":[""gout"",""diabetes""]}","{""morning"":false,""noon"":true,""evening"":true,""midnight"":false,""hot_weather"":false,""cold_weather"":true,""rainy"":false,""sunny_strong"":false,""pre_work"":false,""post_work"":true,""post_workout"":false,""light_meal"":false,""want_hot_food"":true,""want_cold_food"":false,""in_a_hurry"":false,""on_the_go"":false,""with_friends"":true,""need_relax"":false,""portable"":false,""short_lunch_break"":false}",
126,Cá kho tộ miền Tây,đồ ăn,"Cá basa, Nước mắm, tỏi, Tiêu","nước mắm (Nhiều/Ít/Không), tiêu (Nhiều/Ít/Không), tỏi (Nhiều/Ít/Không), hành lá (Nhiều/Ít/Không)","{""nước_mắm"": [""nhiều"", ""ít"", ""không""], ""tiêu"": [""nhiều"", ""ít"", ""không""], ""tỏi"": [""nhiều"", ""ít"", ""không""], ""hành_lá"": [""nhiều"", ""ít"", ""không""]}","Cá kho tộ đặc trưng miền Tây, đậm vị và hơi béo. Không phù hợp người cao huyết áp hoặc gan nhiễm mỡ.","{""type"":""đồ ăn"",""taste"":[""salty"",""savory"",""fatty""],""ingredients"":[""cá basa"",""nước mắm"",""tỏi"",""tiêu""],""options"":[""nước mắm (Nhiều/Ít/Không)"",""tiêu (Nhiều/Ít/Không)"",""tỏi (Nhiều/Ít/Không)"",""hành lá (Nhiều/Ít/Không)""],""suitable_for"":[""high_energy""],""avoid_for"":[""high_blood_pressure"",""fatty_liver""]}","{""good_for"":[""high_energy""],""bad_for"":[""high_blood_pressure"",""fatty_liver""]}","{""morning"":false,""noon"":true,""evening"":true,""midnight"":false,""hot_weather"":false,""cold_weather"":true,""rainy"":false,""sunny_strong"":false,""pre_work"":false,""post_work"":true,""post_workout"":false,""light_meal"":false,""want_hot_food"":true,""want_cold_food"":false,""in_a_hurry"":false,""on_the_go"":false,""with_friends"":true,""need_relax"":false,""portable"":false,""short_lunch_break"":false}",
127,Cua rang me,đồ ăn,"Cua, Me, Tỏi, Ớt, Lá chanh","Me (Nhiều/Ít/Không), Lá chanh (Nhiều/Ít/Không), Ớt (Nhiều/Ít/Không)","{""me"": [""nhiều"", ""ít"", ""không""], ""lá_chanh"": [""nhiều"", ""ít"", ""không""], ""ớt"": [""nhiều"", ""ít"", ""không""]}","Cua rang me chua ngọt, đậm vị. Không phù hợp người gout hoặc dị ứng hải sản.","{""type"":""đồ ăn"",""taste"":[""sour"",""sweet"",""savory""],""ingredients"":[""cua"",""me"",""tỏi"",""ớt"",""lá chanh""],""options"":[""Me (Nhiều/Ít/Không)"",""Lá chanh (Nhiều/Ít/Không)"",""Ớt (Nhiều/Ít/Không)""],""suitable_for"":[""high_energy""],""avoid_for"":[""gout"",""seafood_allergy""]}","{""good_for"":[""high_energy""],""bad_for"":[""gout"",""seafood_allergy""]}","{""morning"":false,""noon"":true,""evening"":true,""midnight"":false,""hot_weather"":false,""cold_weather"":true,""rainy"":false,""sunny_strong"":false,""pre_work"":false,""post_work"":true,""post_workout"":false,""light_meal"":false,""want_hot_food"":true,""want_cold_food"":false,""in_a_hurry"":false,""on_the_go"":false,""with_friends"":true,""need_relax"":false,""portable"":false,""short_lunch_break"":false}",
128,Mực nướng,đồ ăn,"Mực, Tỏi, Ớt, Dầu hào, Hành","Tỏi (Nhiều/Ít/Không), Ớt (Nhiều/Ít/Không), Dầu hào (Nhiều/Ít/Không), Hành (Nhiều/Ít/Không)","{""tỏi"": [""nhiều"", ""ít"", ""không""], ""ớt"": [""nhiều"", ""ít"", ""không""], ""dầu_hào"": [""nhiều"", ""ít"", ""không""], ""hành"": [""nhiều"", ""ít"", ""không""]}","Mực nướng thơm, dai, giàu đạm. Không phù hợp người gout hoặc dị ứng hải sản.","{""type"":""đồ ăn"",""taste"":[""savory"",""smoky"",""umami""],""ingredients"":[""mực"",""tỏi"",""ớt"",""dầu hào"",""hành""],""options"":[""Tỏi (Nhiều/Ít/Không)"",""Ớt (Nhiều/Ít/Không)"",""Dầu hào (Nhiều/Ít/Không)"",""Hành (Nhiều/Ít/Không)""],""suitable_for"":[""high_protein""],""avoid_for"":[""gout"",""seafood_allergy""]}","{""good_for"":[""high_protein""],""bad_for"":[""gout"",""seafood_allergy""]}","{""morning"":false,""noon"":true,""evening"":true,""midnight"":false,""hot_weather"":true,""cold_weather"":true,""rainy"":false,""sunny_strong"":false,""pre_work"":false,""post_work"":true,""post_workout"":false,""light_meal"":false,""want_hot_food"":true,""want_cold_food"":false,""in_a_hurry"":false,""on_the_go"":false,""with_friends"":true,""need_relax"":false,""portable"":true,""short_lunch_break"":false}",
129,Ốc hấp lá chuối,đồ ăn,"Ốc, Lá chuối, Sả, Gừng, Ớt","Sả (Nhiều/Ít/Không), Gừng (Nhiều/Ít/Không), Ớt (Nhiều/Ít/Không)","{""sả"": [""nhiều"", ""ít"", ""không""], ""gừng"": [""nhiều"", ""ít"", ""không""], ""ớt"": [""nhiều"", ""ít"", ""không""]}","Ốc hấp lá chuối thơm, cay nhẹ, nhiều đạm. Không phù hợp người gout hoặc dị ứng hải sản.","{""type"":""đồ ăn"",""taste"":[""fresh"",""aromatic"",""savory""],""ingredients"":[""ốc"",""lá chuối"",""sả"",""gừng"",""ớt""],""options"":[""Sả (Nhiều/Ít/Không)"",""Gừng (Nhiều/Ít/Không)"",""Ớt (Nhiều/Ít/Không)""],""suitable_for"":[""light_meal"",""high_protein""],""avoid_for"":[""gout"",""seafood_allergy""]}","{""good_for"":[""light_meal"",""high_protein""],""bad_for"":[""gout"",""seafood_allergy""]}","{""morning"":false,""noon"":true,""evening"":true,""midnight"":false,""hot_weather"":true,""cold_weather"":false,""rainy"":true,""sunny_strong"":false,""pre_work"":false,""post_work"":true,""post_workout"":false,""light_meal"":true,""want_hot_food"":true,""want_cold_food"":false,""in_a_hurry"":false,""on_the_go"":false,""with_friends"":true,""need_relax"":false,""portable"":true,""short_lunch_break"":true}",
130,Tôm sú nướng,đồ ăn,"Tôm sú, Tỏi, Bơ, Muối ớt","Tỏi (Nhiều/Ít/Không), Bơ (Nhiều/Ít/Không), Muối ớt (Nhiều/Ít/Không)","{""tỏi"": [""nhiều"", ""ít"", ""không""], ""bơ"": [""nhiều"", ""ít"", ""không""], ""muối_ớt"": [""nhiều"", ""ít"", ""không""]}","Tôm sú nướng thơm, béo nhẹ, giàu đạm. Không phù hợp người gout hoặc dị ứng hải sản.","{""type"":""đồ ăn"",""taste"":[""savory"",""umami"",""aromatic""],""ingredients"":[""tôm sú"",""tỏi"",""bơ"",""muối ớt""],""options"":[""Tỏi (Nhiều/Ít/Không)"",""Bơ (Nhiều/Ít/Không)"",""Muối ớt (Nhiều/Ít/Không)""],""suitable_for"":[""high_protein""],""avoid_for"":[""gout"",""seafood_allergy""]}","{""good_for"":[""high_protein""],""bad_for"":[""gout"",""seafood_allergy""]}","{""morning"":false,""noon"":true,""evening"":true,""midnight"":false,""hot_weather"":true,""cold_weather"":false,""rainy"":false,""sunny_strong"":true,""pre_work"":true,""post_work"":true,""post_workout"":false,""light_meal"":false,""want_hot_food"":true,""want_cold_food"":false,""in_a_hurry"":false,""on_the_go"":false,""with_friends"":true,""need_relax"":false,""portable"":true,""short_lunch_break"":true}",
131,Cá nướng giấy bạc,đồ ăn,"Cá, Rau thơm, Nấm, Dầu hào","Rau thơm (Nhiều/Ít/Không), Nấm (Nhiều/Ít/Không), Dầu hào (Nhiều/Ít/Không)","{""rau_thơm"": [""nhiều"", ""ít"", ""không""], ""nấm"": [""nhiều"", ""ít"", ""không""], ""dầu_hào"": [""nhiều"", ""ít"", ""không""]}","Cá nướng giấy bạc thanh, ít dầu mỡ, giữ vị ngọt tự nhiên. Không phù hợp người dị ứng hải sản.","{""type"":""đồ ăn"",""taste"":[""fresh"",""savory"",""light""],""ingredients"":[""cá"",""rau thơm"",""nấm"",""dầu hào""],""options"":[""Rau thơm (Nhiều/Ít/Không)"",""Nấm (Nhiều/Ít/Không)"",""Dầu hào (Nhiều/Ít/Không)""],""suitable_for"":[""diet"",""light_meal""],""avoid_for"":[""seafood_allergy""]}","{""good_for"":[""diet"",""light_meal""],""bad_for"":[""seafood_allergy""]}","{""morning"":false,""noon"":true,""evening"":true,""midnight"":false,""hot_weather"":true,""cold_weather"":true,""rainy"":false,""sunny_strong"":true,""pre_work"":true,""post_work"":true,""post_workout"":true,""light_meal"":true,""want_hot_food"":true,""want_cold_food"":false,""in_a_hurry"":false,""on_the_go"":false,""with_friends"":true,""need_relax"":false,""portable"":false,""short_lunch_break"":true}",
132,Ghẹ rang me,đồ ăn,"Ghẹ, Me, Đường, Ớt, Lá chanh","Me (Nhiều/Ít), Đường (Nhiều/Ít/Không), Ớt (Nhiều/Ít/Không), Lá chanh (Nhiều/Ít/Không)","{""me"": [""nhiều"", ""ít""], ""đường"": [""nhiều"", ""ít"", ""không""], ""ớt"": [""nhiều"", ""ít"", ""không""], ""lá_chanh"": [""nhiều"", ""ít"", ""không""]}","Ghẹ rang me chua ngọt, đậm vị. Không phù hợp người gout hoặc dị ứng hải sản.","{""type"":""đồ ăn"",""taste"":[""sour"",""sweet"",""savory""],""ingredients"":[""ghẹ"",""me"",""đường"",""ớt"",""lá chanh""],""options"":[""Me (Nhiều/Ít)"",""Đường (Nhiều/Ít/Không)"",""Ớt (Nhiều/Ít/Không)"",""Lá chanh (Nhiều/Ít/Không)""],""suitable_for"":[""high_energy""],""avoid_for"":[""gout"",""seafood_allergy""]}","{""good_for"":[""high_energy""],""bad_for"":[""gout"",""seafood_allergy""]}","{""morning"":false,""noon"":true,""evening"":true,""midnight"":false,""hot_weather"":false,""cold_weather"":true,""rainy"":false,""sunny_strong"":false,""pre_work"":false,""post_work"":true,""post_workout"":false,""light_meal"":false,""want_hot_food"":true,""want_cold_food"":false,""in_a_hurry"":false,""on_the_go"":false,""with_friends"":true,""need_relax"":false,""portable"":false,""short_lunch_break"":false}",
133,Cá chiên xù,đồ ăn,"Cá, Bột chiên, Trứng, Dầu ăn","Trứng (Nhiều/Ít), Bột chiên (Nhiều/Ít)","{""trứng"": [""nhiều"", ""ít""], ""bột_chiên"": [""nhiều"", ""ít""]}","Cá chiên xù giòn béo, nhiều năng lượng. Không phù hợp người cao cholesterol hoặc béo phì.","{""type"":""đồ ăn"",""taste"":[""crispy"",""savory"",""fatty""],""ingredients"":[""cá"",""bột chiên"",""trứng"",""dầu ăn""],""options"":[""Trứng (Nhiều/Ít)"",""Bột chiên (Nhiều/Ít)""],""suitable_for"":[""high_energy""],""avoid_for"":[""high_cholesterol"",""obesity""]}","{""good_for"":[""high_energy""],""bad_for"":[""high_cholesterol"",""obesity""]}","{""morning"":false,""noon"":true,""evening"":true,""midnight"":false,""hot_weather"":false,""cold_weather"":true,""rainy"":false,""sunny_strong"":false,""pre_work"":false,""post_work"":true,""post_workout"":false,""light_meal"":false,""want_hot_food"":true,""want_cold_food"":false,""in_a_hurry"":false,""on_the_go"":false,""with_friends"":true,""need_relax"":false,""portable"":false,""short_lunch_break"":false}",
134,Tôm rang khô,đồ ăn,"Tôm khô, Hành lá, Ớt, Đường","Hành lá (Nhiều/Ít/Không), Ớt (Nhiều/Ít/Không), Đường (Nhiều/Ít/Không)","{""hành_lá"": [""nhiều"", ""ít"", ""không""], ""ớt"": [""nhiều"", ""ít"", ""không""], ""đường"": [""nhiều"", ""ít"", ""không""]}",Tôm rang khô mặn ngọt đậm vị. Không phù hợp người gout hoặc tiểu đường.,"{""type"":""đồ ăn"",""taste"":[""savory"",""sweet"",""salty""],""ingredients"":[""tôm khô"",""hành lá"",""ớt"",""đường""],""options"":[""Hành lá (Nhiều/Ít/Không)"",""Ớt (Nhiều/Ít/Không)"",""Đường (Nhiều/Ít/Không)""],""suitable_for"":[""high_energy""],""avoid_for"":[""gout"",""diabetes""]}","{""good_for"":[""high_energy""],""bad_for"":[""gout"",""diabetes""]}","{""morning"":false,""noon"":true,""evening"":true,""midnight"":false,""hot_weather"":false,""cold_weather"":true,""rainy"":false,""sunny_strong"":false,""pre_work"":false,""post_work"":true,""post_workout"":false,""light_meal"":false,""want_hot_food"":true,""want_cold_food"":false,""in_a_hurry"":false,""on_the_go"":false,""with_friends"":true,""need_relax"":false,""portable"":true,""short_lunch_break"":false}",
135,Cá thu nướng,đồ ăn,"Cá thu, Nghệ, Tỏi, Ớt","Nghệ (Nhiều/Ít/Không), Tỏi (Nhiều/Ít/Không), Ớt (Nhiều/Ít/Không)","{""nghệ"": [""nhiều"", ""ít"", ""không""], ""tỏi"": [""nhiều"", ""ít"", ""không""], ""ớt"": [""nhiều"", ""ít"", ""không""]}","Cá thu nướng thơm, giàu omega-3. Không phù hợp người gout hoặc dị ứng hải sản.","{""type"":""đồ ăn"",""taste"":[""savory"",""aromatic"",""fresh""],""ingredients"":[""cá thu"",""nghệ"",""tỏi"",""ớt""],""options"":[""Nghệ (Nhiều/Ít/Không)"",""Tỏi (Nhiều/Ít/Không)"",""Ớt (Nhiều/Ít/Không)""],""suitable_for"":[""diet"",""light_meal""],""avoid_for"":[""gout"",""seafood_allergy""]}","{""good_for"":[""diet"",""light_meal""],""bad_for"":[""gout"",""seafood_allergy""]}","{""morning"":false,""noon"":true,""evening"":true,""midnight"":false,""hot_weather"":true,""cold_weather"":true,""rainy"":false,""sunny_strong"":true,""pre_work"":true,""post_work"":true,""post_workout"":true,""light_meal"":true,""want_hot_food"":true,""want_cold_food"":false,""in_a_hurry"":true,""on_the_go"":true,""with_friends"":true,""need_relax"":false,""portable"":true,""short_lunch_break"":true}",
136,Bạch tuộc nướng,đồ ăn,"Bạch tuộc, Tỏi, Ớt, Tiêu, Đường","Tỏi (Nhiều/Ít/Không), Ớt (Nhiều/Ít/Không), Tiêu (Nhiều/Ít/Không), Đường (Nhiều/Ít/Không)","{""tỏi"": [""nhiều"", ""ít"", ""không""], ""ớt"": [""nhiều"", ""ít"", ""không""], ""tiêu"": [""nhiều"", ""ít"", ""không""], ""đường"": [""nhiều"", ""ít"", ""không""]}","Bạch tuộc nướng cay mặn, đậm vị. Không phù hợp người gout hoặc dị ứng hải sản.","{""type"":""đồ ăn"",""taste"":[""spicy"",""savory"",""umami""],""ingredients"":[""bạch tuộc"",""tỏi"",""ớt"",""tiêu"",""đường""],""options"":[""Tỏi (Nhiều/Ít/Không)"",""Ớt (Nhiều/Ít/Không)"",""Tiêu (Nhiều/Ít/Không)"",""Đường (Nhiều/Ít/Không)""],""suitable_for"":[""high_energy"",""with_friends""],""avoid_for"":[""gout"",""seafood_allergy""]}","{""good_for"":[""high_energy"",""with_friends""],""bad_for"":[""gout"",""seafood_allergy""]}","{""morning"":false,""noon"":true,""evening"":true,""midnight"":false,""hot_weather"":false,""cold_weather"":true,""rainy"":false,""sunny_strong"":false,""pre_work"":false,""post_work"":true,""post_workout"":false,""light_meal"":false,""want_hot_food"":true,""want_cold_food"":false,""in_a_hurry"":false,""on_the_go"":false,""with_friends"":true,""need_relax"":false,""portable"":false,""short_lunch_break"":false}",
137,Tôm cốm xanh,đồ ăn,"Tôm, Cốm xanh, Lá chuối, Dừa nạo","Cốm xanh (Nhiều/Ít), Dừa nạo (Nhiều/Ít/Không)","{""cốm_xanh"": [""nhiều"", ""ít""], ""dừa_nạo"": [""nhiều"", ""ít"", ""không""]}","Tôm cốm xanh giòn nhẹ, thơm mùi cốm. Không phù hợp người gout hoặc dị ứng hải sản.","{""type"":""đồ ăn"",""taste"":[""fresh"",""crispy"",""aromatic""],""ingredients"":[""tôm"",""cốm xanh"",""lá chuối"",""dừa nạo""],""options"":[""Cốm xanh (Nhiều/Ít)"",""Dừa nạo (Nhiều/Ít/Không)""],""suitable_for"":[""light_meal"",""with_friends""],""avoid_for"":[""gout"",""seafood_allergy""]}","{""good_for"":[""light_meal"",""with_friends""],""bad_for"":[""gout"",""seafood_allergy""]}","{""morning"":false,""noon"":true,""evening"":true,""midnight"":false,""hot_weather"":true,""cold_weather"":false,""rainy"":false,""sunny_strong"":false,""pre_work"":false,""post_work"":true,""post_workout"":false,""light_meal"":true,""want_hot_food"":true,""want_cold_food"":false,""in_a_hurry"":false,""on_the_go"":false,""with_friends"":true,""need_relax"":false,""portable"":false,""short_lunch_break"":true}",
138,Cua sốt ớt,đồ ăn,"Cua, Ớt, Tỏi, Đường, Cà chua","Ớt (Nhiều/Ít), Tỏi (Nhiều/Ít/Không), Cà chua (Nhiều/Ít/Không)","{""ớt"": [""nhiều"", ""ít""], ""tỏi"": [""nhiều"", ""ít"", ""không""], ""cà_chua"": [""nhiều"", ""ít"", ""không""]}","Cua sốt ớt cay ngọt, đậm đà. Không phù hợp người gout hoặc dị ứng hải sản.","{""type"":""đồ ăn"",""taste"":[""spicy"",""sweet"",""savory""],""ingredients"":[""cua"",""ớt"",""tỏi"",""đường"",""cà chua""],""options"":[""Ớt (Nhiều/Ít)"",""Tỏi (Nhiều/Ít/Không)"",""Cà chua (Nhiều/Ít/Không)""],""suitable_for"":[""with_friends"",""high_energy""],""avoid_for"":[""gout"",""seafood_allergy""]}","{""good_for"":[""with_friends"",""high_energy""],""bad_for"":[""gout"",""seafood_allergy""]}","{""morning"":false,""noon"":true,""evening"":true,""midnight"":false,""hot_weather"":false,""cold_weather"":true,""rainy"":false,""sunny_strong"":false,""pre_work"":false,""post_work"":true,""post_workout"":false,""light_meal"":false,""want_hot_food"":true,""want_cold_food"":false,""in_a_hurry"":false,""on_the_go"":false,""with_friends"":true,""need_relax"":false,""portable"":false,""short_lunch_break"":false}",
139,Mực một nắng,đồ ăn,"Mực khô, Tỏi, Ớt, Dầu hào","Tỏi (Nhiều/Ít/Không), Ớt (Nhiều/Ít/Không), Dầu hào (Nhiều/Ít)","{""tỏi"": [""nhiều"", ""ít"", ""không""], ""ớt"": [""nhiều"", ""ít"", ""không""], ""dầu_hào"": [""nhiều"", ""ít""]}","Mực một nắng thơm, dai, đậm vị biển. Không phù hợp người gout hoặc dị ứng hải sản.","{""type"":""đồ ăn"",""taste"":[""savory"",""umami"",""aromatic""],""ingredients"":[""mực khô"",""tỏi"",""ớt"",""dầu hào""],""options"":[""Tỏi (Nhiều/Ít/Không)"",""Ớt (Nhiều/Ít/Không)"",""Dầu hào (Nhiều/Ít)""],""suitable_for"":[""high_protein""],""avoid_for"":[""gout"",""seafood_allergy""]}","{""good_for"":[""high_protein""],""bad_for"":[""gout"",""seafood_allergy""]}","{""morning"":false,""noon"":true,""evening"":true,""midnight"":false,""hot_weather"":true,""cold_weather"":true,""rainy"":false,""sunny_strong"":false,""pre_work"":false,""post_work"":true,""post_workout"":false,""light_meal"":false,""want_hot_food"":true,""want_cold_food"":false,""in_a_hurry"":false,""on_the_go"":false,""with_friends"":true,""need_relax"":false,""portable"":true,""short_lunch_break"":false}",
140,Tôm rang lăn,đồ ăn,"Tôm, Đường, Nước mắm, Ớt","Đường (Nhiều/Ít/Không), Nước mắm (Nhiều/Ít/Không), Ớt (Nhiều/Ít/Không)","{""đường"": [""nhiều"", ""ít"", ""không""], ""nước_mắm"": [""nhiều"", ""ít"", ""không""], ""ớt"": [""nhiều"", ""ít"", ""không""]}","Tôm rang lăn mặn ngọt, đậm đà. Không phù hợp người gout hoặc tiểu đường.","{""type"":""đồ ăn"",""taste"":[""savory"",""sweet"",""salty""],""ingredients"":[""tôm"",""đường"",""nước mắm"",""ớt""],""options"":[""Đường (Nhiều/Ít/Không)"",""Nước mắm (Nhiều/Ít/Không)"",""Ớt (Nhiều/Ít/Không)""],""suitable_for"":[""high_energy""],""avoid_for"":[""gout"",""diabetes""]}","{""good_for"":[""high_energy""],""bad_for"":[""gout"",""diabetes""]}","{""morning"":false,""noon"":true,""evening"":true,""midnight"":false,""hot_weather"":false,""cold_weather"":true,""rainy"":false,""sunny_strong"":false,""pre_work"":false,""post_work"":true,""post_workout"":false,""light_meal"":false,""want_hot_food"":true,""want_cold_food"":false,""in_a_hurry"":false,""on_the_go"":false,""with_friends"":true,""need_relax"":false,""portable"":false,""short_lunch_break"":false}",
141,Cá sốt chua ngọt,đồ ăn,"Cá, Cà chua, Dứa, Đường, Giấm","Cà chua (Nhiều/Ít), Dứa (Nhiều/Ít/Không), Đường (Nhiều/Ít), Giấm (Nhiều/Ít/Không)","{""cà_chua"": [""nhiều"", ""ít""], ""dứa"": [""nhiều"", ""ít"", ""không""], ""đường"": [""nhiều"", ""ít""], ""giấm"": [""nhiều"", ""ít"", ""không""]}","Cá sốt chua ngọt thanh, dễ ăn, hợp trời nóng. Không phù hợp người tiểu đường.","{""type"":""đồ ăn"",""taste"":[""sour"",""sweet"",""savory""],""ingredients"":[""cá"",""cà chua"",""dứa"",""đường"",""giấm""],""options"":[""Cà chua (Nhiều/Ít)"",""Dứa (Nhiều/Ít/Không)"",""Đường (Nhiều/Ít)"",""Giấm (Nhiều/Ít/Không)""],""suitable_for"":[""hot_weather"",""light_meal""],""avoid_for"":[""diabetes""]}","{""good_for"":[""hot_weather"",""light_meal""],""bad_for"":[""diabetes""]}","{""morning"":false,""noon"":true,""evening"":true,""midnight"":false,""hot_weather"":true,""cold_weather"":false,""rainy"":true,""sunny_strong"":true,""pre_work"":false,""post_work"":true,""post_workout"":true,""light_meal"":true,""want_hot_food"":true,""want_cold_food"":false,""in_a_hurry"":true,""on_the_go"":false,""with_friends"":false,""need_relax"":false,""portable"":false,""short_lunch_break"":true}",
142,Chè đậu xanh,đồ ăn,"Đậu xanh, Nước cốt dừa, Đường, Đá","Nước cốt dừa (Nhiều/Ít), Đá (Nhiều/Ít/Không), Đường (Nhiều/Ít)","{""nước_cốt_dừa"": [""nhiều"", ""ít""], ""đá"": [""nhiều"", ""ít"", ""không""], ""đường"": [""nhiều"", ""ít""]}","Chè đậu xanh mát, bổ, giải nhiệt. Không phù hợp người tiểu đường.","{""type"":""đồ ăn"",""taste"":[""sweet"",""cool"",""refreshing""],""ingredients"":[""đậu xanh"",""nước cốt dừa"",""đường"",""đá""],""options"":[""Nước cốt dừa (Nhiều/Ít)"",""Đá (Nhiều/Ít/Không)"",""Đường (Nhiều/Ít)""],""suitable_for"":[""hot_weather""],""avoid_for"":[""diabetes""]}","{""good_for"":[""hot_weather""],""bad_for"":[""diabetes""]}","{""morning"":false,""noon"":true,""evening"":true,""midnight"":false,""hot_weather"":true,""cold_weather"":false,""rainy"":false,""sunny_strong"":true,""pre_work"":false,""post_work"":true,""post_workout"":false,""light_meal"":true,""want_hot_food"":false,""want_cold_food"":true,""in_a_hurry"":true,""on_the_go"":true,""with_friends"":false,""need_relax"":true,""portable"":true,""short_lunch_break"":true}",
143,Chè ba màu,đồ ăn,"Đậu xanh, Đậu đỏ, Thạch, Nước cốt dừa","Đậu xanh (Nhiều/Ít), Đậu đỏ (Nhiều/Ít), Thạch (Nhiều/Ít), Nước cốt dừa (Nhiều/Ít/Không)","{""đậu_xanh"": [""nhiều"", ""ít""], ""đậu_đỏ"": [""nhiều"", ""ít""], ""thạch"": [""nhiều"", ""ít""], ""nước_cốt_dừa"": [""nhiều"", ""ít"", ""không""]}","Chè ba màu ngọt béo, nhiều topping. Không phù hợp người béo phì hoặc tiểu đường.","{""type"":""đồ ăn"",""taste"":[""sweet"",""creamy"",""refreshing""],""ingredients"":[""đậu xanh"",""đậu đỏ"",""thạch"",""nước cốt dừa""],""options"":[""Đậu xanh (Nhiều/Ít)"",""Đậu đỏ (Nhiều/Ít)"",""Thạch (Nhiều/Ít)"",""Nước cốt dừa (Nhiều/Ít/Không)""],""suitable_for"":[""hot_weather"",""dessert""],""avoid_for"":[""diabetes"",""obesity""]}","{""good_for"":[""hot_weather"",""dessert""],""bad_for"":[""diabetes"",""obesity""]}","{""morning"":false,""noon"":true,""evening"":true,""midnight"":false,""hot_weather"":true,""cold_weather"":false,""rainy"":false,""sunny_strong"":true,""pre_work"":false,""post_work"":true,""post_workout"":false,""light_meal"":false,""want_hot_food"":false,""want_cold_food"":true,""in_a_hurry"":true,""on_the_go"":true,""with_friends"":true,""need_relax"":false,""portable"":true,""short_lunch_break"":true}",
144,Chè bưởi,đồ ăn,"Bưởi, Thạch, Nước cốt dừa, Đường","Thạch (Nhiều/Ít), Nước cốt dừa (Nhiều/Ít/Không), Đường (Nhiều/Ít/Không)","{""thạch"": [""nhiều"", ""ít""], ""nước_cốt_dừa"": [""nhiều"", ""ít"", ""không""], ""đường"": [""nhiều"", ""ít"", ""không""]}","Chè bưởi giòn, thơm, mát. Không phù hợp người tiểu đường.","{""type"":""đồ ăn"",""taste"":[""sweet"",""fresh"",""cool""],""ingredients"":[""bưởi"",""thạch"",""nước cốt dừa"",""đường""],""options"":[""Thạch (Nhiều/Ít)"",""Nước cốt dừa (Nhiều/Ít/Không)"",""Đường (Nhiều/Ít/Không)""],""suitable_for"":[""hot_weather"",""dessert""],""avoid_for"":[""diabetes""]}","{""good_for"":[""hot_weather"",""dessert""],""bad_for"":[""diabetes""]}","{""morning"":false,""noon"":true,""evening"":true,""midnight"":false,""hot_weather"":true,""cold_weather"":false,""rainy"":false,""sunny_strong"":true,""pre_work"":false,""post_work"":true,""post_workout"":false,""light_meal"":false,""want_hot_food"":false,""want_cold_food"":true,""in_a_hurry"":true,""on_the_go"":true,""with_friends"":true,""need_relax"":false,""portable"":true,""short_lunch_break"":true}",
145,Bánh flan,đồ ăn,"Trứng, Sữa đặc, Đường, Caramel","Sữa đặc (Nhiều/Ít), Đường (Nhiều/Ít), Caramel (Nhiều/Ít)","{""sữa_đặc"": [""nhiều"", ""ít""], ""đường"": [""nhiều"", ""ít""], ""caramel"": [""nhiều"", ""ít""]}","Bánh flan mềm, béo nhẹ, ngọt. Không phù hợp người tiểu đường hoặc béo phì.","{""type"":""đồ ăn"",""taste"":[""sweet"",""creamy"",""light""],""ingredients"":[""trứng"",""sữa đặc"",""đường"",""caramel""],""options"":[""Sữa đặc (Nhiều/Ít)"",""Đường (Nhiều/Ít)"",""Caramel (Nhiều/Ít)""],""suitable_for"":[""dessert""],""avoid_for"":[""diabetes"",""obesity""]}","{""good_for"":[""dessert""],""bad_for"":[""diabetes"",""obesity""]}","{""morning"":false,""noon"":true,""evening"":true,""midnight"":false,""hot_weather"":false,""cold_weather"":true,""rainy"":false,""sunny_strong"":false,""pre_work"":false,""post_work"":true,""post_workout"":false,""light_meal"":false,""want_hot_food"":false,""want_cold_food"":true,""in_a_hurry"":true,""on_the_go"":true,""with_friends"":false,""need_relax"":true,""portable"":true,""short_lunch_break"":true}",
146,Bánh chuối nướng,đồ ăn,"Chuối, Bột mì, Nước cốt dừa, Đường","Nước cốt dừa (Nhiều/Ít/Không), Đường (Nhiều/Ít/Không)","{""nước_cốt_dừa"": [""nhiều"", ""ít"", ""không""], ""đường"": [""nhiều"", ""ít"", ""không""]}","Bánh chuối nướng thơm, mềm, đậm vị. Không phù hợp người tiểu đường.","{""type"":""đồ ăn"",""taste"":[""sweet"",""aromatic"",""soft""],""ingredients"":[""chuối"",""bột mì"",""nước cốt dừa"",""đường""],""options"":[""Nước cốt dừa (Nhiều/Ít/Không)"",""Đường (Nhiều/Ít/Không)""],""suitable_for"":[""dessert"",""snack""],""avoid_for"":[""diabetes""]}","{""good_for"":[""dessert"",""snack""],""bad_for"":[""diabetes""]}","{""morning"":false,""noon"":true,""evening"":true,""midnight"":false,""hot_weather"":false,""cold_weather"":true,""rainy"":true,""sunny_strong"":false,""pre_work"":false,""post_work"":true,""post_workout"":false,""light_meal"":false,""want_hot_food"":true,""want_cold_food"":false,""in_a_hurry"":false,""on_the_go"":false,""with_friends"":true,""need_relax"":false,""portable"":false,""short_lunch_break"":false}",
147,Chè cung đình,đồ ăn,"Đậu xanh, Khoai môn, Thạch, Nước cốt dừa","Đậu xanh (Nhiều/Ít), Khoai môn (Nhiều/Ít), Thạch (Nhiều/Ít/Không), Nước cốt dừa (Nhiều/Ít/Không)","{""đậu_xanh"": [""nhiều"", ""ít""], ""khoai_môn"": [""nhiều"", ""ít""], ""thạch"": [""nhiều"", ""ít"", ""không""], ""nước_cốt_dừa"": [""nhiều"", ""ít"", ""không""]}","Chè cung đình đậm đà, béo, nhiều loại topping. Không phù hợp người béo phì hoặc tiểu đường.","{""type"":""đồ ăn"",""taste"":[""sweet"",""rich"",""creamy""],""ingredients"":[""đậu xanh"",""khoai môn"",""thạch"",""nước cốt dừa""],""options"":[""Đậu xanh (Nhiều/Ít)"",""Khoai môn (Nhiều/Ít)"",""Thạch (Nhiều/Ít/Không)"",""Nước cốt dừa (Nhiều/Ít/Không)""],""suitable_for"":[""dessert""],""avoid_for"":[""diabetes"",""obesity""]}","{""good_for"":[""dessert""],""bad_for"":[""diabetes"",""obesity""]}","{""morning"":false,""noon"":true,""evening"":true,""midnight"":false,""hot_weather"":false,""cold_weather"":false,""rainy"":false,""sunny_strong"":false,""pre_work"":false,""post_work"":true,""post_workout"":false,""light_meal"":false,""want_hot_food"":false,""want_cold_food"":true,""in_a_hurry"":false,""on_the_go"":true,""with_friends"":true,""need_relax"":false,""portable"":true,""short_lunch_break"":false}",
148,Chè bơ,đồ ăn,"Bơ, Sữa đặc, Đá bào, Đường","Sữa đặc (Nhiều/Ít/Không), Đá bào (Nhiều/Ít/Không), Đường (Nhiều/Ít/Không)","{""sữa_đặc"": [""nhiều"", ""ít"", ""không""], ""đá_bào"": [""nhiều"", ""ít"", ""không""], ""đường"": [""nhiều"", ""ít"", ""không""]}","Chè bơ béo nhẹ, mịn, mát. Không phù hợp người tiểu đường.","{""type"":""đồ ăn"",""taste"":[""creamy"",""sweet"",""cool""],""ingredients"":[""bơ"",""sữa đặc"",""đá bào"",""đường""],""options"":[""Sữa đặc (Nhiều/Ít/Không)"",""Đá bào (Nhiều/Ít/Không)"",""Đường (Nhiều/Ít/Không)""],""suitable_for"":[""dessert"",""hot_weather""],""avoid_for"":[""diabetes""]}","{""good_for"":[""dessert"",""hot_weather""],""bad_for"":[""diabetes""]}","{""morning"":false,""noon"":true,""evening"":true,""midnight"":false,""hot_weather"":true,""cold_weather"":false,""rainy"":false,""sunny_strong"":false,""pre_work"":false,""post_work"":true,""post_workout"":false,""light_meal"":false,""want_hot_food"":false,""want_cold_food"":true,""in_a_hurry"":true,""on_the_go"":true,""with_friends"":false,""need_relax"":true,""portable"":true,""short_lunch_break"":true}",
149,Chè thái,đồ ăn,"Thạch rau câu, Nước cốt dừa, Đá bào","Nước cốt dừa (Nhiều/Ít/Không), Đá bào (Nhiều/Ít/Không)","{""nước_cốt_dừa"": [""nhiều"", ""ít"", ""không""], ""đá_bào"": [""nhiều"", ""ít"", ""không""]}","Chè thái mát, ngọt, thơm. Không phù hợp người tiểu đường.","{""type"":""đồ ăn"",""taste"":[""sweet"",""fruity"",""cool""],""ingredients"":[""thạch rau câu"",""nước cốt dừa"",""đá bào""],""options"":[""Nước cốt dừa (Nhiều/Ít/Không)"",""Đá bào (Nhiều/Ít/Không)""],""suitable_for"":[""hot_weather"",""dessert""],""avoid_for"":[""diabetes""]}","{""good_for"":[""hot_weather"",""dessert""],""bad_for"":[""diabetes""]}","{""morning"":false,""noon"":true,""evening"":true,""midnight"":false,""hot_weather"":true,""cold_weather"":false,""rainy"":false,""sunny_strong"":true,""pre_work"":false,""post_work"":true,""post_workout"":false,""light_meal"":false,""want_hot_food"":false,""want_cold_food"":true,""in_a_hurry"":true,""on_the_go"":true,""with_friends"":true,""need_relax"":false,""portable"":true,""short_lunch_break"":true}",
150,Chè sương sa,đồ ăn,"Sương sa, Nước cốt dừa, Đường, Đá","Nước cốt dừa (Nhiều/Ít/Không), Đường (Nhiều/Ít/Không), Đá (Nhiều/Ít)","{""nước_cốt_dừa"": [""nhiều"", ""ít"", ""không""], ""đường"": [""nhiều"", ""ít"", ""không""], ""đá"": [""nhiều"", ""ít""]}","Chè sương sa thanh mát, giòn nhẹ. Không phù hợp người tiểu đường.","{""type"":""đồ ăn"",""taste"":[""cool"",""sweet"",""light""],""ingredients"":[""sương sa"",""nước cốt dừa"",""đường"",""đá""],""options"":[""Nước cốt dừa (Nhiều/Ít/Không)"",""Đường (Nhiều/Ít/Không)"",""Đá (Nhiều/Ít)""],""suitable_for"":[""hot_weather"",""dessert""],""avoid_for"":[""diabetes""]}","{""good_for"":[""hot_weather"",""dessert""],""bad_for"":[""diabetes""]}","{""morning"":false,""noon"":true,""evening"":true,""midnight"":false,""hot_weather"":true,""cold_weather"":false,""rainy"":false,""sunny_strong"":true,""pre_work"":false,""post_work"":true,""post_workout"":false,""light_meal"":false,""want_hot_food"":false,""want_cold_food"":true,""in_a_hurry"":true,""on_the_go"":true,""with_friends"":true,""need_relax"":false,""portable"":true,""short_lunch_break"":true}",
151,Chè hạt sen,đồ ăn,"Hạt sen, Nước cốt dừa, Đường, Đá","Nước cốt dừa (Nhiều/Ít/Không), Đường (Nhiều/Ít/Không), Đá (Nhiều/Ít/Không)","{""nước_cốt_dừa"": [""nhiều"", ""ít"", ""không""], ""đường"": [""nhiều"", ""ít"", ""không""], ""đá"": [""nhiều"", ""ít"", ""không""]}","Chè hạt sen thanh mát, an thần, tốt cho giấc ngủ. Không phù hợp người tiểu đường.","{""type"":""đồ ăn"",""taste"":[""sweet"",""cool"",""light""],""ingredients"":[""hạt sen"",""nước cốt dừa"",""đường"",""đá""],""options"":[""Nước cốt dừa (Nhiều/Ít/Không)"",""Đường (Nhiều/Ít/Không)"",""Đá (Nhiều/Ít/Không)""],""suitable_for"":[""stress_relief"",""hot_weather""],""avoid_for"":[""diabetes""]}","{""good_for"":[""stress_relief"",""hot_weather""],""bad_for"":[""diabetes""]}","{""morning"":false,""noon"":true,""evening"":true,""midnight"":false,""hot_weather"":true,""cold_weather"":false,""rainy"":false,""sunny_strong"":true,""pre_work"":false,""post_work"":true,""post_workout"":false,""light_meal"":false,""want_hot_food"":false,""want_cold_food"":true,""in_a_hurry"":true,""on_the_go"":true,""with_friends"":false,""need_relax"":true,""portable"":true,""short_lunch_break"":true}",
152,Nước chanh dây,thức uống,"Chanh dây, Đường, Nước, Đá","Đường (Nhiều/Ít/Không), Đá (Nhiều/Ít/Không)","{""đường"": [""nhiều"", ""ít"", ""không""], ""đá"": [""nhiều"", ""ít"", ""không""]}","Nước chanh dây chua ngọt, giải nhiệt, giàu vitamin C. Không phù hợp người đau dạ dày.","{""type"":""thức uống"",""taste"":[""sour"",""sweet"",""refreshing""],""ingredients"":[""chanh dây"",""đường"",""nước"",""đá""],""options"":[""Đường (Nhiều/Ít/Không)"",""Đá (Nhiều/Ít/Không)""],""suitable_for"":[""hot_weather"",""light_drink""],""avoid_for"":[""gastritis"",""weak_stomach""]}","{""good_for"":[""hot_weather"",""light_drink""],""bad_for"":[""gastritis"",""weak_stomach""]}","{""morning"":true,""noon"":true,""evening"":false,""midnight"":false,""hot_weather"":true,""cold_weather"":false,""rainy"":false,""sunny_strong"":true,""pre_work"":true,""post_work"":true,""post_workout"":true,""light_meal"":true,""want_hot_food"":false,""want_cold_food"":true,""in_a_hurry"":true,""on_the_go"":true,""with_friends"":false,""need_relax"":false,""portable"":true,""short_lunch_break"":true}",
153,Nước ép cà rốt,thức uống,"Cà rốt, Đá, Đường, Sữa tươi","Sữa tươi (Nhiều/Ít/Không), Đường (Nhiều/Ít/Không), Đá (Nhiều/Ít/Không)","{""sữa_tươi"": [""nhiều"", ""ít"", ""không""], ""đường"": [""nhiều"", ""ít"", ""không""], ""đá"": [""nhiều"", ""ít"", ""không""]}","Nước ép cà rốt giàu vitamin A, tốt cho mắt và da. Không phù hợp người tiêu chảy.","{""type"":""thức uống"",""taste"":[""fresh"",""sweet""],""ingredients"":[""cà rốt"",""đá"",""đường"",""sữa tươi""],""options"":[""Sữa tươi (Nhiều/Ít/Không)"",""Đường (Nhiều/Ít/Không)"",""Đá (Nhiều/Ít/Không)""],""suitable_for"":[""skin_health"",""light_drink""],""avoid_for"":[""diarrhea""]}","{""good_for"":[""skin_health"",""light_drink""],""bad_for"":[""diarrhea""]}","{""morning"":true,""noon"":true,""evening"":false,""midnight"":false,""hot_weather"":true,""cold_weather"":false,""rainy"":false,""sunny_strong"":true,""pre_work"":true,""post_work"":true,""post_workout"":true,""light_meal"":true,""want_hot_food"":false,""want_cold_food"":true,""in_a_hurry"":true,""on_the_go"":true,""with_friends"":false,""need_relax"":false,""portable"":true,""short_lunch_break"":true}",
154,Sinh tố thơm,thức uống,"Thơm, Sữa đặc, Đá, Đường","Sữa đặc (Nhiều/Ít/Không), Đường (Nhiều/Ít/Không), Đá (Nhiều/Ít/Không)","{""sữa_đặc"": [""nhiều"", ""ít"", ""không""], ""đường"": [""nhiều"", ""ít"", ""không""], ""đá"": [""nhiều"", ""ít"", ""không""]}","Sinh tố thơm ngọt, thơm, mát. Không phù hợp người tiểu đường.","{""type"":""thức uống"",""taste"":[""sweet"",""tropical"",""cool""],""ingredients"":[""thơm"",""sữa đặc"",""đá"",""đường""],""options"":[""Sữa đặc (Nhiều/Ít/Không)"",""Đường (Nhiều/Ít/Không)"",""Đá (Nhiều/Ít/Không)""],""suitable_for"":[""hot_weather"",""dessert_drink""],""avoid_for"":[""diabetes""]}","{""good_for"":[""hot_weather"",""dessert_drink""],""bad_for"":[""diabetes""]}","{""morning"":false,""noon"":true,""evening"":true,""midnight"":false,""hot_weather"":true,""cold_weather"":false,""rainy"":false,""sunny_strong"":true,""pre_work"":false,""post_work"":true,""post_workout"":false,""light_meal"":false,""want_hot_food"":false,""want_cold_food"":true,""in_a_hurry"":true,""on_the_go"":true,""with_friends"":true,""need_relax"":false,""portable"":true,""short_lunch_break"":true}",
155,Sinh tố sapoche,thức uống,"Sapoche, Sữa tươi, Đá, Đường","Sữa tươi (Nhiều/Ít/Không), Đường (Nhiều/Ít/Không), Đá (Nhiều/Ít/Không)","{""sữa_tươi"": [""nhiều"", ""ít"", ""không""], ""đường"": [""nhiều"", ""ít"", ""không""], ""đá"": [""nhiều"", ""ít"", ""không""]}","Sinh tố sapoche béo mềm, giàu năng lượng. Không phù hợp người béo phì hoặc tiểu đường.","{""type"":""thức uống"",""taste"":[""sweet"",""creamy""],""ingredients"":[""sapoche"",""sữa tươi"",""đá"",""đường""],""options"":[""Sữa tươi (Nhiều/Ít/Không)"",""Đường (Nhiều/Ít/Không)"",""Đá (Nhiều/Ít/Không)""],""suitable_for"":[""light_meal"",""snack_drink""],""avoid_for"":[""diabetes"",""obesity""]}","{""good_for"":[""light_meal"",""snack_drink""],""bad_for"":[""diabetes"",""obesity""]}","{""morning"":false,""noon"":true,""evening"":true,""midnight"":false,""hot_weather"":false,""cold_weather"":true,""rainy"":true,""sunny_strong"":false,""pre_work"":false,""post_work"":true,""post_workout"":false,""light_meal"":true,""want_hot_food"":false,""want_cold_food"":true,""in_a_hurry"":false,""on_the_go"":false,""with_friends"":true,""need_relax"":false,""portable"":false,""short_lunch_break"":false}",
156,Nước măng cụt,thức uống,"Măng cụt, Đá, Đường, Muối","Đường (Nhiều/Ít/Không), Muối (Nhiều/Ít/Không), Đá (Nhiều/Ít/Không)","{""đường"": [""nhiều"", ""ít"", ""không""], ""muối"": [""nhiều"", ""ít"", ""không""], ""đá"": [""nhiều"", ""ít"", ""không""]}","Nước măng cụt thanh chua nhẹ, giải nhiệt tốt. Không phù hợp người đau dạ dày.","{""type"":""thức uống"",""taste"":[""sour"",""sweet"",""refreshing""],""ingredients"":[""măng cụt"",""đá"",""đường"",""muối""],""options"":[""Đường (Nhiều/Ít/Không)"",""Muối (Nhiều/Ít/Không)"",""Đá (Nhiều/Ít/Không)""],""suitable_for"":[""hot_weather""],""avoid_for"":[""gastritis"",""weak_stomach""]}","{""good_for"":[""hot_weather""],""bad_for"":[""gastritis"",""weak_stomach""]}","{""morning"":false,""noon"":true,""evening"":false,""midnight"":false,""hot_weather"":true,""cold_weather"":false,""rainy"":false,""sunny_strong"":true,""pre_work"":false,""post_work"":true,""post_workout"":true,""light_meal"":true,""want_hot_food"":false,""want_cold_food"":true,""in_a_hurry"":true,""on_the_go"":true,""with_friends"":false,""need_relax"":true,""portable"":true,""short_lunch_break"":true}",
157,Sinh tố bơ sầu riêng,thức uống,"Bơ, Sầu riêng, Sữa đặc, Đá","Sầu riêng (Nhiều/Ít), Sữa đặc (Nhiều/Ít/Không), Đá (Nhiều/Ít/Không)","{""sầu_riêng"": [""nhiều"", ""ít""], ""sữa_đặc"": [""nhiều"", ""ít"", ""không""], ""đá"": [""nhiều"", ""ít"", ""không""]}","Sinh tố bơ sầu riêng cực béo, thơm mạnh. Không phù hợp người béo phì hoặc tiểu đường.","{""type"":""thức uống"",""taste"":[""rich"",""creamy"",""sweet""],""ingredients"":[""bơ"",""sầu riêng"",""sữa đặc"",""đá""],""options"":[""Sầu riêng (Nhiều/Ít)"",""Sữa đặc (Nhiều/Ít/Không)"",""Đá (Nhiều/Ít/Không)""],""suitable_for"":[""dessert_drink""],""avoid_for"":[""diabetes"",""obesity""]}","{""good_for"":[""dessert_drink""],""bad_for"":[""diabetes"",""obesity""]}","{""morning"":false,""noon"":true,""evening"":true,""midnight"":false,""hot_weather"":false,""cold_weather"":false,""rainy"":true,""sunny_strong"":false,""pre_work"":false,""post_work"":true,""post_workout"":false,""light_meal"":false,""want_hot_food"":false,""want_cold_food"":false,""in_a_hurry"":false,""on_the_go"":false,""with_friends"":true,""need_relax"":false,""portable"":false,""short_lunch_break"":false}",
158,Nước ép táo,thức uống,"Táo, Đá, Đường, Chanh","Đường (Nhiều/Ít/Không), Chanh (Nhiều/Ít/Không), Đá (Nhiều/Ít/Không)","{""đường"": [""nhiều"", ""ít"", ""không""], ""chanh"": [""nhiều"", ""ít"", ""không""], ""đá"": [""nhiều"", ""ít"", ""không""]}","Nước ép táo nhẹ, thanh, tốt cho hệ tiêu hoá. Tránh dùng khi tiêu chảy.","{""type"":""thức uống"",""taste"":[""fresh"",""sweet"",""light""],""ingredients"":[""táo"",""đá"",""đường"",""chanh""],""options"":[""Đường (Nhiều/Ít/Không)"",""Chanh (Nhiều/Ít/Không)"",""Đá (Nhiều/Ít/Không)""],""suitable_for"":[""light_drink"",""digestion_support""],""avoid_for"":[""diarrhea""]}","{""good_for"":[""light_drink"",""digestion_support""],""bad_for"":[""diarrhea""]}","{""morning"":true,""noon"":true,""evening"":false,""midnight"":false,""hot_weather"":true,""cold_weather"":false,""rainy"":false,""sunny_strong"":true,""pre_work"":true,""post_work"":true,""post_workout"":true,""light_meal"":true,""want_hot_food"":false,""want_cold_food"":true,""in_a_hurry"":true,""on_the_go"":true,""with_friends"":false,""need_relax"":false,""portable"":true,""short_lunch_break"":true}",
159,Sinh tố mít,thức uống,"Mít, Sữa tươi, Đá, Đường","Sữa tươi (Nhiều/Ít/Không), Đường (Nhiều/Ít/Không), Đá (Nhiều/Ít/Không)","{""sữa_tươi"": [""nhiều"", ""ít"", ""không""], ""đường"": [""nhiều"", ""ít"", ""không""], ""đá"": [""nhiều"", ""ít"", ""không""]}","Sinh tố mít thơm, ngọt, đậm mùi. Không phù hợp người tiểu đường.","{""type"":""thức uống"",""taste"":[""sweet"",""fragrant"",""creamy""],""ingredients"":[""mít"",""sữa tươi"",""đá"",""đường""],""options"":[""Sữa tươi (Nhiều/Ít/Không)"",""Đường (Nhiều/Ít/Không)"",""Đá (Nhiều/Ít/Không)""],""suitable_for"":[""dessert_drink""],""avoid_for"":[""diabetes""]}","{""good_for"":[""dessert_drink""],""bad_for"":[""diabetes""]}","{""morning"":false,""noon"":true,""evening"":true,""midnight"":false,""hot_weather"":false,""cold_weather"":true,""rainy"":true,""sunny_strong"":false,""pre_work"":false,""post_work"":true,""post_workout"":false,""light_meal"":false,""want_hot_food"":false,""want_cold_food"":true,""in_a_hurry"":false,""on_the_go"":false,""with_friends"":true,""need_relax"":false,""portable"":false,""short_lunch_break"":false}",
160,Nước ép nho,thức uống,"Nho, Đá, Đường","Đường (Nhiều/Ít/Không), Đá (Nhiều/Ít/Không)","{""đường"": [""nhiều"", ""ít"", ""không""], ""đá"": [""nhiều"", ""ít"", ""không""]}","Nước ép nho ngọt thanh, giàu chất chống oxy hoá. Không phù hợp người tiểu đường.","{""type"":""thức uống"",""taste"":[""sweet"",""fresh""],""ingredients"":[""nho"",""đá"",""đường""],""options"":[""Đường (Nhiều/Ít/Không)"",""Đá (Nhiều/Ít/Không)""],""suitable_for"":[""light_drink"",""antioxidant""],""avoid_for"":[""diabetes""]}","{""good_for"":[""light_drink"",""antioxidant""],""bad_for"":[""diabetes""]}","{""morning"":true,""noon"":true,""evening"":false,""midnight"":false,""hot_weather"":true,""cold_weather"":false,""rainy"":false,""sunny_strong"":true,""pre_work"":true,""post_work"":true,""post_workout"":true,""light_meal"":true,""want_hot_food"":false,""want_cold_food"":true,""in_a_hurry"":true,""on_the_go"":true,""with_friends"":false,""need_relax"":false,""portable"":true,""short_lunch_break"":true}",
161,Nước dừa,thức uống,"Nước dừa, Cơm dừa, Đá, Đường, Muối","Cơm dừa (Nhiều/Ít/Không), Đá (Nhiều/Ít/Không), Đường (Nhiều/Ít/Không), Muối (Nhiều/Ít/Không)","{""cơm_dừa"": [""nhiều"", ""ít"", ""không""], ""đá"": [""nhiều"", ""ít"", ""không""], ""đường"": [""nhiều"", ""ít"", ""không""], ""muối"": [""nhiều"", ""ít"", ""không""]}","Nước dừa là thức uống thanh mát, giải nhiệt và bổ sung điện giải tự nhiên. Không phù hợp người tiểu đường nếu thêm nhiều đường hoặc cơm dừa.","{""type"":""thức uống"",""taste"":[""sweet""],""ingredients"":[""nước dừa"",""cơm dừa"",""đá"",""đường"",""muối""],""options"":[""cơm dừa (Nhiều/Ít/Không)"",""đá (Nhiều/Ít/Không)"",""đường (Nhiều/Ít/Không)"",""muối (Nhiều/Ít/Không)""],""suitable_for"":[""hot_weather""],""avoid_for"":[""diabetes""]}","{""good_for"":[""hot_weather""],""bad_for"":[""diabetes""]}","{""morning"":true,""noon"":true,""evening"":true,""midnight"":false,""hot_weather"":true,""cold_weather"":false,""rainy"":false,""sunny_strong"":true,""pre_work"":false,""post_work"":true,""post_workout"":true,""light_meal"":true,""want_hot_food"":false,""want_cold_food"":true,""in_a_hurry"":true,""on_the_go"":true,""with_friends"":true,""need_relax"":false,""portable"":true,""short_lunch_break"":true}",
162,Nước ép dưa gang,thức uống,"Dưa gang, Đá, Đường, Muối","Đường (Nhiều/Ít/Không), Muối (Nhiều/Ít/Không), Đá (Nhiều/Ít/Không)","{""đường"": [""nhiều"", ""ít"", ""không""], ""muối"": [""nhiều"", ""ít"", ""không""], ""đá"": [""nhiều"", ""ít"", ""không""]}","Nước ép dưa gang là thức uống ngọt nhẹ, thanh mát và dễ uống. Phù hợp thời tiết nóng; không phù hợp người tiểu đường nếu thêm nhiều đường.","{""type"":""thức uống"",""taste"":[""sweet"",""light""],""ingredients"":[""dưa gang"",""đá"",""đường"",""muối""],""options"":[""đường (Nhiều/Ít/Không)"",""muối (Nhiều/Ít/Không)"",""đá (Nhiều/Ít/Không)""],""suitable_for"":[""hot_weather""],""avoid_for"":[""diabetes""]}","{""good_for"":[""hot_weather""],""bad_for"":[""diabetes""]}","{""morning"":true,""noon"":true,""evening"":true,""midnight"":false,""hot_weather"":true,""cold_weather"":false,""rainy"":false,""sunny_strong"":true,""pre_work"":false,""post_work"":true,""post_workout"":false,""light_meal"":true,""want_hot_food"":false,""want_cold_food"":true,""in_a_hurry"":true,""on_the_go"":true,""with_friends"":true,""need_relax"":false,""portable"":true,""short_lunch_break"":true}",
163,Sinh tố na,thức uống,"trái Na, Sữa tươi, Đá, Đường","Sữa tươi (Nhiều/Ít/Không), Đường (Nhiều/Ít/Không), Đá (Nhiều/Ít/Không)","{""sữa_tươi"": [""nhiều"", ""ít"", ""không""], ""đường"": [""nhiều"", ""ít"", ""không""], ""đá"": [""nhiều"", ""ít"", ""không""]}","Sinh tố na là thức uống ngọt béo và đặc sánh, giàu năng lượng. Không phù hợp người tiểu đường, béo phì hoặc gan nhiễm mỡ.","{""type"":""thức uống"",""taste"":[""sweet"",""fatty""],""ingredients"":[""trái na"",""sữa tươi"",""đá"",""đường""],""options"":[""sữa tươi (Nhiều/Ít/Không)"",""đường (Nhiều/Ít/Không)"",""đá (Nhiều/Ít/Không)""],""suitable_for"":[],""avoid_for"":[""diabetes"",""obesity"",""fatty_liver"",""high_cholesterol""]}","{""good_for"":[],""bad_for"":[""diabetes"",""obesity"",""fatty_liver"",""high_cholesterol""]}","{""morning"":false,""noon"":true,""evening"":true,""midnight"":false,""hot_weather"":false,""cold_weather"":true,""rainy"":false,""sunny_strong"":false,""pre_work"":false,""post_work"":true,""post_workout"":false,""light_meal"":false,""want_hot_food"":false,""want_cold_food"":true,""in_a_hurry"":false,""on_the_go"":false,""with_friends"":true,""need_relax"":true,""portable"":false,""short_lunch_break"":false}",
164,Nước ép lê,thức uống,"Lê, Đá, Đường, Chanh","Đường (Nhiều/Ít/Không), Chanh (Nhiều/Ít/Không), Đá (Nhiều/Ít/Không)","{""đường"": [""nhiều"", ""ít"", ""không""], ""chanh"": [""nhiều"", ""ít"", ""không""], ""đá"": [""nhiều"", ""ít"", ""không""]}","Nước ép lê là thức uống thanh mát, ngọt dịu và dễ uống. Phù hợp thời tiết nóng; không phù hợp người tiểu đường nếu thêm nhiều đường.","{""type"":""thức uống"",""taste"":[""sweet"",""light"",""fresh""],""ingredients"":[""lê"",""đá"",""đường"",""chanh""],""options"":[""đường (Nhiều/Ít/Không)"",""chanh (Nhiều/Ít/Không)"",""đá (Nhiều/Ít/Không)""],""suitable_for"":[""hot_weather""],""avoid_for"":[""diabetes""]}","{""good_for"":[""hot_weather""],""bad_for"":[""diabetes""]}","{""morning"":true,""noon"":true,""evening"":true,""midnight"":false,""hot_weather"":true,""cold_weather"":false,""rainy"":false,""sunny_strong"":true,""pre_work"":false,""post_work"":true,""post_workout"":false,""light_meal"":true,""want_hot_food"":false,""want_cold_food"":true,""in_a_hurry"":true,""on_the_go"":true,""with_friends"":true,""need_relax"":false,""portable"":true,""short_lunch_break"":true}",
165,Sinh tố chôm chôm,thức uống,"Chôm chôm, Sữa đặc, Đá, Đường","Sữa đặc (Nhiều/Ít/Không), Đường (Nhiều/Ít/Không), Đá (Nhiều/Ít/Không)","{""sữa_đặc"": [""nhiều"", ""ít"", ""không""], ""đường"": [""nhiều"", ""ít"", ""không""], ""đá"": [""nhiều"", ""ít"", ""không""]}","Sinh tố chôm chôm là thức uống béo ngọt và giàu calo. Không phù hợp người tiểu đường, béo phì hoặc gan nhiễm mỡ do nhiều đường và chất béo.","{""type"":""thức uống"",""taste"":[""sweet"",""fatty""],""ingredients"":[""chôm chôm"",""sữa đặc"",""đá"",""đường""],""options"":[""sữa đặc (Nhiều/Ít/Không)"",""đường (Nhiều/Ít/Không)"",""đá (Nhiều/Ít/Không)""],""suitable_for"":[],""avoid_for"":[""diabetes"",""obesity"",""fatty_liver"",""high_cholesterol""]}","{""good_for"":[],""bad_for"":[""diabetes"",""obesity"",""fatty_liver"",""high_cholesterol""]}","{""morning"":false,""noon"":true,""evening"":true,""midnight"":false,""hot_weather"":false,""cold_weather"":true,""rainy"":false,""sunny_strong"":false,""pre_work"":false,""post_work"":true,""post_workout"":false,""light_meal"":false,""want_hot_food"":false,""want_cold_food"":true,""in_a_hurry"":false,""on_the_go"":false,""with_friends"":true,""need_relax"":true,""portable"":false,""short_lunch_break"":false}",
166,Nước cam ép,thức uống,"Cam, Đá, Đường","Đường (Nhiều/Ít/Không), Đá (Nhiều/Ít/Không)","{""đường"": [""nhiều"", ""ít"", ""không""], ""đá"": [""nhiều"", ""ít"", ""không""]}","Nước cam ép là thức uống chua ngọt, giàu vitamin C và giúp giải nhiệt. Không phù hợp người tiểu đường nếu thêm nhiều đường.","{""type"":""thức uống"",""taste"":[""sweet"",""sour"",""fresh""],""ingredients"":[""cam"",""đá"",""đường""],""options"":[""đường (Nhiều/Ít/Không)"",""đá (Nhiều/Ít/Không)""],""suitable_for"":[""hot_weather"",""cold""],""avoid_for"":[""diabetes""]}","{""good_for"":[""hot_weather"",""cold""],""bad_for"":[""diabetes""]}","{""morning"":true,""noon"":true,""evening"":true,""midnight"":false,""hot_weather"":true,""cold_weather"":false,""rainy"":false,""sunny_strong"":true,""pre_work"":false,""post_work"":true,""post_workout"":true,""light_meal"":true,""want_hot_food"":false,""want_cold_food"":true,""in_a_hurry"":true,""on_the_go"":true,""with_friends"":true,""need_relax"":false,""portable"":true,""short_lunch_break"":true}",
167,Sinh tố vải,thức uống,"Vải, Sữa đặc, Đá, Đường","Sữa đặc (Nhiều/Ít/Không), Đường (Nhiều/Ít/Không), Đá (Nhiều/Ít/Không)","{""sữa_đặc"": [""nhiều"", ""ít"", ""không""], ""đường"": [""nhiều"", ""ít"", ""không""], ""đá"": [""nhiều"", ""ít"", ""không""]}","Sinh tố vải là thức uống ngọt béo, mát lạnh và nhiều năng lượng. Không phù hợp người tiểu đường, béo phì hoặc gan nhiễm mỡ.","{""type"":""thức uống"",""taste"":[""sweet"",""fatty""],""ingredients"":[""vải"",""sữa đặc"",""đá"",""đường""],""options"":[""sữa đặc (Nhiều/Ít/Không)"",""đường (Nhiều/Ít/Không)"",""đá (Nhiều/Ít/Không)""],""suitable_for"":[],""avoid_for"":[""diabetes"",""obesity"",""fatty_liver"",""high_cholesterol""]}","{""good_for"":[],""bad_for"":[""diabetes"",""obesity"",""fatty_liver"",""high_cholesterol""]}","{""morning"":false,""noon"":true,""evening"":true,""midnight"":false,""hot_weather"":false,""cold_weather"":true,""rainy"":false,""sunny_strong"":false,""pre_work"":false,""post_work"":true,""post_workout"":false,""light_meal"":false,""want_hot_food"":false,""want_cold_food"":true,""in_a_hurry"":false,""on_the_go"":false,""with_friends"":true,""need_relax"":true,""portable"":false,""short_lunch_break"":false}",
168,Cà phê sữa nóng,thức uống,"Cà phê, Sữa đặc, Nước nóng","Sữa đặc (Nhiều/Ít), Nước nóng (Nhiều/Ít)","{""sữa_đặc"": [""nhiều"", ""ít""], ""nước_nóng"": [""nhiều"", ""ít""]}","Cà phê sữa nóng là thức uống đậm vị, béo ngọt và giàu caffein. Không phù hợp người dạ dày yếu hoặc tiểu đường nếu dùng nhiều sữa đặc.","{""type"":""thức uống"",""taste"":[""sweet"",""bitter"",""fatty""],""ingredients"":[""cà phê"",""sữa đặc"",""nước nóng""],""options"":[""sữa đặc (Nhiều/Ít)"",""nước nóng (Nhiều/Ít)""],""suitable_for"":[],""avoid_for"":[""diabetes"",""weak_stomach"",""gastritis"",""heart_disease""]}","{""good_for"":[],""bad_for"":[""diabetes"",""weak_stomach"",""gastritis"",""heart_disease""]}","{""morning"":true,""noon"":true,""evening"":false,""midnight"":false,""hot_weather"":false,""cold_weather"":true,""rainy"":true,""sunny_strong"":false,""pre_work"":true,""post_work"":false,""post_workout"":false,""light_meal"":false,""want_hot_food"":true,""want_cold_food"":false,""in_a_hurry"":false,""on_the_go"":false,""with_friends"":true,""need_relax"":false,""portable"":true,""short_lunch_break"":true}",
169,Cà phê đá xay,thức uống,"Cà phê, Đá, Đường, Sữa","Đường (Nhiều/Ít/Không), Sữa (Nhiều/Ít/Không), Đá (Nhiều/Ít/Không)","{""đường"": [""nhiều"", ""ít"", ""không""], ""sữa"": [""nhiều"", ""ít"", ""không""], ""đá"": [""nhiều"", ""ít"", ""không""]}","Cà phê đá xay là thức uống mát lạnh, đậm vị và ngọt béo. Không phù hợp người tiểu đường hoặc dạ dày yếu do lượng đường và caffein cao.","{""type"":""thức uống"",""taste"":[""sweet"",""bitter"",""fatty""],""ingredients"":[""cà phê"",""đá"",""đường"",""sữa""],""options"":[""đường (Nhiều/Ít/Không)"",""sữa (Nhiều/Ít/Không)"",""đá (Nhiều/Ít/Không)""],""suitable_for"":[],""avoid_for"":[""diabetes"",""weak_stomach"",""gastritis""]}","{""good_for"":[],""bad_for"":[""diabetes"",""weak_stomach"",""gastritis""]}","{""morning"":true,""noon"":true,""evening"":false,""midnight"":false,""hot_weather"":true,""cold_weather"":false,""rainy"":false,""sunny_strong"":true,""pre_work"":false,""post_work"":true,""post_workout"":false,""light_meal"":false,""want_hot_food"":false,""want_cold_food"":true,""in_a_hurry"":false,""on_the_go"":false,""with_friends"":true,""need_relax"":false,""portable"":true,""short_lunch_break"":true}",
170,Cà phê muối,thức uống,"Cà phê, Muối, Đường, Sữa","Muối (Nhiều/Ít/Không), Đường (Nhiều/Ít/Không), Sữa (Nhiều/Ít/Không)","{""muối"": [""nhiều"", ""ít"", ""không""], ""đường"": [""nhiều"", ""ít"", ""không""], ""sữa"": [""nhiều"", ""ít"", ""không""]}",Cà phê muối là thức uống đậm vị với hậu vị mặn ngọt độc đáo. Không phù hợp người cao huyết áp hoặc tiểu đường nếu thêm nhiều muối hoặc đường.,"{""type"":""thức uống"",""taste"":[""bitter"",""salty"",""sweet""],""ingredients"":[""cà phê"",""muối"",""đường"",""sữa""],""options"":[""muối (Nhiều/Ít/Không)"",""đường (Nhiều/Ít/Không)"",""sữa (Nhiều/Ít/Không)""],""suitable_for"":[],""avoid_for"":[""high_blood_pressure"",""diabetes"",""weak_stomach"",""gastritis""]}","{""good_for"":[],""bad_for"":[""high_blood_pressure"",""diabetes"",""weak_stomach"",""gastritis""]}","{""morning"":true,""noon"":true,""evening"":false,""midnight"":false,""hot_weather"":false,""cold_weather"":true,""rainy"":true,""sunny_strong"":false,""pre_work"":true,""post_work"":false,""post_workout"":false,""light_meal"":false,""want_hot_food"":true,""want_cold_food\"":false,""in_a_hurry"":false,""on_the_go"":false,""with_friends"":true,""need_relax"":false,""portable"":true,""short_lunch_break"":true}",
171,Cà phê dừa,thức uống,"Cà phê, Nước dừa, Đá, Đường","Nước dừa (Nhiều/Ít), Đường (Nhiều/Ít/Không), Đá (Nhiều/Ít/Không)","{""nước_dừa"": [""nhiều"", ""ít""], ""đường"": [""nhiều"", ""ít"", ""không""], ""đá"": [""nhiều"", ""ít"", ""không""]}","Cà phê dừa là thức uống béo ngọt, mát lạnh và thơm mùi dừa. Không phù hợp người tiểu đường hoặc béo phì do hàm lượng đường và chất béo cao.","{""type"":""thức uống"",""taste"":[""sweet"",""fatty"",""bitter""],""ingredients"":[""cà phê"",""nước dừa"",""đá"",""đường""],""options"":[""nước dừa (Nhiều/Ít)"",""đường (Nhiều/Ít/Không)"",""đá (Nhiều/Ít/Không)""],""suitable_for"":[],""avoid_for"":[""diabetes"",""obesity"",""fatty_liver"",""weak_stomach""]}","{""good_for"":[],""bad_for"":[""diabetes"",""obesity"",""fatty_liver"",""weak_stomach""]}","{""morning"":true,""noon"":true,""evening"":false,""midnight"":false,""hot_weather"":true,""cold_weather"":false,""rainy"":true,""sunny_strong"":true,""pre_work"":true,""post_work"":false,""post_workout"":false,""light_meal"":false,""want_hot_food"":false,""want_cold_food"":true,""in_a_hurry"":false,""on_the_go"":false,""with_friends"":true,""need_relax"":false,""portable"":true,""short_lunch_break"":true}",
172,Cà phê kem trứng,thức uống,"Cà phê, Lòng đỏ trứng, Sữa đặc, Kem","Lòng đỏ trứng (Nhiều/Ít), Sữa đặc (Nhiều/Ít), Kem (Nhiều/Ít/Không)","{""lòng_đỏ_trứng"": [""nhiều"", ""ít""], ""sữa_đặc"": [""nhiều"", ""ít""], ""kem"": [""nhiều"", ""ít"", ""không""]}","Cà phê kem trứng là thức uống béo ngậy, thơm và đậm vị. Không phù hợp người cholesterol cao, béo phì hoặc tiểu đường.","{""type"":""thức uống"",""taste"":[""sweet"",""fatty"",""bitter""],""ingredients"":[""cà phê"",""lòng đỏ trứng"",""sữa đặc"",""kem""],""options"":[""lòng đỏ trứng (Nhiều/Ít)"",""sữa đặc (Nhiều/Ít)"",""kem (Nhiều/Ít/Không)""],""suitable_for"":[],""avoid_for"":[""diabetes"",""obesity"",""high_cholesterol"",""heart_disease""]}","{""good_for"":[],""bad_for"":[""diabetes"",""obesity"",""high_cholesterol"",""heart_disease""]}","{""morning"":false,""noon"":true,""evening"":true,""midnight"":false,""hot_weather"":false,""cold_weather"":true,""rainy"":true,""sunny_strong"":false,""pre_work"":false,""post_work"":true,""post_workout"":false,""light_meal"":false,""want_hot_food"":true,""want_cold_food"":false,""in_a_hurry"":false,""on_the_go"":false,""with_friends"":true,""need_relax"":true,""portable"":false,""short_lunch_break"":false}",
173,Cà phê cherry,thức uống,"Cà phê, Syrup cherry, Sữa, Đá","Syrup cherry (Nhiều/Ít/Không), Sữa (Nhiều/Ít/Không), Đá (Nhiều/Ít/Không)","{""syrup_cherry"": [""nhiều"", ""ít"", ""không""], ""sữa"": [""nhiều"", ""ít"", ""không""], ""đá"": [""nhiều"", ""ít"", ""không""]}","Cà phê cherry là thức uống ngọt chua nhẹ, đậm vị trái cây và caffein. Không phù hợp người tiểu đường hoặc dạ dày yếu.","{""type"":""thức uống"",""taste"":[""sweet"",""sour"",""bitter""],""ingredients"":[""cà phê"",""syrup cherry"",""sữa"",""đá""],""options"":[""syrup cherry (Nhiều/Ít/Không)"",""sữa (Nhiều/Ít/Không)"",""đá (Nhiều/Ít/Không)""],""suitable_for"":[],""avoid_for"":[""diabetes"",""weak_stomach"",""gastritis""]}","{""good_for"":[],""bad_for"":[""diabetes"",""weak_stomach"",""gastritis""]}","{""morning"":true,""noon"":true,""evening"":false,""midnight"":false,""hot_weather"":true,""cold_weather"":false,""rainy"":false,""sunny_strong"":true,""pre_work"":false,""post_work"":true,""post_workout"":false,""light_meal"":false,""want_hot_food"":false,""want_cold_food"":true,""in_a_hurry"":false,""on_the_go"":false,""with_friends"":true,""need_relax"":false,""portable"":true,""short_lunch_break"":true}",
174,Cà phê cam,thức uống,"Cà phê, Nước cam, Đá, Đường","Nước cam (Nhiều/Ít), Đường (Nhiều/Ít/Không), Đá (Nhiều/Ít/Không)","{""nước_cam"": [""nhiều"", ""ít""], ""đường"": [""nhiều"", ""ít"", ""không""], ""đá"": [""nhiều"", ""ít"", ""không""]}","Cà phê cam là thức uống chua ngọt tươi mát, kết hợp vị đắng của cà phê. Không phù hợp người dạ dày yếu hoặc tiểu đường nếu dùng nhiều đường.","{""type"":""thức uống"",""taste"":[""sweet"",""sour"",""bitter"",""fresh""],""ingredients"":[""cà phê"",""nước cam"",""đá"",""đường""],""options"":[""nước cam (Nhiều/Ít)"",""đường (Nhiều/Ít/Không)"",""đá (Nhiều/Ít/Không)""],""suitable_for"":[""hot_weather""],""avoid_for"":[""diabetes"",""weak_stomach"",""gastritis""]}","{""good_for"":[""hot_weather""],""bad_for"":[""diabetes"",""weak_stomach"",""gastritis""]}","{""morning"":true,""noon"":true,""evening"":false,""midnight"":false,""hot_weather"":true,""cold_weather"":false,""rainy"":false,""sunny_strong"":true,""pre_work"":false,""post_work"":true,""post_workout"":false,""light_meal"":false,""want_hot_food"":false,""want_cold_food"":true,""in_a_hurry"":false,""on_the_go"":false,""with_friends"":true,""need_relax"":false,""portable"":true,""short_lunch_break"":true}",
175,Cà phê bơ,thức uống,"Cà phê, Bơ, Sữa đặc, Đá","Bơ (Nhiều/Ít), Sữa đặc (Nhiều/Ít/Không), Đá (Nhiều/Ít/Không)","{""bơ"": [""nhiều"", ""ít""], ""sữa_đặc"": [""nhiều"", ""ít"", ""không""], ""đá"": [""nhiều"", ""ít"", ""không""]}","Cà phê bơ là thức uống béo thơm, đậm vị và giàu calo. Không phù hợp người béo phì, tiểu đường hoặc gan nhiễm mỡ.","{""type"":""thức uống"",""taste"":[""sweet"",""fatty"",""bitter""],""ingredients"":[""cà phê"",""bơ"",""sữa đặc"",""đá""],""options"":[""bơ (Nhiều/Ít)"",""sữa đặc (Nhiều/Ít/Không)"",""đá (Nhiều/Ít/Không)""],""suitable_for"":[],""avoid_for"":[""diabetes"",""obesity"",""fatty_liver"",""high_cholesterol""]}","{""good_for"":[],""bad_for"":[""diabetes"",""obesity"",""fatty_liver"",""high_cholesterol""]}","{""morning"":false,""noon"":true,""evening"":true,""midnight"":false,""hot_weather"":false,""cold_weather"":true,""rainy"":false,""sunny_strong"":false,""pre_work"":false,""post_work"":true,""post_workout"":false,""light_meal"":false,""want_hot_food"":false,""want_cold_food"":true,""in_a_hurry"":false,""on_the_go"":false,""with_friends"":true,""need_relax"":true,""portable"":false,""short_lunch_break"":false}",
176,Cà phê cacao,thức uống,"Cà phê, Bột cacao, Sữa, Đường","Bột cacao (Nhiều/Ít/Không), Sữa (Nhiều/Ít/Không), Đường (Nhiều/Ít/Không)","{""bột_cacao"": [""nhiều"", ""ít"", ""không""], ""sữa"": [""nhiều"", ""ít"", ""không""], ""đường"": [""nhiều"", ""ít"", ""không""]}","Cà phê cacao là thức uống ngọt đậm, béo nhẹ và thơm cacao. Không phù hợp người tiểu đường hoặc dạ dày yếu.","{""type"":""thức uống"",""taste"":[""sweet"",""bitter"",""fatty""],""ingredients"":[""cà phê"",""bột cacao"",""sữa"",""đường""],""options"":[""bột cacao (Nhiều/Ít/Không)"",""sữa (Nhiều/Ít/Không)"",""đường (Nhiều/Ít/Không)""],""suitable_for"":[],""avoid_for"":[""diabetes"",""weak_stomach"",""gastritis""]}","{""good_for"":[],""bad_for"":[""diabetes"",""weak_stomach"",""gastritis""]}","{""morning"":true,""noon"":true,""evening"":false,""midnight"":false,""hot_weather"":false,""cold_weather"":true,""rainy"":true,""sunny_strong"":false,""pre_work"":false,""post_work"":true,""post_workout"":false,""light_meal"":false,""want_hot_food"":true,""want_cold_food"":false,""in_a_hurry"":false,""on_the_go"":false,""with_friends"":true,""need_relax"":false,""portable"":false,""short_lunch_break"":false}",
177,cà phê đậu phộng,thức uống,"cà phê, đậu phộng, đường, đá","đá (nhiều/ít/không), đường (nhiều/ít), đậu phộng (nhiều/ít)","{""đá"": [""nhiều"", ""ít"", ""không""], ""đường"": [""nhiều"", ""ít""], ""đậu_phộng"": [""nhiều"", ""ít""]}","Cà phê đậu phộng là thức uống đậm vị, béo ngậy và có hương đậu phộng. Không phù hợp người dị ứng hạt hoặc tiểu đường.","{""type"":""thức uống"",""taste"":[""sweet"",""fatty"",""bitter""],""ingredients"":[""cà phê"",""đậu phộng"",""đường"",""đá""],""options"":[""đá (nhiều/ít/không)"",""đường (nhiều/ít)"",""đậu phộng (nhiều/ít)""],""suitable_for"":[],""avoid_for"":[""diabetes"",""nut_allergy"",""obesity""]}","{""good_for"":[],""bad_for"":[""diabetes"",""nut_allergy"",""obesity""]}","{""morning"":true,""noon"":true,""evening"":false,""midnight"":false,""hot_weather"":true,""cold_weather"":false,""rainy"":false,""sunny_strong"":true,""pre_work"":false,""post_work"":true,""post_workout"":false,""light_meal"":false,""want_hot_food"":false,""want_cold_food"":true,""in_a_hurry"":false,""on_the_go"":false,""with_friends"":true,""need_relax"":false,""portable"":true,""short_lunch_break"":true}",
178,cà phê matcha,thức uống,"cà phê, matcha, sữa, đá","đá (nhiều/ít/không), sữa (nhiều/ít), matcha (nhiều/ít)","{""đá"": [""nhiều"", ""ít"", ""không""], ""sữa"": [""nhiều"", ""ít""], ""matcha"": [""nhiều"", ""ít""]}",Cà phê matcha là thức uống đậm vị kết hợp vị đắng của cà phê và thanh dịu của matcha. Không phù hợp người dạ dày yếu hoặc tiểu đường nếu dùng nhiều sữa.,"{""type"":""thức uống"",""taste"":[""bitter"",""sweet""],""ingredients"":[""cà phê"",""matcha"",""sữa"",""đá""],""options"":[""đá (nhiều/ít/không)"",""sữa (nhiều/ít)"",""matcha (nhiều/ít)""],""suitable_for"":[],""avoid_for"":[""diabetes"",""weak_stomach"",""gastritis""]}","{""good_for"":[],""bad_for"":[""diabetes"",""weak_stomach"",""gastritis""]}","{""morning"":true,""noon"":true,""evening"":false,""midnight"":false,""hot_weather"":false,""cold_weather"":true,""rainy"":true,""sunny_strong"":false,""pre_work"":true,""post_work"":false,""post_workout"":false,""light_meal"":false,""want_hot_food"":true,""want_cold_food"":false,""in_a_hurry"":false,""on_the_go"":false,""with_friends"":true,""need_relax"":false,""portable"":true,""short_lunch_break"":true}",
179,cà phê tiramisu,thức uống,"cà phê, kem tiramisu, sữa, đá","đá (nhiều/ít/không), sữa (nhiều/ít), kem tiramisu (nhiều/ít)","{""đá"": [""nhiều"", ""ít"", ""không""], ""sữa"": [""nhiều"", ""ít""], ""kem_tiramisu"": [""nhiều"", ""ít""]}","Cà phê tiramisu là thức uống ngọt béo, thơm kem và đậm vị cà phê. Không phù hợp người tiểu đường, béo phì hoặc dạ dày yếu.","{""type"":""thức uống"",""taste"":[""sweet"",""fatty"",""bitter""],""ingredients"":[""cà phê"",""kem tiramisu"",""sữa"",""đá""],""options"":[""đá (nhiều/ít/không)"",""sữa (nhiều/ít)"",""kem tiramisu (nhiều/ít)""],""suitable_for"":[],""avoid_for"":[""diabetes"",""obesity"",""fatty_liver"",""weak_stomach"",""gastritis""]}","{""good_for"":[],""bad_for"":[""diabetes"",""obesity"",""fatty_liver"",""weak_stomach"",""gastritis""]}","{""morning"":false,""noon"":true,""evening"":true,""midnight"":false,""hot_weather"":false,""cold_weather"":true,""rainy"":true,""sunny_strong"":false,""pre_work"":false,""post_work"":true,""post_workout"":false,""light_meal"":false,""want_hot_food"":true,""want_cold_food"":false,""in_a_hurry"":false,""on_the_go"":false,""with_friends"":true,""need_relax"":true,""portable"":false,""short_lunch_break"":false}",
180,cà phê kem dừa,thức uống,"cà phê, kem dừa, sữa, đá","đá (nhiều/ít/không), kem dừa (nhiều/ít), sữa (nhiều/ít)","{""đá"": [""nhiều"", ""ít"", ""không""], ""kem_dừa"": [""nhiều"", ""ít""], ""sữa"": [""nhiều"", ""ít""]}","Cà phê kem dừa là thức uống ngọt béo, đậm vị cà phê kết hợp hương dừa. Không phù hợp người tiểu đường, béo phì hoặc gan nhiễm mỡ.","{""type"":""thức uống"",""taste"":[""sweet"",""fatty"",""bitter""],""ingredients"":[""cà phê"",""kem dừa"",""sữa"",""đá""],""options"":[""đá (nhiều/ít/không)"",""kem dừa (nhiều/ít)"",""sữa (nhiều/ít)""],""suitable_for"":[],""avoid_for"":[""diabetes"",""obesity"",""fatty_liver"",""high_cholesterol""]}","{""good_for"":[],""bad_for"":[""diabetes"",""obesity"",""fatty_liver"",""high_cholesterol""]}","{""morning"":false,""noon"":true,""evening"":true,""midnight"":false,""hot_weather"":false,""cold_weather"":true,""rainy"":true,""sunny_strong"":false,""pre_work"":false,""post_work"":true,""post_workout"":false,""light_meal"":false,""want_hot_food"":true,""want_cold_food"":false,""in_a_hurry"":false,""on_the_go"":false,""with_friends"":true,""need_relax"":true,""portable"":false,""short_lunch_break"":false}",
181,cà phê vanilla,thức uống,"cà phê, syrup vanilla, sữa, đá","đá (nhiều/ít/không), vanilla (nhiều/ít), sữa (nhiều/ít)","{""đá"": [""nhiều"", ""ít"", ""không""], ""vanilla"": [""nhiều"", ""ít""], ""sữa"": [""nhiều"", ""ít""]}","Cà phê vanilla là thức uống thơm nhẹ, ngọt dịu và béo nhẹ. Không phù hợp người tiểu đường hoặc dạ dày yếu nếu dùng nhiều syrup và sữa.","{""type"":""thức uống"",""taste"":[""sweet"",""bitter""],""ingredients"":[""cà phê"",""syrup vanilla"",""sữa"",""đá""],""options"":[""đá (nhiều/ít/không)"",""vanilla (nhiều/ít)"",""sữa (nhiều/ít)""],""suitable_for"":[],""avoid_for"":[""diabetes"",""weak_stomach"",""gastritis""]}","{""good_for"":[],""bad_for"":[""diabetes"",""weak_stomach"",""gastritis""]}","{""morning"":true,""noon"":true,""evening"":false,""midnight"":false,""hot_weather"":true,""cold_weather"":false,""rainy"":false,""sunny_strong"":true,""pre_work"":false,""post_work"":true,""post_workout"":false,""light_meal"":false,""want_hot_food"":false,""want_cold_food"":true,""in_a_hurry"":false,""on_the_go"":false,""with_friends"":true,""need_relax"":false,""portable"":true,""short_lunch_break"":true}",
182,cà phê caramel,thức uống,"cà phê, caramel, sữa, đá","đá (nhiều/ít/không), caramel (nhiều/ít), sữa (nhiều/ít)","{""đá"": [""nhiều"", ""ít"", ""không""], ""caramel"": [""nhiều"", ""ít""], ""sữa"": [""nhiều"", ""ít""]}","Cà phê caramel là thức uống ngọt béo, thơm caramel và đậm vị cà phê. Không phù hợp người tiểu đường hoặc thừa cân.","{""type"":""thức uống"",""taste"":[""sweet"",""fatty"",""bitter""],""ingredients"":[""cà phê"",""caramel"",""sữa"",""đá""],""options"":[""đá (nhiều/ít/không)"",""caramel (nhiều/ít)"",""sữa (nhiều/ít)""],""suitable_for"":[],""avoid_for"":[""diabetes"",""obesity"",""fatty_liver""]}","{""good_for"":[],""bad_for"":[""diabetes"",""obesity"",""fatty_liver""]}","{""morning"":true,""noon"":true,""evening"":false,""midnight"":false,""hot_weather"":false,""cold_weather"":true,""rainy"":true,""sunny_strong"":false,""pre_work"":false,""post_work"":true,""post_workout"":false,""light_meal"":false,""want_hot_food"":true,""want_cold_food"":false,""in_a_hurry"":false,""on_the_go"":false,""with_friends"":true,""need_relax"":true,""portable"":false,""short_lunch_break"":false}",
183,cà phê bánh flan,thức uống,"cà phê, flan, sữa, đá","đá (nhiều/ít/không), flan (nhiều/ít), sữa (nhiều/ít)","{""đá"": [""nhiều"", ""ít"", ""không""], ""flan"": [""nhiều"", ""ít""], ""sữa"": [""nhiều"", ""ít""]}","Cà phê bánh flan là thức uống ngọt béo, thơm trứng sữa và đậm vị cà phê. Không phù hợp người tiểu đường, béo phì hoặc cholesterol cao.","{""type"":""thức uống"",""taste"":[""sweet"",""fatty"",""bitter""],""ingredients"":[""cà phê"",""flan"",""sữa"",""đá""],""options"":[""đá (nhiều/ít/không)"",""flan (nhiều/ít)"",""sữa (nhiều/ít)""],""suitable_for"":[],""avoid_for"":[""diabetes"",""obesity"",""high_cholesterol"",""fatty_liver""]}","{""good_for"":[],""bad_for"":[""diabetes"",""obesity"",""high_cholesterol"",""fatty_liver""]}","{""morning"":false,""noon"":true,""evening"":true,""midnight"":false,""hot_weather"":false,""cold_weather"":true,""rainy"":true,""sunny_strong"":false,""pre_work"":false,""post_work"":true,""post_workout"":false,""light_meal"":false,""want_hot_food"":true,""want_cold_food"":false,""in_a_hurry"":false,""on_the_go"":false,""with_friends"":true,""need_relax"":true,""portable"":false,""short_lunch_break"":false}",
184,cà phê dâu tây,thức uống,"cà phê, syrup dâu, sữa, đá","đá (nhiều/ít/không), dâu (nhiều/ít), sữa (nhiều/ít)","{""đá"": [""nhiều"", ""ít"", ""không""], ""dâu"": [""nhiều"", ""ít""], ""sữa"": [""nhiều"", ""ít""]}","Cà phê dâu tây là thức uống chua ngọt, thơm trái cây và có caffein. Không phù hợp người dạ dày yếu hoặc tiểu đường.","{""type"":""thức uống"",""taste"":[""sweet"",""sour"",""bitter""],""ingredients"":[""cà phê"",""syrup dâu"",""sữa"",""đá""],""options"":[""đá (nhiều/ít/không)"",""dâu (nhiều/ít)"",""sữa (nhiều/ít)""],""suitable_for"":[],""avoid_for"":[""diabetes"",""weak_stomach"",""gastritis""]}","{""good_for"":[],""bad_for"":[""diabetes"",""weak_stomach"",""gastritis""]}","{""morning"":true,""noon"":true,""evening"":false,""midnight"":false,""hot_weather"":true,""cold_weather"":false,""rainy"":false,""sunny_strong"":true,""pre_work"":false,""post_work"":true,""post_workout"":false,""light_meal"":false,""want_hot_food"":false,""want_cold_food"":true,""in_a_hurry"":false,""on_the_go"":false,""with_friends"":true,""need_relax"":false,""portable"":true,""short_lunch_break"":true}",
185,cà phê socola,thức uống,"cà phê, socola, sữa, đá","đá (nhiều/ít/không), socola (nhiều/ít), sữa (nhiều/ít)","{""đá"": [""nhiều"", ""ít"", ""không""], ""socola"": [""nhiều"", ""ít""], ""sữa"": [""nhiều"", ""ít""]}","Cà phê socola là thức uống ngọt đậm, béo nhẹ và đậm vị cacao. Không phù hợp người tiểu đường hoặc dạ dày yếu.","{""type"":""thức uống"",""taste"":[""sweet"",""bitter"",""fatty""],""ingredients"":[""cà phê"",""socola"",""sữa"",""đá""],""options"":[""đá (nhiều/ít/không)"",""socola (nhiều/ít)"",""sữa (nhiều/ít)""],""suitable_for"":[],""avoid_for"":[""diabetes"",""weak_stomach"",""gastritis""]}","{""good_for"":[],""bad_for"":[""diabetes"",""weak_stomach"",""gastritis""]}","{""morning"":true,""noon"":true,""evening"":false,""midnight"":false,""hot_weather"":false,""cold_weather"":true,""rainy"":true,""sunny_strong"":false,""pre_work"":false,""post_work"":true,""post_workout"":false,""light_meal"":false,""want_hot_food"":true,""want_cold_food"":false,""in_a_hurry"":false,""on_the_go"":false,""with_friends"":true,""need_relax"":false,""portable"":false,""short_lunch_break"":false}",
186,cà phê hạt dẻ,thức uống,"cà phê, syrup hạt dẻ, sữa, đá","đá (nhiều/ít/không), hạt dẻ (nhiều/ít), sữa (nhiều/ít)","{""đá"": [""nhiều"", ""ít"", ""không""], ""hạt_dẻ"": [""nhiều"", ""ít""], ""sữa"": [""nhiều"", ""ít""]}","Cà phê hạt dẻ là thức uống thơm béo, ngọt dịu và đậm vị hạt dẻ. Không phù hợp người tiểu đường hoặc dạ dày yếu nếu dùng nhiều sữa và syrup.","{""type"":""thức uống"",""taste"":[""sweet"",""fatty"",""bitter""],""ingredients"":[""cà phê"",""syrup hạt dẻ"",""sữa"",""đá""],""options"":[""đá (nhiều/ít/không)"",""hạt dẻ (nhiều/ít)"",""sữa (nhiều/ít)""],""suitable_for"":[],""avoid_for"":[""diabetes"",""weak_stomach"",""gastritis"",""obesity""]}","{""good_for"":[],""bad_for"":[""diabetes"",""weak_stomach"",""gastritis"",""obesity""]}","{""morning"":true,""noon"":true,""evening"":false,""midnight"":false,""hot_weather"":false,""cold_weather"":true,""rainy"":true,""sunny_strong"":false,""pre_work"":false,""post_work"":true,""post_workout"":false,""light_meal"":false,""want_hot_food"":true,""want_cold_food"":false,""in_a_hurry"":false,""on_the_go"":false,""with_friends"":true,""need_relax"":false,""portable"":false,""short_lunch_break"":false}",
187,cà phê phin,thức uống,"cà phê phin, đường, đá","đá (nhiều/ít/không), đường (nhiều/ít/không)","{""đá"": [""nhiều"", ""ít"", ""không""], ""đường"": [""nhiều"", ""ít"", ""không""]}",Cà phê phin là thức uống đậm vị và nhiều caffein. Không phù hợp người dạ dày yếu hoặc cao huyết áp.,"{""type"":""thức uống"",""taste"":[""bitter""],""ingredients"":[""cà phê phin"",""đường"",""đá""],""options"":[""đá (nhiều/ít/không)"",""đường (nhiều/ít/không)""],""suitable_for"":[""need_focus""],""avoid_for"":[""high_blood_pressure"",""weak_stomach"",""gastritis"",""heart_disease""]}","{""good_for"":[""need_focus""],""bad_for"":[""high_blood_pressure"",""weak_stomach"",""gastritis"",""heart_disease""]}","{""morning"":true,""noon"":true,""evening"":false,""midnight"":false,""hot_weather"":true,""cold_weather"":false,""rainy"":false,""sunny_strong"":true,""pre_work"":true,""post_work"":false,""post_workout"":false,""light_meal"":false,""want_hot_food"":false,""want_cold_food"":true,""in_a_hurry"":true,""on_the_go"":true,""with_friends"":false,""need_relax"":false,""portable"":true,""short_lunch_break"":true}",
188,trà sen,thức uống,"trà sen, đường, đá","đá (nhiều/ít/không), đường (nhiều/ít/không)","{""đá"": [""nhiều"", ""ít"", ""không""], ""đường"": [""nhiều"", ""ít"", ""không""]}","Trà sen là thức uống thanh nhẹ, thơm và dễ uống. Phù hợp thư giãn; không phù hợp người tiểu đường nếu thêm nhiều đường.","{""type"":""thức uống"",""taste"":[""light"",""sweet""],""ingredients"":[""trà sen"",""đường"",""đá""],""options"":[""đá (nhiều/ít/không)"",""đường (nhiều/ít/không)""],""suitable_for"":[""need_relax""],""avoid_for"":[""diabetes""]}","{""good_for"":[""need_relax""],""bad_for"":[""diabetes""]}","{""morning"":true,""noon"":true,""evening"":true,""midnight"":false,""hot_weather"":true,""cold_weather"":false,""rainy"":false,""sunny_strong"":true,""pre_work"":false,""post_work"":true,""post_workout"":false,""light_meal"":true,""want_hot_food"":false,""want_cold_food"":true,""in_a_hurry"":true,""on_the_go"":true,""with_friends"":true,""need_relax"":true,""portable"":true,""short_lunch_break"":true}",
189,trà hoa cúc,thức uống,"hoa cúc, đường, đá","đá (nhiều/ít/không), đường (nhiều/ít/không)","{""đá"": [""nhiều"", ""ít"", ""không""], ""đường"": [""nhiều"", ""ít"", ""không""]}","Trà hoa cúc là thức uống thanh mát, thơm nhẹ và có tác dụng thư giãn. Không phù hợp người tiểu đường nếu dùng nhiều đường.","{""type"":""thức uống"",""taste"":[""light"",""sweet"",""floral""],""ingredients"":[""hoa cúc"",""đường"",""đá""],""options"":[""đá (nhiều/ít/không)"",""đường (nhiều/ít/không)""],""suitable_for"":[""need_relax""],""avoid_for"":[""diabetes""]}","{""good_for"":[""need_relax""],""bad_for"":[""diabetes""]}","{""morning"":true,""noon"":true,""evening"":true,""midnight"":false,""hot_weather"":true,""cold_weather"":false,""rainy"":false,""sunny_strong"":true,""pre_work"":false,""post_work"":true,""post_workout"":false,""light_meal"":true,""want_hot_food"":false,""want_cold_food"":true,""in_a_hurry"":true,""on_the_go"":true,""with_friends"":true,""need_relax"":true,""portable"":true,""short_lunch_break"":true}",
190,trà gừng,thức uống,"trà, gừng, đường","đường (nhiều/ít), gừng (nhiều/ít)","{""đường"": [""nhiều"", ""ít""], ""gừng"": [""nhiều"", ""ít""]}","Trà gừng là thức uống ấm, cay nhẹ giúp làm ấm cơ thể và hỗ trợ tiêu hóa. Không phù hợp người đau dạ dày nặng do vị cay.","{""type"":""thức uống"",""taste"":[""spicy"",""warm"",""sweet""],""ingredients"":[""trà"",""gừng"",""đường""],""options"":[""đường (nhiều/ít)"",""gừng (nhiều/ít)""],""suitable_for"":[""cold_weather"",""indigestion"",""poor_digestive_system""],""avoid_for"":[""gastritis"",""weak_stomach""]}","{""good_for"":[""cold_weather"",""indigestion"",""poor_digestive_system""],""bad_for"":[""gastritis"",""weak_stomach""]}","{""morning"":true,""noon"":true,""evening"":true,""midnight"":false,""hot_weather"":false,""cold_weather"":true,""rainy"":true,""sunny_strong"":false,""pre_work"":true,""post_work"":false,""post_workout"":true,""light_meal"":true,""want_hot_food"":true,""want_cold_food"":false,""in_a_hurry"":true,""on_the_go"":true,""with_friends"":false,""need_relax"":false,""portable"":true,""short_lunch_break"":true}",
191,trà đào cam sả,thức uống,"trà, đào, cam, sả, đá","đá (nhiều/ít/không), đào (nhiều/ít), cam (nhiều/ít), sả (nhiều/ít)","{""đá"": [""nhiều"", ""ít"", ""không""], ""đào"": [""nhiều"", ""ít""], ""cam"": [""nhiều"", ""ít""], ""sả"": [""nhiều"", ""ít""]}","Trà đào cam sả là thức uống thanh mát, thơm dịu và có vị ngọt chua nhẹ. Phù hợp thời tiết nóng; không phù hợp người tiểu đường nếu dùng nhiều đường.","{""type"":""thức uống"",""taste"":[""sweet"",""fresh"",""citrus"",""light""],""ingredients"":[""trà"",""đào"",""cam"",""sả"",""đá""],""options"":[""đá (nhiều/ít/không)"",""đào (nhiều/ít)"",""cam (nhiều/ít)"",""sả (nhiều/ít)""],""suitable_for"":[""hot_weather"",""need_relax""],""avoid_for"":[""diabetes""]}","{""good_for"":[""hot_weather"",""need_relax""],""bad_for"":[""diabetes""]}","{""morning"":true,""noon"":true,""evening"":true,""midnight"":false,""hot_weather"":true,""cold_weather"":false,""rainy"":false,""sunny_strong"":true,""pre_work"":false,""post_work"":true,""post_workout"":true,""light_meal"":true,""want_hot_food"":false,""want_cold_food"":true,""in_a_hurry"":true,""on_the_go"":true,""with_friends"":true,""need_relax"":true,""portable"":true,""short_lunch_break"":true}",
192,trà sữa ô long,thức uống,"trà ô long, sữa, đường, đá","đá (nhiều/ít/không), đường (nhiều/ít), sữa (nhiều/ít)","{""đá"": [""nhiều"", ""ít"", ""không""], ""đường"": [""nhiều"", ""ít""], ""sữa"": [""nhiều"", ""ít""]}","Trà sữa ô long là thức uống thơm đậm vị trà, béo nhẹ và ngọt dịu. Không phù hợp người tiểu đường hoặc béo phì nếu dùng nhiều đường và sữa.","{""type"":""thức uống"",""taste"":[""sweet"",""fatty"",""tea""],""ingredients"":[""trà ô long"",""sữa"",""đường"",""đá""],""options"":[""đá (nhiều/ít/không)"",""đường (nhiều/ít)"",""sữa (nhiều/ít)""],""suitable_for"":[],""avoid_for"":[""diabetes"",""obesity"",""fatty_liver""]}","{""good_for"":[],""bad_for"":[""diabetes"",""obesity"",""fatty_liver""]}","{""morning"":false,""noon"":true,""evening"":true,""midnight"":false,""hot_weather"":false,""cold_weather"":true,""rainy"":true,""sunny_strong"":false,""pre_work"":false,""post_work"":true,""post_workout"":false,""light_meal"":false,""want_hot_food"":false,""want_cold_food"":true,""in_a_hurry"":false,""on_the_go"":false,""with_friends"":true,""need_relax"":true,""portable"":false,""short_lunch_break"":false}",
193,trà chanh honey,thức uống,"trà, chanh, mật ong, đá","đá (nhiều/ít/không), mật ong (nhiều/ít), chanh (nhiều/ít)","{""đá"": [""nhiều"", ""ít"", ""không""], ""mật_ong"": [""nhiều"", ""ít""], ""chanh"": [""nhiều"", ""ít""]}","Trà chanh mật ong là thức uống thanh mát, ngọt nhẹ và hỗ trợ làm dịu cổ họng. Không phù hợp người tiểu đường do mật ong có hàm lượng đường cao.","{""type"":""thức uống"",""taste"":[""sweet"",""sour"",""fresh"",""light""],""ingredients"":[""trà"",""chanh"",""mật ong"",""đá""],""options"":[""đá (nhiều/ít/không)"",""mật ong (nhiều/ít)"",""chanh (nhiều/ít)""],""suitable_for"":[""sore_throat"",""hot_weather""],""avoid_for"":[""diabetes""]}","{""good_for"":[""sore_throat"",""hot_weather""],""bad_for"":[""diabetes""]}","{""morning"":true,""noon"":true,""evening"":true,""midnight"":false,""hot_weather"":true,""cold_weather"":false,""rainy"":true,""sunny_strong"":true,""pre_work"":true,""post_work"":false,""post_workout"":false,""light_meal"":true,""want_hot_food"":false,""want_cold_food"":true,""in_a_hurry"":true,""on_the_go"":true,""with_friends"":true,""need_relax"":true,""portable"":true,""short_lunch_break"":true}",
194,trà sữa khoai môn,thức uống,"trà, khoai môn, sữa, đá","đá (nhiều/ít/không), khoai môn (nhiều/ít), sữa (nhiều/ít)","{""đá"": [""nhiều"", ""ít"", ""không""], ""khoai_môn"": [""nhiều"", ""ít""], ""sữa"": [""nhiều"", ""ít""]}","Trà sữa khoai môn là thức uống ngọt béo, thơm mùi khoai môn. Không phù hợp người tiểu đường, béo phì hoặc gan nhiễm mỡ.","{""type"":""thức uống"",""taste"":[""sweet"",""fatty""],""ingredients"":[""trà"",""khoai môn"",""sữa"",""đá""],""options"":[""đá (nhiều/ít/không)"",""khoai môn (nhiều/ít)"",""sữa (nhiều/ít)""],""suitable_for"":[],""avoid_for"":[""diabetes"",""obesity"",""fatty_liver""]}","{""good_for"":[],""bad_for"":[""diabetes"",""obesity"",""fatty_liver""]}","{""morning"":false,""noon"":true,""evening"":true,""midnight"":false,""hot_weather"":false,""cold_weather"":true,""rainy"":true,""sunny_strong"":false,""pre_work"":false,""post_work"":true,""post_workout"":false,""light_meal"":false,""want_hot_food"":true,""want_cold_food"":false,""in_a_hurry"":false,""on_the_go"":false,""with_friends"":true,""need_relax"":true,""portable"":false,""short_lunch_break"":false}",
195,trà hibiscus,thức uống,"hibiscus, đường, đá","đá (nhiều/ít/không), đường (nhiều/ít/không)","{""đá"": [""nhiều"", ""ít"", ""không""], ""đường"": [""nhiều"", ""ít"", ""không""]}","Trà hibiscus có vị chua nhẹ, màu đẹp và giúp hỗ trợ huyết áp. Không phù hợp người tiểu đường nếu thêm nhiều đường.","{""type"":""thức uống"",""taste"":[""sour"",""sweet"",""light""],""ingredients"":[""hibiscus"",""đường"",""đá""],""options"":[""đá (nhiều/ít/không)"",""đường (nhiều/ít/không)""],""suitable_for"":[""high_blood_pressure"",""hot_weather""],""avoid_for"":[""diabetes""]}","{""good_for"":[""high_blood_pressure"",""hot_weather""],""bad_for"":[""diabetes""]}","{""morning"":true,""noon"":true,""evening"":true,""midnight"":false,""hot_weather"":true,""cold_weather"":false,""rainy"":false,""sunny_strong"":true,""pre_work"":false,""post_work"":true,""post_workout"":false,""light_meal"":true,""want_hot_food"":false,""want_cold_food"":true,""in_a_hurry"":true,""on_the_go"":true,""with_friends"":true,""need_relax"":true,""portable"":true,""short_lunch_break"":true}",
196,trà bí đao,thức uống,"bí đao, đường, đá","đá (nhiều/ít/không), đường (nhiều/ít/không)","{""đá"": [""nhiều"", ""ít"", ""không""], ""đường"": [""nhiều"", ""ít"", ""không""]}","Trà bí đao là thức uống thanh mát, ngọt nhẹ và giải nhiệt tốt. Không phù hợp người tiểu đường nếu dùng nhiều đường.","{""type"":""thức uống"",""taste"":[""sweet"",""light"",""fresh""],""ingredients"":[""bí đao"",""đường"",""đá""],""options"":[""đá (nhiều/ít/không)"",""đường (nhiều/ít/không)""],""suitable_for"":[""hot_weather""],""avoid_for"":[""diabetes""]}","{""good_for"":[""hot_weather""],""bad_for"":[""diabetes""]}","{""morning"":true,""noon"":true,""evening"":true,""midnight"":false,""hot_weather"":true,""cold_weather"":false,""rainy"":false,""sunny_strong"":true,""pre_work"":false,""post_work"":true,""post_workout"":false,""light_meal"":true,""want_hot_food"":false,""want_cold_food"":true,""in_a_hurry"":true,""on_the_go"":true,""with_friends"":true,""need_relax"":true,""portable"":true,""short_lunch_break"":true}",
197,trà lài hoa nhài,thức uống,"trà lài, hoa nhài, đường, đá","đá (nhiều/ít/không), đường (nhiều/ít/không)","{""đá"": [""nhiều"", ""ít"", ""không""], ""đường"": [""nhiều"", ""ít"", ""không""]}","Trà lài hoa nhài là thức uống thơm dịu, thanh nhẹ và giúp thư giãn. Không phù hợp người tiểu đường nếu dùng nhiều đường.","{""type"":""thức uống"",""taste"":[""light"",""sweet"",""floral""],""ingredients"":[""trà lài"",""hoa nhài"",""đường"",""đá""],""options"":[""đá (nhiều/ít/không)"",""đường (nhiều/ít/không)""],""suitable_for"":[""need_relax""],""avoid_for"":[""diabetes""]}","{""good_for"":[""need_relax""],""bad_for"":[""diabetes""]}","{""morning"":true,""noon"":true,""evening"":true,""midnight"":false,""hot_weather"":true,""cold_weather"":false,""rainy"":false,""sunny_strong"":true,""pre_work"":false,""post_work"":true,""post_workout"":false,""light_meal"":true,""want_hot_food"":false,""want_cold_food"":true,""in_a_hurry"":true,""on_the_go"":true,""with_friends"":true,""need_relax"":true,""portable"":true,""short_lunch_break"":true}",
198,trà ô long,thức uống,"trà ô long, đường, đá","đá (nhiều/ít/không), đường (nhiều/ít/không)","{""đá"": [""nhiều"", ""ít"", ""không""], ""đường"": [""nhiều"", ""ít"", ""không""]}","Trà ô long là thức uống đậm vị trà, hỗ trợ tiêu hóa và tỉnh táo. Không phù hợp người tiểu đường nếu thêm nhiều đường.","{""type"":""thức uống"",""taste"":[""tea"",""light"",""sweet""],""ingredients"":[""trà ô long"",""đường"",""đá""],""options"":[""đá (nhiều/ít/không)"",""đường (nhiều/ít/không)""],""suitable_for"":[""need_focus"",""poor_digestive_system""],""avoid_for"":[""diabetes""]}","{""good_for"":[""need_focus"",""poor_digestive_system""],""bad_for"":[""diabetes""]}","{""morning"":true,""noon"":true,""evening"":true,""midnight"":false,""hot_weather"":true,""cold_weather"":false,""rainy"":false,""sunny_strong"":true,""pre_work"":true,""post_work"":false,""post_workout"":false,""light_meal"":true,""want_hot_food"":false,""want_cold_food"":true,""in_a_hurry"":true,""on_the_go"":true,""with_friends"":true,""need_relax"":false,""portable"":true,""short_lunch_break"":true}",
199,trà sữa matcha,thức uống,"matcha, sữa, đường, đá","đá (nhiều/ít/không), đường (nhiều/ít), sữa (nhiều/ít)","{""đá"": [""nhiều"", ""ít"", ""không""], ""đường"": [""nhiều"", ""ít""], ""sữa"": [""nhiều"", ""ít""]}","Trà sữa matcha là thức uống ngọt béo, thơm matcha và giàu năng lượng. Không phù hợp người tiểu đường, béo phì hoặc gan nhiễm mỡ.","{""type"":""thức uống"",""taste"":[""sweet"",""fatty"",""bitter""],""ingredients"":[""matcha"",""sữa"",""đường"",""đá""],""options"":[""đá (nhiều/ít/không)"",""đường (nhiều/ít)"",""sữa (nhiều/ít)""],""suitable_for"":[],""avoid_for"":[""diabetes"",""obesity"",""fatty_liver"",""high_cholesterol""]}","{""good_for"":[],""bad_for"":[""diabetes"",""obesity"",""fatty_liver"",""high_cholesterol""]}","{""morning"":false,""noon"":true,""evening"":true,""midnight"":false,""hot_weather"":false,""cold_weather"":true,""rainy"":true,""sunny_strong"":false,""pre_work"":false,""post_work"":true,""post_workout"":false,""light_meal"":false,""want_hot_food"":true,""want_cold_food"":false,""in_a_hurry"":false,""on_the_go"":false,""with_friends"":true,""need_relax"":true,""portable"":false,""short_lunch_break"":false}",
200,trà hoa hồng,thức uống,"trà hoa hồng, đường, đá","đá (nhiều/ít/không), đường (nhiều/ít/không)","{""đá"": [""nhiều"", ""ít"", ""không""], ""đường"": [""nhiều"", ""ít"", ""không""]}","Trà hoa hồng là thức uống thơm dịu, thanh mát và giúp giảm căng thẳng. Không phù hợp người tiểu đường nếu dùng nhiều đường.","{""type"":""thức uống"",""taste"":[""floral"",""light"",""sweet""],""ingredients"":[""trà hoa hồng"",""đường"",""đá""],""options"":[""đá (nhiều/ít/không)"",""đường (nhiều/ít/không)""],""suitable_for"":[""need_relax""],""avoid_for"":[""diabetes""]}","{""good_for"":[""need_relax""],""bad_for"":[""diabetes""]}","{""morning"":true,""noon"":true,""evening"":true,""midnight"":false,""hot_weather"":true,""cold_weather"":false,""rainy"":false,""sunny_strong"":true,""pre_work"":false,""post_work"":true,""post_workout"":false,""light_meal"":true,""want_hot_food"":false,""want_cold_food"":true,""in_a_hurry"":true,""on_the_go"":true,""with_friends"":true,""need_relax"":true,""portable"":true,""short_lunch_break"":true}",
201,trà sữa chocolate,thức uống,"chocolate, sữa, đường, đá","đá (nhiều/ít/không), đường (nhiều/ít), sữa (nhiều/ít)","{""đá"": [""nhiều"", ""ít"", ""không""], ""đường"": [""nhiều"", ""ít""], ""sữa"": [""nhiều"", ""ít""]}","Trà sữa chocolate là thức uống ngọt béo, đậm vị cacao. Không phù hợp người tiểu đường hoặc béo phì.","{""type"":""thức uống"",""taste"":[""sweet"",""fatty"",""chocolate""],""ingredients"":[""chocolate"",""sữa"",""đường"",""đá""],""options"":[""đá (nhiều/ít/không)"",""đường (nhiều/ít)"",""sữa (nhiều/ít)""],""suitable_for"":[],""avoid_for"":[""diabetes"",""obesity"",""fatty_liver""]}","{""good_for"":[],""bad_for"":[""diabetes"",""obesity"",""fatty_liver""]}","{""morning"":false,""noon"":true,""evening"":true,""midnight"":false,""hot_weather"":false,""cold_weather"":true,""rainy"":true,""sunny_strong"":false,""pre_work"":false,""post_work"":true,""post_workout"":false,""light_meal"":false,""want_hot_food"":true,""want_cold_food"":false,""in_a_hurry"":false,""on_the_go"":false,""with_friends"":true,""need_relax"":true,""portable"":false,""short_lunch_break"":false}",
202,trà cam thảo,thức uống,"trà cam thảo, đường, đá","đá (nhiều/ít/không), đường (nhiều/ít/không)","{""đá"": [""nhiều"", ""ít"", ""không""], ""đường"": [""nhiều"", ""ít"", ""không""]}","Trà cam thảo có vị ngọt tự nhiên, thanh mát và tốt cho cổ họng. Không phù hợp người tiểu đường nếu thêm nhiều đường.","{""type"":""thức uống"",""taste"":[""sweet"",""light"",""herbal""],""ingredients"":[""trà cam thảo"",""đường"",""đá""],""options"":[""đá (nhiều/ít/không)"",""đường (nhiều/ít/không)""],""suitable_for"":[""sore_throat"",""need_relax""],""avoid_for"":[""diabetes""]}","{""good_for"":[""sore_throat"",""need_relax""],""bad_for"":[""diabetes""]}","{""morning"":true,""noon"":true,""evening"":true,""midnight"":false,""hot_weather"":true,""cold_weather"":false,""rainy"":false,""sunny_strong"":true,""pre_work"":false,""post_work"":true,""post_workout"":false,""light_meal"":true,""want_hot_food"":false,""want_cold_food"":true,""in_a_hurry"":true,""on_the_go"":true,""with_friends"":true,""need_relax"":true,""portable"":true,""short_lunch_break"":true}",
203,trà sữa dâu tây,thức uống,"dâu tây, sữa, đường, đá","đá (nhiều/ít/không), đường (nhiều/ít), sữa (nhiều/ít)","{""đá"": [""nhiều"", ""ít"", ""không""], ""đường"": [""nhiều"", ""ít""], ""sữa"": [""nhiều"", ""ít""]}","Trà sữa dâu tây là thức uống ngọt béo, thơm mùi dâu. Không phù hợp người tiểu đường, béo phì hoặc gan nhiễm mỡ.","{""type"":""thức uống"",""taste"":[""sweet"",""fatty"",""fruity""],""ingredients"":[""dâu tây"",""sữa"",""đường"",""đá""],""options"":[""đá (nhiều/ít/không)"",""đường (nhiều/ít)"",""sữa (nhiều/ít)""],""suitable_for"":[],""avoid_for"":[""diabetes"",""obesity"",""fatty_liver""]}","{""good_for"":[],""bad_for"":[""diabetes"",""obesity"",""fatty_liver""]}","{""morning"":false,""noon"":true,""evening"":true,""midnight"":false,""hot_weather"":false,""cold_weather"":true,""rainy"":true,""sunny_strong"":false,""pre_work"":false,""post_work"":true,""post_workout"":false,""light_meal"":false,""want_hot_food"":true,""want_cold_food"":false,""in_a_hurry"":false,""on_the_go"":false,""with_friends"":true,""need_relax"":true,""portable"":false,""short_lunch_break"":false}",
204,trà bạc hà,thức uống,"bạc hà, trà, đường, đá","đá (nhiều/ít/không), đường (nhiều/ít/không)","{""đá"": [""nhiều"", ""ít"", ""không""], ""đường"": [""nhiều"", ""ít"", ""không""]}","Trà bạc hà là thức uống thanh mát, the nhẹ và giúp tỉnh táo. Không phù hợp người tiểu đường nếu dùng nhiều đường.","{""type"":""thức uống"",""taste"":[""fresh"",""mint"",""light"",""sweet""],""ingredients"":[""bạc hà"",""trà"",""đường"",""đá""],""options"":[""đá (nhiều/ít/không)"",""đường (nhiều/ít/không)""],""suitable_for"":[""need_focus"",""hot_weather""],""avoid_for"":[""diabetes""]}","{""good_for"":[""need_focus"",""hot_weather""],""bad_for"":[""diabetes""]}","{""morning"":true,""noon"":true,""evening"":true,""midnight"":false,""hot_weather"":true,""cold_weather"":false,""rainy"":false,""sunny_strong"":true,""pre_work"":true,""post_work"":false,""post_workout"":false,""light_meal"":true,""want_hot_food"":false,""want_cold_food"":true,""in_a_hurry"":true,""on_the_go"":true,""with_friends"":true,""need_relax"":false,""portable"":true,""short_lunch_break"":true}",
205,trà lavender,thức uống,"trà lavender, đường, đá","đá (nhiều/ít/không), đường (nhiều/ít/không)","{""đá"": [""nhiều"", ""ít"", ""không""], ""đường"": [""nhiều"", ""ít"", ""không""]}","Trà lavender là thức uống thơm nhẹ, dễ chịu và giúp thư giãn. Không phù hợp người tiểu đường nếu dùng nhiều đường.","{""type"":""thức uống"",""taste"":[""floral"",""light"",""sweet""],""ingredients"":[""trà lavender"",""đường"",""đá""],""options"":[""đá (nhiều/ít/không)"",""đường (nhiều/ít/không)""],""suitable_for"":[""need_relax""],""avoid_for"":[""diabetes""]}","{""good_for"":[""need_relax""],""bad_for"":[""diabetes""]}","{""morning"":true,""noon"":true,""evening"":true,""midnight"":false,""hot_weather"":true,""cold_weather"":false,""rainy"":false,""sunny_strong"":true,""pre_work"":false,""post_work"":true,""post_workout"":false,""light_meal"":true,""want_hot_food"":false,""want_cold_food"":true,""in_a_hurry"":true,""on_the_go"":true,""with_friends"":true,""need_relax"":true,""portable"":true,""short_lunch_break"":true}",
206,trà sữa vanilla,thức uống,"vanilla, sữa, đường, đá","đá (nhiều/ít/không), sữa (nhiều/ít), đường (nhiều/ít)","{""đá"": [""nhiều"", ""ít"", ""không""], ""sữa"": [""nhiều"", ""ít""], ""đường"": [""nhiều"", ""ít""]}","Trà sữa vanilla là thức uống ngọt nhẹ, thơm mùi vanilla và béo nhẹ. Không phù hợp người tiểu đường hoặc béo phì nếu dùng nhiều đường và sữa.","{""type"":""thức uống"",""taste"":[""sweet"",""fatty"",""vanilla""],""ingredients"":[""vanilla"",""sữa"",""đường"",""đá""],""options"":[""đá (nhiều/ít/không)"",""sữa (nhiều/ít)"",""đường (nhiều/ít)""],""suitable_for"":[],""avoid_for"":[""diabetes"",""obesity"",""fatty_liver""]}","{""good_for"":[],""bad_for"":[""diabetes"",""obesity"",""fatty_liver""]}","{""morning"":false,""noon"":true,""evening"":true,""midnight"":false,""hot_weather"":false,""cold_weather"":true,""rainy"":true,""sunny_strong"":false,""pre_work"":false,""post_work"":true,""post_workout"":false,""light_meal"":false,""want_hot_food"":true,""want_cold_food"":false,""in_a_hurry"":false,""on_the_go"":false,""with_friends"":true,""need_relax"":true,""portable"":false,""short_lunch_break"":false}",
207,bánh tráng nướng,đồ ăn,"bánh tráng, trứng, pate, hành, bò khô","trứng (nhiều/ít), pate (nhiều/ít), bò khô (nhiều/ít), hành (nhiều/ít/không), ớt (nhiều/ít/không)","{""trứng"": [""nhiều"", ""ít""], ""pate"": [""nhiều"", ""ít""], ""bò_khô"": [""nhiều"", ""ít""], ""hành"": [""nhiều"", ""ít"", ""không""], ""ớt"": [""nhiều"", ""ít"", ""không""]}","Bánh tráng nướng là món ăn vặt giòn, mặn nhẹ và thơm. Không phù hợp người béo phì hoặc cao huyết áp do pate và bò khô nhiều muối.","{""type"":""đồ ăn"",""taste"":[""salty"",""umami"",""crispy""],""ingredients"":[""bánh tráng"",""trứng"",""pate"",""hành"",""bò khô""],""options"":[""trứng (nhiều/ít)"",""pate (nhiều/ít)"",""bò khô (nhiều/ít)"",""hành (nhiều/ít/không)"",""ớt (nhiều/ít/không)""],""suitable_for"":[""light_meal"",""with_friends""],""avoid_for"":[""high_blood_pressure"",""obesity""]}","{""good_for"":[""light_meal"",""with_friends""],""bad_for"":[""high_blood_pressure"",""obesity""]}","{""morning"":false,""noon"":true,""evening"":true,""midnight"":true,""hot_weather"":true,""cold_weather"":true,""rainy"":false,""sunny_strong"":false,""pre_work"":false,""post_work"":true,""post_workout"":false,""light_meal"":true,""want_hot_food"":true,""want_cold_food"":false,""in_a_hurry"":true,""on_the_go"":true,""with_friends"":true,""need_relax"":false,""portable"":true,""short_lunch_break"":false}",
208,bánh căn,đồ ăn,"bột gạo, trứng, tôm, hành","trứng (nhiều/ít), tôm (nhiều/ít), hành (nhiều/ít/không), nước chấm (cay/không cay)","{""trứng"": [""nhiều"", ""ít""], ""tôm"": [""nhiều"", ""ít""], ""hành"": [""nhiều"", ""ít"", ""không""], ""nước_chấm"": [""cay"", ""không cay""]}","Bánh căn là món ăn nóng, giòn nhẹ và thơm mùi trứng. Không phù hợp người cholesterol cao hoặc dị ứng hải sản.","{""type"":""đồ ăn"",""taste"":[""savory"",""umami"",""warm""],""ingredients"":[""bột gạo"",""trứng"",""tôm"",""hành""],""options"":[""trứng (nhiều/ít)"",""tôm (nhiều/ít)"",""hành (nhiều/ít/không)"",""nước chấm (cay/không cay)""],""suitable_for"":[""light_meal""],""avoid_for"":[""high_cholesterol"",""seafood_allergy"",""gout""]}","{""good_for"":[""light_meal""],""bad_for"":[""high_cholesterol"",""seafood_allergy"",""gout""]}","{""morning"":true,""noon"":true,""evening"":true,""midnight"":false,""hot_weather"":false,""cold_weather"":true,""rainy"":true,""sunny_strong"":false,""pre_work"":false,""post_work"":true,""post_workout"":false,""light_meal"":true,""want_hot_food"":true,""want_cold_food"":false,""in_a_hurry"":false,""on_the_go"":false,""with_friends"":true,""need_relax"":false,""portable"":false,""short_lunch_break"":false}",
209,bánh bèo,đồ ăn,"bột gạo, tôm cháy, hành phi, mỡ hành","tôm cháy (nhiều/ít), mỡ hành (nhiều/ít/không), hành phi (nhiều/ít/không), nước mắm (cay/không cay)","{""tôm_cháy"": [""nhiều"", ""ít""], ""mỡ_hành"": [""nhiều"", ""ít"", ""không""], ""hành_phi"": [""nhiều"", ""ít"", ""không""], ""nước_mắm"": [""cay"", ""không cay""]}","Bánh bèo là món mềm, thơm mùi tôm cháy và mỡ hành. Không phù hợp người cao huyết áp hoặc gan nhiễm mỡ.","{""type"":""đồ ăn"",""taste"":[""savory"",""umami"",""soft""],""ingredients"":[""bột gạo"",""tôm cháy"",""hành phi"",""mỡ hành""],""options"":[""tôm cháy (nhiều/ít)"",""mỡ hành (nhiều/ít/không)"",""hành phi (nhiều/ít/không)"",""nước mắm (cay/không cay)""],""suitable_for"":[""light_meal""],""avoid_for"":[""high_blood_pressure"",""fatty_liver""]}","{""good_for"":[""light_meal""],""bad_for"":[""high_blood_pressure"",""fatty_liver""]}","{""morning"":true,""noon"":true,""evening"":true,""midnight"":false,""hot_weather"":false,""cold_weather"":true,""rainy"":false,""sunny_strong"":false,""pre_work"":false,""post_work"":true,""post_workout"":false,""light_meal"":true,""want_hot_food"":true,""want_cold_food"":false,""in_a_hurry"":true,""on_the_go"":true,""with_friends"":true,""need_relax"":false,""portable"":true,""short_lunch_break"":true}",
210,bánh khọt vũng tàu,đồ ăn,"bột gạo, tôm, rau sống, mỡ hành","tôm (nhiều/ít), rau (nhiều/ít/không), mỡ hành (nhiều/ít/không), nước mắm (cay/không cay)","{""tôm"": [""nhiều"", ""ít""], ""rau"": [""nhiều"", ""ít"", ""không""], ""mỡ_hành"": [""nhiều"", ""ít"", ""không""], ""nước_mắm"": [""cay"", ""không cay""]}","Bánh khọt là món chiên giòn, béo nhẹ và thơm mùi tôm. Không phù hợp người cao huyết áp, béo phì hoặc cholesterol cao.","{""type"":""đồ ăn"",""taste"":[""crispy"",""savory"",""fatty""],""ingredients"":[""bột gạo"",""tôm"",""rau sống"",""mỡ hành""],""options"":[""tôm (nhiều/ít)"",""rau (nhiều/ít/không)"",""mỡ hành (nhiều/ít/không)"",""nước mắm (cay/không cay)""],""suitable_for"":[""light_meal"",""with_friends""],""avoid_for"":[""high_blood_pressure"",""obesity"",""high_cholesterol"",""gout""]}","{""good_for"":[""light_meal"",""with_friends""],""bad_for"":[""high_blood_pressure"",""obesity"",""high_cholesterol"",""gout""]}","{""morning"":false,""noon"":true,""evening"":true,""midnight"":false,""hot_weather"":false,""cold_weather"":true,""rainy"":true,""sunny_strong"":false,""pre_work"":false,""post_work"":true,""post_workout"":false,""light_meal"":false,""want_hot_food"":true,""want_cold_food"":false,""in_a_hurry"":false,""on_the_go"":false,""with_friends"":true,""need_relax"":false,""portable"":false,""short_lunch_break"":false}",
211,bánh ướt,đồ ăn,"bánh ướt, chả, hành phi, mắm nêm","chả (nhiều/ít), hành phi (nhiều/ít/không), mắm nêm (nhiều/ít)","{""chả"": [""nhiều"", ""ít""], ""hành_phi"": [""nhiều"", ""ít"", ""không""], ""mắm_nêm"": [""nhiều"", ""ít""]}","Bánh ướt mềm, thơm hành, đậm vị mắm nêm. Không phù hợp người cao huyết áp hoặc bệnh tim mạch do mắm nêm mặn.","{""type"":""đồ ăn"",""taste"":[""savory"",""umami"",""soft""],""ingredients"":[""bánh ướt"",""chả"",""hành phi"",""mắm nêm""],""options"":[""chả (nhiều/ít)"",""hành phi (nhiều/ít/không)"",""mắm nêm (nhiều/ít)""],""suitable_for"":[""light_meal""],""avoid_for"":[""high_blood_pressure"",""heart_disease""]}","{""good_for"":[""light_meal""],""bad_for"":[""high_blood_pressure"",""heart_disease""]}","{""morning"":true,""noon"":true,""evening"":true,""midnight"":false,""hot_weather"":false,""cold_weather"":true,""rainy"":false,""sunny_strong"":false,""pre_work"":false,""post_work"":true,""post_workout"":false,""light_meal"":true,""want_hot_food"":true,""want_cold_food"":false,""in_a_hurry"":true,""on_the_go"":true,""with_friends"":true,""need_relax"":false,""portable"":true,""short_lunch_break"":true}",
212,bánh cuốn,đồ ăn,"bánh cuốn, thịt băm, nấm mèo, hành phi","thịt (nhiều/ít), nấm mèo (nhiều/ít), hành phi (nhiều/ít/không), nước mắm (cay/không cay)","{""thịt"": [""nhiều"", ""ít""], ""nấm_mèo"": [""nhiều"", ""ít""], ""hành_phi"": [""nhiều"", ""ít"", ""không""], ""nước_mắm"": [""cay"", ""không cay""]}","Bánh cuốn mềm, thơm, nhân thịt và nấm. Không phù hợp người béo phì hoặc cao huyết áp.","{""type"":""đồ ăn"",""taste"":[""savory"",""soft"",""umami""],""ingredients"":[""bánh cuốn"",""thịt băm"",""nấm mèo"",""hành phi""],""options"":[""thịt (nhiều/ít)"",""nấm mèo (nhiều/ít)"",""hành phi (nhiều/ít/không)"",""nước mắm (cay/không cay)""],""suitable_for"":[""light_meal""],""avoid_for"":[""high_blood_pressure"",""obesity""]}","{""good_for"":[""light_meal""],""bad_for"":[""high_blood_pressure"",""obesity""]}","{""morning"":true,""noon"":true,""evening"":true,""midnight"":false,""hot_weather"":false,""cold_weather"":true,""rainy"":false,""sunny_strong"":false,""pre_work"":false,""post_work"":true,""post_workout"":false,""light_meal"":true,""want_hot_food"":true,""want_cold_food"":false,""in_a_hurry"":true,""on_the_go"":true,""with_friends"":true,""need_relax"":false,""portable"":true,""short_lunch_break"":true}",
213,bánh khoái,đồ ăn,"bột gạo, tôm, thịt heo, giá","tôm (nhiều/ít), thịt heo (nhiều/ít), giá (nhiều/ít/không), nước lèo (nhiều/ít)","{""tôm"": [""nhiều"", ""ít""], ""thịt_heo"": [""nhiều"", ""ít""], ""giá"": [""nhiều"", ""ít"", ""không""], ""nước_lèo"": [""nhiều"", ""ít""]}","Bánh khoái giòn, béo nhẹ và thơm tôm thịt. Không phù hợp người gút, cao huyết áp hoặc cholesterol cao.","{""type"":""đồ ăn"",""taste"":[""crispy"",""savory"",""umami""],""ingredients"":[""bột gạo"",""tôm"",""thịt heo"",""giá""],""options"":[""tôm (nhiều/ít)"",""thịt heo (nhiều/ít)"",""giá (nhiều/ít/không)"",""nước lèo (nhiều/ít)""],""suitable_for"":[""with_friends""],""avoid_for"":[""gout"",""high_blood_pressure"",""high_cholesterol""]}","{""good_for"":[""with_friends""],""bad_for"":[""gout"",""high_blood_pressure"",""high_cholesterol""]}","{""morning"":false,""noon"":true,""evening"":true,""midnight"":false,""hot_weather"":false,""cold_weather"":true,""rainy"":true,""sunny_strong"":false,""pre_work"":false,""post_work"":true,""post_workout"":false,""light_meal"":false,""want_hot_food"":true,""want_cold_food"":false,""in_a_hurry"":false,""on_the_go"":false,""with_friends"":true,""need_relax"":false,""portable"":false,""short_lunch_break"":false}",
214,bánh nậm,đồ ăn,"bột gạo, tôm xay, hành, mỡ hành","tôm (nhiều/ít), hành (nhiều/ít/không), mỡ hành (nhiều/ít/không)","{""tôm"": [""nhiều"", ""ít""], ""hành"": [""nhiều"", ""ít"", ""không""], ""mỡ_hành"": [""nhiều"", ""ít"", ""không""]}","Bánh nậm mềm, thơm mùi tôm, thanh vị và dễ ăn. Không phù hợp người gút hoặc cao huyết áp.","{""type"":""đồ ăn"",""taste"":[""soft"",""savory"",""umami""],""ingredients"":[""bột gạo"",""tôm xay"",""hành"",""mỡ hành""],""options"":[""tôm (nhiều/ít)"",""hành (nhiều/ít/không)"",""mỡ hành (nhiều/ít/không)""],""suitable_for"":[""light_meal""],""avoid_for"":[""gout"",""high_blood_pressure""]}","{""good_for"":[""light_meal""],""bad_for"":[""gout"",""high_blood_pressure""]}","{""morning"":true,""noon"":true,""evening"":true,""midnight"":false,""hot_weather"":false,""cold_weather"":true,""rainy"":false,""sunny_strong"":false,""pre_work"":false,""post_work"":true,""post_workout"":false,""light_meal"":true,""want_hot_food"":true,""want_cold_food"":false,""in_a_hurry"":true,""on_the_go"":true,""with_friends"":true,""need_relax"":false,""portable"":true,""short_lunch_break"":true}",
215,bánh bột lọc,đồ ăn,"bột lọc, tôm, thịt, nước mắm","tôm (nhiều/ít), thịt (nhiều/ít), nước mắm (cay/không cay)","{""tôm"": [""nhiều"", ""ít""], ""thịt"": [""nhiều"", ""ít""], ""nước_mắm"": [""cay"", ""không cay""]}","Bánh bột lọc dai mềm, thơm tôm thịt và đậm vị nước mắm. Không phù hợp người gút hoặc cao huyết áp.","{""type"":""đồ ăn"",""taste"":[""savory"",""umami"",""chewy""],""ingredients"":[""bột lọc"",""tôm"",""thịt"",""nước mắm""],""options"":[""tôm (nhiều/ít)"",""thịt (nhiều/ít)"",""nước mắm (cay/không cay)""],""suitable_for"":[""light_meal""],""avoid_for"":[""gout"",""high_blood_pressure""]}","{""good_for"":[""light_meal""],""bad_for"":[""gout"",""high_blood_pressure""]}","{""morning"":true,""noon"":true,""evening"":true,""midnight"":false,""hot_weather"":false,""cold_weather"":true,""rainy"":false,""sunny_strong"":false,""pre_work"":false,""post_work"":true,""post_workout"":false,""light_meal"":true,""want_hot_food"":true,""want_cold_food"":false,""in_a_hurry"":true,""on_the_go"":true,""with_friends"":true,""need_relax"":false,""portable"":true,""short_lunch_break"":true}",
216,bánh đúc,đồ ăn,"bột gạo, nước cốt dừa, rau, đậu phộng","nước cốt dừa (nhiều/ít), đậu phộng (nhiều/ít), rau (nhiều/ít/không)","{""nước_cốt_dừa"": [""nhiều"", ""ít""], ""đậu_phộng"": [""nhiều"", ""ít""], ""rau"": [""nhiều"", ""ít"", ""không""]}","Bánh đúc mềm, béo nhẹ và thơm mùi nước cốt dừa. Không phù hợp người béo phì hoặc tiểu đường.","{""type"":""đồ ăn"",""taste"":[""soft"",""fatty"",""savory""],""ingredients"":[""bột gạo"",""nước cốt dừa"",""rau"",""đậu phộng""],""options"":[""nước cốt dừa (nhiều/ít)"",""đậu phộng (nhiều/ít)"",""rau (nhiều/ít/không)""],""suitable_for"":[""light_meal""],""avoid_for"":[""diabetes"",""obesity"",""high_cholesterol""]}","{""good_for"":[""light_meal""],""bad_for"":[""diabetes"",""obesity"",""high_cholesterol""]}","{""morning"":true,""noon"":true,""evening"":true,""midnight"":false,""hot_weather"":false,""cold_weather"":true,""rainy"":false,""sunny_strong"":false,""pre_work"":false,""post_work"":true,""post_workout"":false,""light_meal"":true,""want_hot_food"":true,""want_cold_food"":false,""in_a_hurry"":true,""on_the_go"":true,""with_friends"":true,""need_relax"":false,""portable"":true,""short_lunch_break"":true}",
217,bánh lọt,đồ ăn,"bánh lọt, nước cốt dừa, đường thốt nốt, đá","đá (nhiều/ít/không), nước cốt dừa (nhiều/ít), đường (nhiều/ít)","{""đá"": [""nhiều"", ""ít"", ""không""], ""nước_cốt_dừa"": [""nhiều"", ""ít""], ""đường"": [""nhiều"", ""ít""]}","Bánh lọt là món ngọt mát, béo nhẹ và giải nhiệt. Không phù hợp người tiểu đường hoặc béo phì.","{""type"":""đồ ăn"",""taste"":[""sweet"",""fatty"",""fresh""],""ingredients"":[""bánh lọt"",""nước cốt dừa"",""đường thốt nốt"",""đá""],""options"":[""đá (nhiều/ít/không)"",""nước cốt dừa (nhiều/ít)"",""đường (nhiều/ít)""],""suitable_for"":[""hot_weather""],""avoid_for"":[""diabetes"",""obesity"",""fatty_liver""]}","{""good_for"":[""hot_weather""],""bad_for"":[""diabetes"",""obesity"",""fatty_liver""]}","{""morning"":false,""noon"":true,""evening"":true,""midnight"":false,""hot_weather"":true,""cold_weather"":false,""rainy"":false,""sunny_strong"":true,""pre_work"":false,""post_work"":true,""post_workout"":false,""light_meal"":false,""want_hot_food"":false,""want_cold_food"":true,""in_a_hurry"":false,""on_the_go"":false,""with_friends"":true,""need_relax"":false,""portable"":false,""short_lunch_break"":false}",
218,bánh căn mini,đồ ăn,"bột gạo, trứng, hành","trứng (nhiều/ít), hành (nhiều/ít/không), nước chấm (cay/không cay)","{""trứng"": [""nhiều"", ""ít""], ""hành"": [""nhiều"", ""ít"", ""không""], ""nước_chấm"": [""cay"", ""không cay""]}","Bánh căn mini nhỏ gọn, thơm trứng và giòn nhẹ. Không phù hợp người cholesterol cao hoặc dị ứng trứng.","{""type"":""đồ ăn"",""taste"":[""savory"",""warm"",""crispy""],""ingredients"":[""bột gạo"",""trứng"",""hành""],""options"":[""trứng (nhiều/ít)"",""hành (nhiều/ít/không)"",""nước chấm (cay/không cay)""],""suitable_for"":[""light_meal"",""with_friends""],""avoid_for"":[""high_cholesterol"",""egg_allergy""]}","{""good_for"":[""light_meal"",""with_friends""],""bad_for"":[""high_cholesterol"",""egg_allergy""]}","{""morning"":true,""noon"":true,""evening"":true,""midnight"":false,""hot_weather"":false,""cold_weather"":true,""rainy"":true,""sunny_strong"":false,""pre_work"":false,""post_work"":true,""post_workout"":false,""light_meal"":true,""want_hot_food"":true,""want_cold_food"":false,""in_a_hurry"":true,""on_the_go"":true,""with_friends"":true,""need_relax"":false,""portable"":true,""short_lunch_break"":true}",
219,bánh hỏi,đồ ăn,"bánh hỏi, mỡ hành, thịt nướng","mỡ hành (nhiều/ít/không), nước mắm (cay/không cay)","{""mỡ_hành"": [""nhiều"", ""ít"", ""không""], ""nước_mắm"": [""cay"", ""không cay""]}","Bánh hỏi thơm, mềm, đậm vị thịt nướng và mỡ hành. Không phù hợp người cholesterol cao hoặc béo phì.","{""type"":""đồ ăn"",""taste"":[""savory"",""umami"",""soft""],""ingredients"":[""bánh hỏi"",""mỡ hành"",""thịt nướng""],""options"":[""mỡ hành (nhiều/ít/không)"",""nước mắm (cay/không cay)""],""suitable_for"":[""light_meal""],""avoid_for"":[""high_cholesterol"",""obesity"",""heart_disease""]}","{""good_for"":[""light_meal""],""bad_for"":[""high_cholesterol"",""obesity"",""heart_disease""]}","{""morning"":true,""noon"":true,""evening"":true,""midnight"":false,""hot_weather"":false,""cold_weather"":true,""rainy"":false,""sunny_strong"":false,""pre_work"":false,""post_work"":true,""post_workout"":false,""light_meal"":true,""want_hot_food"":true,""want_cold_food"":false,""in_a_hurry"":false,""on_the_go"":false,""with_friends"":true,""need_relax"":false,""portable"":true,""short_lunch_break"":true}",
220,canh chua chay,đồ ăn,"rau củ, me, đậu hũ, thơm, cà chua","me (nhiều/ít), đậu hũ (nhiều/ít), rau (nhiều/ít)","{""me"": [""nhiều"", ""ít""], ""đậu_hũ"": [""nhiều"", ""ít""], ""rau"": [""nhiều"", ""ít""]}","Canh chua chay là món thanh mát, dễ tiêu và ít dầu mỡ. Phù hợp nhiều tình trạng sức khỏe. Không phù hợp người đau dạ dày nặng do vị chua.","{""type"":""đồ ăn"",""taste"":[""sour"",""light"",""fresh""],""ingredients"":[""rau củ"",""me"",""đậu hũ"",""thơm"",""cà chua""],""options"":[""me (nhiều/ít)"",""đậu hũ (nhiều/ít)"",""rau (nhiều/ít)""],""suitable_for"":[""weight_loss"",""poor_digestive_system"",""low_fat_diet""],""avoid_for"":[""gastritis"",""weak_stomach""]}","{""good_for"":[""weight_loss"",""poor_digestive_system"",""low_fat_diet""],""bad_for"":[""gastritis"",""weak_stomach""]}","{""morning"":true,""noon"":true,""evening"":true,""midnight"":false,""hot_weather"":true,""cold_weather"":false,""rainy"":true,""sunny_strong"":true,""pre_work"":false,""post_work"":true,""post_workout"":true,""light_meal"":true,""want_hot_food"":true,""want_cold_food"":false,""in_a_hurry"":false,""on_the_go"":false,""with_friends"":true,""need_relax"":false,""portable"":false,""short_lunch_break"":true}",
221,gỏi đu đủ chay,đồ ăn,"đu đủ bào, đậu phộng, rau thơm","đậu phộng (nhiều/ít), rau thơm (nhiều/ít/không)","{""đậu_phộng"": [""nhiều"", ""ít""], ""rau_thơm"": [""nhiều"", ""ít"", ""không""]}","Gỏi đu đủ chay là món thanh mát, giòn và ít dầu mỡ. Không phù hợp người dị ứng hạt hoặc đau dạ dày nặng do vị chua nhẹ.","{""type"":""đồ ăn"",""taste"":[""fresh"",""light"",""crunchy""],""ingredients"":[""đu đủ bào"",""đậu phộng"",""rau thơm""],""options"":[""đậu phộng (nhiều/ít)"",""rau thơm (nhiều/ít/không)""],""suitable_for"":[""weight_loss"",""low_fat_diet""],""avoid_for"":[""nut_allergy"",""gastritis"",""weak_stomach""]}","{""good_for"":[""weight_loss"",""low_fat_diet""],""bad_for"":[""nut_allergy"",""gastritis"",""weak_stomach""]}","{""morning"":false,""noon"":true,""evening"":true,""midnight"":false,""hot_weather"":true,""cold_weather"":false,""rainy"":false,""sunny_strong"":true,""pre_work"":false,""post_work"":true,""post_workout"":true,""light_meal"":true,""want_hot_food"":false,""want_cold_food"":true,""in_a_hurry"":true,""on_the_go"":true,""with_friends"":true,""need_relax"":false,""portable"":true,""short_lunch_break"":true}",
222,gỏi sen,đồ ăn,"ngó sen, đậu phộng, rau thơm","đậu phộng (nhiều/ít), rau thơm (nhiều/ít/không)","{""đậu_phộng"": [""nhiều"", ""ít""], ""rau_thơm"": [""nhiều"", ""ít"", ""không""]}","Gỏi sen thanh mát, giòn nhẹ và thơm. Không phù hợp người dị ứng hạt hoặc đau dạ dày nặng.","{""type"":""đồ ăn"",""taste"":[""fresh"",""light"",""crunchy""],""ingredients"":[""ngó sen"",""đậu phộng"",""rau thơm""],""options"":[""đậu phộng (nhiều/ít)"",""rau thơm (nhiều/ít/không)""],""suitable_for"":[""weight_loss"",""low_fat_diet""],""avoid_for"":[""nut_allergy"",""gastritis"",""weak_stomach""]}","{""good_for"":[""weight_loss"",""low_fat_diet""],""bad_for"":[""nut_allergy"",""gastritis"",""weak_stomach""]}","{""morning"":false,""noon"":true,""evening"":true,""midnight"":false,""hot_weather"":true,""cold_weather"":false,""rainy"":false,""sunny_strong"":true,""pre_work"":false,""post_work"":true,""post_workout"":true,""light_meal"":true,""want_hot_food"":false,""want_cold_food"":true,""in_a_hurry"":true,""on_the_go"":true,""with_friends"":true,""need_relax"":false,""portable"":true,""short_lunch_break"":true}",
223,bún chay,đồ ăn,"bún, rau củ, đậu hũ, nấm","rau (nhiều/ít/không), đậu hũ (nhiều/ít), nấm (nhiều/ít)","{""rau"": [""nhiều"", ""ít"", ""không""], ""đậu_hũ"": [""nhiều"", ""ít""], ""nấm"": [""nhiều"", ""ít""]}","Bún chay thanh đạm, dễ tiêu và ít dầu mỡ. Phù hợp nhiều tình trạng sức khỏe, trừ người dị ứng nấm.","{""type"":""đồ ăn"",""taste"":[""light"",""fresh"",""umami""],""ingredients"":[""bún"",""rau củ"",""đậu hũ"",""nấm""],""options"":[""rau (nhiều/ít/không)"",""đậu hũ (nhiều/ít)"",""nấm (nhiều/ít)""],""suitable_for"":[""weight_loss"",""poor_digestive_system"",""low_fat_diet""],""avoid_for"":[""mushroom_allergy""]}","{""good_for"":[""weight_loss"",""poor_digestive_system"",""low_fat_diet""],""bad_for"":[""mushroom_allergy""]}","{""morning"":true,""noon"":true,""evening"":true,""midnight"":false,""hot_weather"":true,""cold_weather"":false,""rainy"":true,""sunny_strong"":true,""pre_work"":true,""post_work"":true,""post_workout"":true,""light_meal"":true,""want_hot_food"":true,""want_cold_food"":false,""in_a_hurry"":false,""on_the_go"":false,""with_friends"":true,""need_relax"":false,""portable"":false,""short_lunch_break"":true}",
224,cháo chay,đồ ăn,"cháo, rau củ, nấm, đậu hũ","hành (nhiều/ít/không), tiêu (nhiều/ít/không), nấm (nhiều/ít), đậu hũ (nhiều/ít)","{""hành"": [""nhiều"", ""ít"", ""không""], ""tiêu"": [""nhiều"", ""ít"", ""không""], ""nấm"": [""nhiều"", ""ít""], ""đậu_hũ"": [""nhiều"", ""ít""]}","Cháo chay mềm, ấm và dễ tiêu. Rất phù hợp người tiêu hóa kém; không phù hợp người dị ứng nấm.","{""type"":""đồ ăn"",""taste"":[""warm"",""light"",""soft""],""ingredients"":[""cháo"",""rau củ"",""nấm"",""đậu hũ""],""options"":[""hành (nhiều/ít/không)"",""tiêu (nhiều/ít/không)"",""nấm (nhiều/ít)"",""đậu hũ (nhiều/ít)""],""suitable_for"":[""poor_digestive_system"",""sick_day"",""low_fat_diet""],""avoid_for"":[""mushroom_allergy""]}","{""good_for"":[""poor_digestive_system"",""sick_day"",""low_fat_diet""],""bad_for"":[""mushroom_allergy""]}","{""morning"":true,""noon"":true,""evening"":true,""midnight"":false,""hot_weather"":false,""cold_weather"":true,""rainy"":true,""sunny_strong"":false,""pre_work"":false,""post_work"":true,""post_workout"":true,""light_meal"":true,""want_hot_food"":true,""want_cold_food"":false,""in_a_hurry"":false,""on_the_go"":false,""with_friends"":false,""need_relax"":false,""portable"":false,""short_lunch_break"":true}",
225,bánh xèo chay,đồ ăn,"bột gạo, rau củ, nấm, đậu hũ","rau củ (nhiều/ít), nấm (nhiều/ít), đậu hũ (nhiều/ít)","{""rau_củ"": [""nhiều"", ""ít""], ""nấm"": [""nhiều"", ""ít""], ""đậu_hũ"": [""nhiều"", ""ít""]}","Bánh xèo chay giòn nhẹ, thơm và ít dầu hơn bản mặn nhưng vẫn hơi béo. Không phù hợp người tiêu hóa yếu hoặc dị ứng nấm.","{""type"":""đồ ăn"",""taste"":[""crispy"",""savory"",""umami""],""ingredients"":[""bột gạo"",""rau củ"",""nấm"",""đậu hũ""],""options"":[""rau củ (nhiều/ít)"",""nấm (nhiều/ít)"",""đậu hũ (nhiều/ít)""],""suitable_for"":[""with_friends""],""avoid_for"":[""weak_stomach"",""mushroom_allergy""]}","{""good_for"":[""with_friends""],""bad_for"":[""weak_stomach"",""mushroom_allergy""]}","{""morning"":false,""noon"":true,""evening"":true,""midnight"":false,""hot_weather"":false,""cold_weather"":true,""rainy"":true,""sunny_strong"":false,""pre_work"":false,""post_work"":true,""post_workout"":false,""light_meal"":false,""want_hot_food"":true,""want_cold_food"":false,""in_a_hurry"":false,""on_the_go"":false,""with_friends"":true,""need_relax"":false,""portable"":false,""short_lunch_break"":false}",
226,su hào cuốn,đồ ăn,"su hào, rau củ, đậu hũ","nước chấm (cay/không cay), rau thơm (nhiều/ít/không)","{""nước_chấm"": [""cay"", ""không cay""], ""rau_thơm"": [""nhiều"", ""ít"", ""không""]}","Su hào cuốn là món thanh đạm, giòn nhẹ và ít calo. Rất phù hợp giảm cân; không phù hợp người tiêu hóa quá yếu.","{""type"":""đồ ăn"",""taste"":[""fresh"",""light"",""crunchy""],""ingredients"":[""su hào"",""rau củ"",""đậu hũ""],""options"":[""nước chấm (cay/không cay)"",""rau thơm (nhiều/ít/không)""],""suitable_for"":[""weight_loss"",""low_fat_diet""],""avoid_for"":[""weak_stomach""]}","{""good_for"":[""weight_loss"",""low_fat_diet""],""bad_for"":[""weak_stomach""]}","{""morning"":false,""noon"":true,""evening"":true,""midnight"":false,""hot_weather"":true,""cold_weather"":false,""rainy"":false,""sunny_strong"":true,""pre_work"":false,""post_work"":true,""post_workout"":true,""light_meal"":true,""want_hot_food"":false,""want_cold_food"":true,""in_a_hurry"":true,""on_the_go"":true,""with_friends"":true,""need_relax"":false,""portable"":true,""short_lunch_break"":true}",
227,bánh mì chay,đồ ăn,"bánh mì, rau, đậu hũ/nấm","ớt (nhiều/ít/không), rau (nhiều/ít/không)","{""ớt"": [""nhiều"", ""ít"", ""không""], ""rau"": [""nhiều"", ""ít"", ""không""]}","Bánh mì chay tiện lợi, ít dầu và dễ mang theo. Không phù hợp người dị ứng nấm (nếu dùng nhân nấm).","{""type"":""đồ ăn"",""taste"":[""savory"",""fresh""],""ingredients"":[""bánh mì"",""rau"",""đậu hũ/nấm""],""options"":[""ớt (nhiều/ít/không)"",""rau (nhiều/ít/không)""],""suitable_for"":[""on_the_go"",""light_meal""],""avoid_for"":[""mushroom_allergy""]}","{""good_for"":[""on_the_go"",""light_meal""],""bad_for"":[""mushroom_allergy""]}","{""morning"":true,""noon"":true,""evening"":true,""midnight"":false,""hot_weather"":true,""cold_weather"":false,""rainy"":true,""sunny_strong"":true,""pre_work"":true,""post_work"":true,""post_workout"":false,""light_meal"":true,""want_hot_food"":false,""want_cold_food"":false,""in_a_hurry"":true,""on_the_go"":true,""with_friends"":false,""need_relax"":false,""portable"":true,""short_lunch_break"":true}",
228,mì chay,đồ ăn,"mì, rau củ, đậu hũ, nấm","rau (nhiều/ít/không), đậu hũ (nhiều/ít), nấm (nhiều/ít)","{""rau"": [""nhiều"", ""ít"", ""không""], ""đậu_hũ"": [""nhiều"", ""ít""], ""nấm"": [""nhiều"", ""ít""]}","Mì chay ấm, dễ ăn và đậm vị rau củ. Không phù hợp người dị ứng nấm hoặc muốn giảm tinh bột.","{""type"":""đồ ăn"",""taste"":[""savory"",""warm"",""umami""],""ingredients"":[""mì"",""rau củ"",""đậu hũ"",""nấm""],""options"":[""rau (nhiều/ít/không)"",""đậu hũ (nhiều/ít)"",""nấm (nhiều/ít)""],""suitable_for"":[""poor_digestive_system""],""avoid_for"":[""mushroom_allergy"",""diabetes""]}","{""good_for"":[""poor_digestive_system""],""bad_for"":[""mushroom_allergy"",""diabetes""]}","{""morning"":true,""noon"":true,""evening"":true,""midnight"":false,""hot_weather"":false,""cold_weather"":true,""rainy"":true,""sunny_strong"":false,""pre_work"":false,""post_work"":true,""post_workout"":true,""light_meal"":true,""want_hot_food"":true,""want_cold_food"":false,""in_a_hurry"":false,""on_the_go"":false,""with_friends"":true,""need_relax"":false,""portable"":false,""short_lunch_break"":false}",
229,salad rau củ,đồ ăn,"rau củ, sốt, hạt","sốt (ít/nhiều), hạt (nhiều/ít)","{""sốt"": [""ít"", ""nhiều""], ""hạt"": [""nhiều"", ""ít""]}","Salad rau củ là món nhẹ, tươi mát và tốt cho giảm cân. Không phù hợp người dị ứng hạt hoặc không dung nạp sốt béo.","{""type"":""đồ ăn"",""taste"":[""fresh"",""light"",""crunchy""],""ingredients"":[""rau củ"",""sốt"",""hạt""],""options"":[""sốt (ít/nhiều)"",""hạt (nhiều/ít)""],""suitable_for"":[""weight_loss"",""low_fat_diet""],""avoid_for"":[""nut_allergy"",""lactose_intolerance""]}","{""good_for"":[""weight_loss"",""low_fat_diet""],""bad_for"":[""nut_allergy"",""lactose_intolerance""]}","{""morning"":true,""noon"":true,""evening"":true,""midnight"":false,""hot_weather"":true,""cold_weather"":false,""rainy"":false,""sunny_strong"":true,""pre_work"":true,""post_work"":true,""post_workout"":true,""light_meal"":true,""want_hot_food"":false,""want_cold_food"":true,""in_a_hurry"":true,""on_the_go"":true,""with_friends"":true,""need_relax"":false,""portable"":true,""short_lunch_break"":true}",
230,sinh tố nhiều loại trái cây,thức uống,"trái cây mix, sữa/đường, đá","đá (nhiều/ít/không), đường (nhiều/ít), sữa (nhiều/ít)","{""đá"": [""nhiều"", ""ít"", ""không""], ""đường"": [""nhiều"", ""ít""], ""sữa"": [""nhiều"", ""ít""]}","Sinh tố trái cây hỗn hợp mát, ngọt và giàu vitamin. Không phù hợp người tiểu đường hoặc béo phì.","{""type"":""thức uống"",""taste"":[""sweet"",""fresh"",""fruity""],""ingredients"":[""trái cây mix"",""sữa/đường"",""đá""],""options"":[""đá (nhiều/ít/không)"",""đường (nhiều/ít)"",""sữa (nhiều/ít)""],""suitable_for"":[""hot_weather"",""need_energy""],""avoid_for"":[""diabetes"",""obesity""]}","{""good_for"":[""hot_weather"",""need_energy""],""bad_for"":[""diabetes"",""obesity""]}","{""morning"":true,""noon"":true,""evening"":true,""midnight"":false,""hot_weather"":true,""cold_weather"":false,""rainy"":true,""sunny_strong"":true,""pre_work"":false,""post_work"":true,""post_workout"":true,""light_meal"":true,""want_hot_food"":false,""want_cold_food"":true,""in_a_hurry"":true,""on_the_go"":true,""with_friends"":true,""need_relax"":false,""portable"":true,""short_lunch_break"":true}",
231,nước ép rau củ,thức uống,rau củ ép,"đá (nhiều/ít/không), đường (nhiều/ít/không)","{""đá"": [""nhiều"", ""ít"", ""không""], ""đường"": [""nhiều"", ""ít"", ""không""]}","Nước ép rau củ thanh mát, ít calo và giàu vitamin. Phù hợp giảm cân; không phù hợp người dạ dày yếu nếu rau sống nhiều.","{""type"":""thức uống"",""taste"":[""fresh"",""light"",""vegetal""],""ingredients"":[""rau củ ép""],""options"":[""đá (nhiều/ít/không)"",""đường (nhiều/ít/không)""],""suitable_for"":[""weight_loss"",""low_fat_diet"",""detox""],""avoid_for"":[""weak_stomach"",""gastritis""]}","{""good_for"":[""weight_loss"",""low_fat_diet"",""detox""],""bad_for"":[""weak_stomach"",""gastritis""]}","{""morning"":true,""noon"":true,""evening"":false,""midnight"":false,""hot_weather"":true,""cold_weather"":false,""rainy"":true,""sunny_strong"":true,""pre_work"":true,""post_work"":false,""post_workout"":true,""light_meal"":true,""want_hot_food"":false,""want_cold_food"":true,""in_a_hurry"":true,""on_the_go"":true,""with_friends"":false,""need_relax"":false,""portable"":true,""short_lunch_break"":true}",
232,trà kombucha,thức uống,"kombucha, đá","đá (nhiều/ít/không), đường (nhiều/ít/không)","{""đá"": [""nhiều"", ""ít"", ""không""], ""đường"": [""nhiều"", ""ít"", ""không""]}","Kombucha chua nhẹ, có gas tự nhiên và hỗ trợ tiêu hóa. Không phù hợp người đau dạ dày nặng hoặc acid dạ dày cao.","{""type"":""thức uống"",""taste"":[""sour"",""fresh"",""fermented""],""ingredients"":[""kombucha"",""đá""],""options"":[""đá (nhiều/ít/không)"",""đường (nhiều/ít/không)""],""suitable_for"":[""poor_digestive_system"",""detox""],""avoid_for"":[""gastritis"",""acid_reflux""]}","{""good_for"":[""poor_digestive_system"",""detox""],""bad_for"":[""gastritis"",""acid_reflux""]}","{""morning"":true,""noon"":true,""evening"":false,""midnight"":false,""hot_weather"":true,""cold_weather"":false,""rainy"":false,""sunny_strong"":true,""pre_work"":false,""post_work"":true,""post_workout"":true,""light_meal"":true,""want_hot_food"":false,""want_cold_food"":true,""in_a_hurry"":true,""on_the_go"":true,""with_friends"":false,""need_relax"":false,""portable"":true,""short_lunch_break"":true}",
233,nước detox,thức uống,"trái cây ngâm, rau củ ngâm","đá (nhiều/ít/không), đường (nhiều/ít/không)","{""đá"": [""nhiều"", ""ít"", ""không""], ""đường"": [""nhiều"", ""ít"", ""không""]}","Nước detox thanh mát, ít calo và giải nhiệt. Không phù hợp người dạ dày yếu do vị chua nhẹ.","{""type"":""thức uống"",""taste"":[""fresh"",""light""],""ingredients"":[""trái cây ngâm"",""rau củ ngâm""],""options"":[""đá (nhiều/ít/không)"",""đường (nhiều/ít/không)""],""suitable_for"":[""detox"",""weight_loss""],""avoid_for"":[""weak_stomach"",""gastritis""]}","{""good_for"":[""detox"",""weight_loss""],""bad_for"":[""weak_stomach"",""gastritis""]}","{""morning"":true,""noon"":true,""evening"":false,""midnight"":false,""hot_weather"":true,""cold_weather"":false,""rainy"":false,""sunny_strong"":true,""pre_work"":false,""post_work"":true,""post_workout"":true,""light_meal"":true,""want_hot_food"":false,""want_cold_food"":true,""in_a_hurry"":true,""on_the_go"":true,""with_friends"":false,""need_relax"":false,""portable"":true,""short_lunch_break"":true}",
234,sinh tố protein,thức uống,"trái cây, sữa, whey protein","đá (nhiều/ít/không), đường (nhiều/ít/không), sữa (nhiều/ít)","{""đá"": [""nhiều"", ""ít"", ""không""], ""đường"": [""nhiều"", ""ít"", ""không""], ""sữa"": [""nhiều"", ""ít""]}",Sinh tố protein giàu năng lượng và hỗ trợ tập luyện. Không phù hợp người tiểu đường hoặc béo phì.,"{""type"":""thức uống"",""taste"":[""sweet"",""creamy"",""fruity""],""ingredients"":[""trái cây"",""sữa"",""whey protein""],""options"":[""đá (nhiều/ít/không)"",""đường (nhiều/ít/không)"",""sữa (nhiều/ít)""],""suitable_for"":[""post_workout"",""need_energy""],""avoid_for"":[""diabetes"",""obesity"",""fatty_liver""]}","{""good_for"":[""post_workout"",""need_energy""],""bad_for"":[""diabetes"",""obesity"",""fatty_liver""]}","{""morning"":true,""noon"":true,""evening"":true,""midnight"":false,""hot_weather"":false,""cold_weather"":true,""rainy"":true,""sunny_strong"":false,""pre_work"":false,""post_work"":true,""post_workout"":true,""light_meal"":false,""want_hot_food"":false,""want_cold_food"":true,""in_a_hurry"":false,""on_the_go"":false,""with_friends"":false,""need_relax"":false,""portable"":false,""short_lunch_break"":false}",
235,nước ép wheatgrass,thức uống,cỏ lúa mạch ép,"đá (nhiều/ít/không), đường (nhiều/ít/không)","{""đá"": [""nhiều"", ""ít"", ""không""], ""đường"": [""nhiều"", ""ít"", ""không""]}","Nước ép wheatgrass vị lạ, hơi đắng và giàu vi chất. Phù hợp detox; không phù hợp người dạ dày yếu.","{""type"":""thức uống"",""taste"":[""bitter"",""vegetal"",""fresh""],""ingredients"":[""cỏ lúa mạch ép""],""options"":[""đá (nhiều/ít/không)"",""đường (nhiều/ít/không)""],""suitable_for"":[""detox"",""low_fat_diet""],""avoid_for"":[""weak_stomach"",""gastritis""]}","{""good_for"":[""detox"",""low_fat_diet""],""bad_for"":[""weak_stomach"",""gastritis""]}","{""morning"":true,""noon"":true,""evening"":false,""midnight"":false,""hot_weather"":true,""cold_weather"":false,""rainy"":false,""sunny_strong"":true,""pre_work"":true,""post_work"":false,""post_workout"":false,""light_meal"":true,""want_hot_food"":false,""want_cold_food"":true,""in_a_hurry"":false,""on_the_go"":false,""with_friends"":false,""need_relax"":false,""portable"":true,""short_lunch_break"":true}",
236,sinh tố açaí,thức uống,"açaí, trái cây, sữa/đường","đá (nhiều/ít/không), đường (nhiều/ít), sữa (nhiều/ít)","{""đá"": [""nhiều"", ""ít"", ""không""], ""đường"": [""nhiều"", ""ít""], ""sữa"": [""nhiều"", ""ít""]}","Sinh tố açaí giàu dinh dưỡng, hỗ trợ năng lượng. Không phù hợp người tiểu đường hoặc béo phì.","{""type"":""thức uống"",""taste"":[""sweet"",""fruity"",""creamy""],""ingredients"":[""açaí"",""trái cây"",""sữa/đường""],""options"":[""đá (nhiều/ít/không)"",""đường (nhiều/ít)"",""sữa (nhiều/ít)""],""suitable_for"":[""need_energy"",""post_workout""],""avoid_for"":[""diabetes"",""obesity"",""fatty_liver""]}","{""good_for"":[""need_energy"",""post_workout""],""bad_for"":[""diabetes"",""obesity"",""fatty_liver""]}","{""morning"":true,""noon"":true,""evening"":true,""midnight"":false,""hot_weather"":false,""cold_weather"":true,""rainy"":true,""sunny_strong"":false,""pre_work"":false,""post_work"":true,""post_workout"":true,""light_meal"":false,""want_hot_food"":false,""want_cold_food"":true,""in_a_hurry"":false,""on_the_go"":false,""with_friends"":false,""need_relax"":false,""portable"":false,""short_lunch_break"":false}",
237,trà matcha latte,thức uống,"matcha, sữa, đường, đá","đá (nhiều/ít/không), đường (nhiều/ít), sữa (nhiều/ít)","{""đá"": [""nhiều"", ""ít"", ""không""], ""đường"": [""nhiều"", ""ít""], ""sữa"": [""nhiều"", ""ít""]}","Matcha latte thơm dịu, béo nhẹ và nhiều caffein. Không phù hợp người tiểu đường hoặc dạ dày yếu.","{""type"":""thức uống"",""taste"":[""bitter"",""sweet"",""creamy""],""ingredients"":[""matcha"",""sữa"",""đường"",""đá""],""options"":[""đá (nhiều/ít/không)"",""đường (nhiều/ít)"",""sữa (nhiều/ít)""],""suitable_for"":[""need_focus""],""avoid_for"":[""diabetes"",""weak_stomach"",""gastritis""]}","{""good_for"":[""need_focus""],""bad_for"":[""diabetes"",""weak_stomach"",""gastritis""]}","{""morning"":true,""noon"":true,""evening"":false,""midnight"":false,""hot_weather"":false,""cold_weather"":true,""rainy"":true,""sunny_strong"":false,""pre_work"":true,""post_work"":false,""post_workout"":false,""light_meal"":false,""want_hot_food"":true,""want_cold_food"":false,""in_a_hurry"":false,""on_the_go"":false,""with_friends"":false,""need_relax"":false,""portable"":false,""short_lunch_break"":false}",
238,nước ép celery,thức uống,cần tây ép,"đá (nhiều/ít/không), đường (nhiều/ít/không)","{""đá"": [""nhiều"", ""ít"", ""không""], ""đường"": [""nhiều"", ""ít"", ""không""]}","Nước ép cần tây thanh mát, ít calo và hỗ trợ giảm cân. Không phù hợp người dạ dày yếu vì vị hăng mạnh.","{""type"":""thức uống"",""taste"":[""fresh"",""vegetal"",""light""],""ingredients"":[""cần tây ép""],""options"":[""đá (nhiều/ít/không)"",""đường (nhiều/ít/không)""],""suitable_for"":[""weight_loss"",""detox""],""avoid_for"":[""weak_stomach"",""gastritis""]}","{""good_for"":[""weight_loss"",""detox""],""bad_for"":[""weak_stomach"",""gastritis""]}","{""morning"":true,""noon"":true,""evening"":false,""midnight"":false,""hot_weather"":true,""cold_weather"":false,""rainy"":false,""sunny_strong"":true,""pre_work"":true,""post_work"":false,""post_workout"":false,""light_meal"":true,""want_hot_food"":false,""want_cold_food"":true,""in_a_hurry"":true,""on_the_go"":true,""with_friends"":false,""need_relax"":false,""portable"":true,""short_lunch_break"":true}",
239,sinh tố chia seed,thức uống,trái cây + chia seed,"đá (nhiều/ít/không), đường (nhiều/ít/không)","{""đá"": [""nhiều"", ""ít"", ""không""], ""đường"": [""nhiều"", ""ít"", ""không""]}","Sinh tố chia giàu chất xơ, hỗ trợ tiêu hóa và no lâu. Không phù hợp người tiêu hóa yếu hoặc đầy hơi.","{""type"":""thức uống"",""taste"":[""sweet"",""fruity"",""fresh""],""ingredients"":[""trái cây"",""chia seed""],""options"":[""đá (nhiều/ít/không)"",""đường (nhiều/ít/không)""],""suitable_for"":[""weight_loss"",""poor_digestive_system""],""avoid_for"":[""bloating"",""weak_stomach""]}","{""good_for"":[""weight_loss"",""poor_digestive_system""],""bad_for"":[""bloating"",""weak_stomach""]}","{""morning"":true,""noon"":true,""evening"":true,""midnight"":false,""hot_weather"":true,""cold_weather"":false,""rainy"":true,""sunny_strong"":true,""pre_work"":false,""post_work"":true,""post_workout"":true,""light_meal"":true,""want_hot_food"":false,""want_cold_food"":true,""in_a_hurry"":true,""on_the_go"":true,""with_friends"":true,""need_relax"":false,""portable"":true,""short_lunch_break"":true}",
240,nước ép cải xoăn,thức uống,kale ép,"đá (nhiều/ít/không), đường (nhiều/ít/không)","{""đá"": [""nhiều"", ""ít"", ""không""], ""đường"": [""nhiều"", ""ít"", ""không""]}","Nước ép cải xoăn giàu vitamin, chất xơ và tốt cho detox. Không phù hợp người dạ dày yếu.","{""type"":""thức uống"",""taste"":[""fresh"",""vegetal"",""light""],""ingredients"":[""kale ép""],""options"":[""đá (nhiều/ít/không)"",""đường (nhiều/ít/không)""],""suitable_for"":[""detox"",""weight_loss"",""low_fat_diet""],""avoid_for"":[""weak_stomach"",""gastritis""]}","{""good_for"":[""detox"",""weight_loss"",""low_fat_diet""],""bad_for"":[""weak_stomach"",""gastritis""]}","{""morning"":true,""noon"":true,""evening"":false,""midnight"":false,""hot_weather"":true,""cold_weather"":false,""rainy"":false,""sunny_strong"":true,""pre_work"":true,""post_work"":false,""post_workout"":false,""light_meal"":true,""want_hot_food"":false,""want_cold_food"":true,""in_a_hurry"":true,""on_the_go"":true,""with_friends"":false,""need_relax"":false,""portable"":true,""short_lunch_break"":true}",
241,trà bubble,thức uống,"trà, đường, trân châu","đá (nhiều/ít/không), đường (nhiều/ít), trân châu (ít/nhiều)","{""đá"": [""nhiều"", ""ít"", ""không""], ""đường"": [""nhiều"", ""ít""], ""trân_châu"": [""ít"", ""nhiều""]}","Trà bubble ngọt, vui miệng và dễ uống. Không phù hợp người tiểu đường hoặc béo phì.","{""type"":""thức uống"",""taste"":[""sweet"",""chewy"",""refreshing""],""ingredients"":[""trà"",""đường"",""trân châu""],""options"":[""đá (nhiều/ít/không)"",""đường (nhiều/ít)"",""trân châu (ít/nhiều)""],""suitable_for"":[""with_friends"",""light_meal""],""avoid_for"":[""diabetes"",""obesity"",""fatty_liver""]}","{""good_for"":[""with_friends"",""light_meal""],""bad_for"":[""diabetes"",""obesity"",""fatty_liver""]}","{""morning"":false,""noon"":true,""evening"":true,""midnight"":false,""hot_weather"":false,""cold_weather"":true,""rainy"":true,""sunny_strong"":false,""pre_work"":false,""post_work"":true,""post_workout"":false,""light_meal"":false,""want_hot_food"":false,""want_cold_food"":true,""in_a_hurry"":false,""on_the_go"":false,""with_friends"":true,""need_relax"":true,""portable"":false,""short_lunch_break"":false}",
242,nước ép beet,thức uống,củ dền ép,"đá (nhiều/ít/không), đường (nhiều/ít/không)","{""đá"": [""nhiều"", ""ít"", ""không""], ""đường"": [""nhiều"", ""ít"", ""không""]}","Nước ép củ dền ngọt nhẹ, giàu sắt và tốt cho máu. Không phù hợp người huyết áp thấp.","{""type"":""thức uống"",""taste"":[""sweet"",""earthy"",""fresh""],""ingredients"":[""củ dền ép""],""options"":[""đá (nhiều/ít/không)"",""đường (nhiều/ít/không)""],""suitable_for"":[""anemia"",""detox""],""avoid_for"":[""low_blood_pressure""]}","{""good_for"":[""anemia"",""detox""],""bad_for"":[""low_blood_pressure""]}","{""morning"":true,""noon"":true,""evening"":false,""midnight"":false,""hot_weather"":true,""cold_weather"":false,""rainy"":false,""sunny_strong"":true,""pre_work"":true,""post_work"":false,""post_workout"":false,""light_meal"":true,""want_hot_food"":false,""want_cold_food"":true,""in_a_hurry"":true,""on_the_go"":true,""with_friends"":false,""need_relax"":false,""portable"":true,""short_lunch_break"":true}",
243,sinh tố kale,thức uống,"kale xay, trái cây, sữa/đường","đá (nhiều/ít/không), đường (nhiều/ít), sữa (nhiều/ít)","{""đá"": [""nhiều"", ""ít"", ""không""], ""đường"": [""nhiều"", ""ít""], ""sữa"": [""nhiều"", ""ít""]}","Sinh tố kale thanh mát, nhiều chất xơ và tốt cho giảm cân. Không phù hợp người dạ dày yếu.","{""type"":""thức uống"",""taste"":[""fresh"",""vegetal"",""fruity""],""ingredients"":[""kale xay"",""trái cây"",""sữa/đường""],""options"":[""đá (nhiều/ít/không)"",""đường (nhiều/ít)"",""sữa (nhiều/ít)""],""suitable_for"":[""weight_loss"",""detox""],""avoid_for"":[""weak_stomach"",""gastritis""]}","{""good_for"":[""weight_loss"",""detox""],""bad_for"":[""weak_stomach"",""gastritis""]}","{""morning"":true,""noon"":true,""evening"":true,""midnight"":false,""hot_weather"":true,""cold_weather"":false,""rainy"":false,""sunny_strong"":true,""pre_work"":false,""post_work"":true,""post_workout"":true,""light_meal"":true,""want_hot_food"":false,""want_cold_food"":true,""in_a_hurry"":true,""on_the_go"":true,""with_friends"":true,""need_relax"":false,""portable"":true,""short_lunch_break"":true}",
244,trà hoa quả,thức uống,"trà, trái cây tươi, đường, đá","đá (nhiều/ít/không), đường (nhiều/ít/không)","{""đá"": [""nhiều"", ""ít"", ""không""], ""đường"": [""nhiều"", ""ít"", ""không""]}","Trà hoa quả thanh mát, dễ uống và thơm trái cây. Không phù hợp người tiểu đường.","{""type"":""thức uống"",""taste"":[""fresh"",""fruity"",""light""],""ingredients"":[""trà"",""trái cây tươi"",""đường"",""đá""],""options"":[""đá (nhiều/ít/không)"",""đường (nhiều/ít/không)""],""suitable_for"":[""hot_weather"",""with_friends""],""avoid_for"":[""diabetes""]}","{""good_for"":[""hot_weather"",""with_friends""],""bad_for"":[""diabetes""]}","{""morning"":true,""noon"":true,""evening"":true,""midnight"":false,""hot_weather"":true,""cold_weather"":false,""rainy"":true,""sunny_strong"":true,""pre_work"":false,""post_work"":true,""post_workout"":true,""light_meal"":true,""want_hot_food"":false,""want_cold_food"":true,""in_a_hurry"":true,""on_the_go"":true,""with_friends"":true,""need_relax"":false,""portable"":true,""short_lunch_break"":true}",
245,sinh tố spirulina,thức uống,"tảo xoắn, trái cây, sữa/đường","đá (nhiều/ít/không), đường (nhiều/ít), sữa (nhiều/ít)","{""đá"": [""nhiều"", ""ít"", ""không""], ""đường"": [""nhiều"", ""ít""], ""sữa"": [""nhiều"", ""ít""]}","Sinh tố spirulina bổ dưỡng, hỗ trợ năng lượng và giàu vi chất. Không phù hợp người dạ dày yếu hoặc vị giác nhạy cảm.","{""type"":""thức uống"",""taste"":[""fresh"",""nutty"",""fruity""],""ingredients"":[""tảo xoắn"",""trái cây"",""sữa/đường""],""options"":[""đá (nhiều/ít/không)"",""đường (nhiều/ít)"",""sữa (nhiều/ít)""],""suitable_for"":[""need_energy"",""post_workout""],""avoid_for"":[""weak_stomach"",""gastritis"",""sensitive_taste""]}","{""good_for"":[""need_energy"",""post_workout""],""bad_for"":[""weak_stomach"",""gastritis"",""sensitive_taste""]}","{""morning"":true,""noon"":true,""evening"":true,""midnight"":false,""hot_weather"":true,""cold_weather"":false,""rainy"":false,""sunny_strong"":true,""pre_work"":false,""post_work"":true,""post_workout"":true,""light_meal"":false,""want_hot_food"":false,""want_cold_food"":true,""in_a_hurry"":false,""on_the_go"":true,""with_friends"":true,""need_relax"":false,""portable"":true,""short_lunch_break"":true}",
246,trà Earl Grey,thức uống,"trà Earl Grey, đường, đá","đá (nhiều/ít/không), đường (nhiều/ít/không)","{""đá"": [""nhiều"", ""ít"", ""không""], ""đường"": [""nhiều"", ""ít"", ""không""]}","Trà Earl Grey thơm bergamot, thanh nhẹ và có caffein. Không phù hợp người mất ngủ hoặc dạ dày yếu.","{""type"":""thức uống"",""taste"":[""aromatic"",""fresh"",""light""],""ingredients"":[""trà Earl Grey"",""đường"",""đá""],""options"":[""đá (nhiều/ít/không)"",""đường (nhiều/ít/không)""],""suitable_for"":[""need_focus"",""light_meal""],""avoid_for"":[""insomnia"",""weak_stomach""]}","{""good_for"":[""need_focus"",""light_meal""],""bad_for"":[""insomnia"",""weak_stomach""]}","{""morning"":true,""noon"":true,""evening"":false,""midnight"":false,""hot_weather"":true,""cold_weather"":false,""rainy"":true,""sunny_strong"":true,""pre_work"":true,""post_work"":false,""post_workout"":false,""light_meal"":true,""want_hot_food"":false,""want_cold_food"":true,""in_a_hurry"":true,""on_the_go"":true,""with_friends"":true,""need_relax"":true,""portable"":true,""short_lunch_break"":true}",
247,bánh đa cua,đồ ăn,"bánh đa, nước cua, chả, rau","hành (nhiều/ít/không), rau (nhiều/ít/không), ớt (có/không)","{""hành"": [""nhiều"", ""ít"", ""không""], ""rau"": [""nhiều"", ""ít"", ""không""], ""ớt"": [""có"", ""không""]}","Bánh đa cua đậm đà, thơm cua, nhiều dưỡng chất. Không phù hợp người gút hoặc dị ứng hải sản.","{""type"":""đồ ăn"",""taste"":[""savory"",""umami"",""aromatic""],""ingredients"":[""bánh đa"",""nước cua"",""chả"",""rau""],""options"":[""hành (nhiều/ít/không)"",""rau (nhiều/ít/không)"",""ớt (có/không)""],""suitable_for"":[""lunch"",""dinner""],""avoid_for"":[""gout"",""seafood_allergy"",""high_cholesterol""]}","{""good_for"":[""lunch"",""dinner""],""bad_for"":[""gout"",""seafood_allergy"",""high_cholesterol""]}","{""morning"":false,""noon"":true,""evening"":true,""midnight"":false,""hot_weather"":false,""cold_weather"":true,""rainy"":true,""sunny_strong"":false,""pre_work"":false,""post_work"":true,""post_workout"":false,""light_meal"":false,""want_hot_food"":true,""want_cold_food"":false,""in_a_hurry"":false,""on_the_go"":false,""with_friends"":true,""need_relax"":false,""portable"":false,""short_lunch_break"":false}",
248,bánh cuốn nóng,đồ ăn,"bánh cuốn, chả, hành phi, giá","hành phi (nhiều/ít/không), nước mắm (cay/không cay)","{""hành_phi"": [""nhiều"", ""ít"", ""không""], ""nước_mắm"": [""cay"", ""không cay""]}","Bánh cuốn nóng mềm, thơm hành phi và dễ tiêu. Không phù hợp người cao huyết áp do nước mắm mặn.","{""type"":""đồ ăn"",""taste"":[""soft"",""savory"",""light""],""ingredients"":[""bánh cuốn"",""chả"",""hành phi"",""giá""],""options"":[""hành phi (nhiều/ít/không)"",""nước mắm (cay/không cay)""],""suitable_for"":[""breakfast"",""light_meal""],""avoid_for"":[""high_blood_pressure"",""heart_disease""]}","{""good_for"":[""breakfast"",""light_meal""],""bad_for"":[""high_blood_pressure"",""heart_disease""]}","{""morning"":true,""noon"":true,""evening"":true,""midnight"":false,""hot_weather"":false,""cold_weather"":true,""rainy"":true,""sunny_strong"":false,""pre_work"":true,""post_work"":true,""post_workout"":false,""light_meal"":true,""want_hot_food"":true,""want_cold_food"":false,""in_a_hurry"":true,""on_the_go"":true,""with_friends"":true,""need_relax"":false,""portable"":true,""short_lunch_break"":true}",
249,nem nướng lụi,đồ ăn,"nem nướng, rau sống, bánh tráng, đồ chua","rau (nhiều/ít/không), nước chấm (cay/không cay)","{""rau"": [""nhiều"", ""ít"", ""không""], ""nước_chấm"": [""cay"", ""không cay""]}","Nem nướng thơm, béo nhẹ, ăn kèm rau tươi. Không phù hợp người béo phì hoặc cao huyết áp.","{""type"":""đồ ăn"",""taste"":[""savory"",""grilled"",""fresh""],""ingredients"":[""nem nướng"",""rau sống"",""bánh tráng"",""đồ chua""],""options"":[""rau (nhiều/ít/không)"",""nước chấm (cay/không cay)""],""suitable_for"":[""with_friends"",""dinner""],""avoid_for"":[""obesity"",""high_blood_pressure"",""heart_disease""]}","{""good_for"":[""with_friends"",""dinner""],""bad_for"":[""obesity"",""high_blood_pressure"",""heart_disease""]}","{""morning"":false,""noon"":true,""evening"":true,""midnight"":false,""hot_weather"":true,""cold_weather"":false,""rainy"":false,""sunny_strong"":false,""pre_work"":false,""post_work"":true,""post_workout"":false,""light_meal"":false,""want_hot_food"":true,""want_cold_food"":false,""in_a_hurry"":false,""on_the_go"":false,""with_friends"":true,""need_relax"":false,""portable"":false,""short_lunch_break"":false}",
250,trà thanh nhiệt,thức uống,"trà thảo mộc, đường, đá","đá (nhiều/ít/không), đường (nhiều/ít/không)","{""đá"": [""nhiều"", ""ít"", ""không""], ""đường"": [""nhiều"", ""ít"", ""không""]}","Trà thanh nhiệt mát, thải độc nhẹ, giảm nóng trong. Không phù hợp người huyết áp thấp nếu uống quá loãng.","{""type"":""thức uống"",""taste"":[""fresh"",""herbal"",""light""],""ingredients"":[""trà thảo mộc"",""đường"",""đá""],""options"":[""đá (nhiều/ít/không)"",""đường (nhiều/ít/không)""],""suitable_for"":[""hot_weather"",""detox""],""avoid_for"":[""low_blood_pressure""]}","{""good_for"":[""hot_weather"",""detox""],""bad_for"":[""low_blood_pressure""]}","{""morning"":true,""noon"":true,""evening"":true,""midnight"":false,""hot_weather"":true,""cold_weather"":false,""rainy"":false,""sunny_strong"":true,""pre_work"":false,""post_work"":true,""post_workout"":true,""light_meal"":true,""want_hot_food"":false,""want_cold_food"":true,""in_a_hurry"":true,""on_the_go"":true,""with_friends"":true,""need_relax"":true,""portable"":true,""short_lunch_break"":true}",
251,bánh chưng nướng,đồ ăn,"bánh chưng, mỡ hành, chả lụa, nước mắm/đường","bánh chưng (nhiều/ít), mỡ hành (nhiều/ít/không), chả lụa (nhiều/ít/không), nước mắm/đường (nhiều/ít)","{""bánh_chưng"": [""nhiều"", ""ít""], ""mỡ_hành"": [""nhiều"", ""ít"", ""không""], ""chả_lụa"": [""nhiều"", ""ít"", ""không""], ""nước_mắm_đường"": [""nhiều"", ""ít""]}","Bánh chưng nướng là món nhiều tinh bột, chất béo và đạm. Không phù hợp người tiểu đường, béo phì, gan nhiễm mỡ hoặc cao huyết áp.","{""type"":""đồ ăn"",""taste"":[""salty"",""fatty""],""ingredients"":[""bánh chưng"",""mỡ hành"",""chả lụa"",""nước mắm/đường""],""options"":[""bánh chưng (nhiều/ít)"",""mỡ hành (nhiều/ít/không)"",""chả lụa (nhiều/ít/không)"",""nước mắm/đường (nhiều/ít)""],""suitable_for"":[],""avoid_for"":[""diabetes"",""obesity"",""fatty_liver"",""high_blood_pressure"",""high_cholesterol""]}","{""good_for"":[],""bad_for"":[""diabetes"",""obesity"",""fatty_liver"",""high_blood_pressure"",""high_cholesterol""]}","{""morning"":false,""noon"":true,""evening"":true,""midnight"":false,""hot_weather"":false,""cold_weather"":true,""rainy"":true,""sunny_strong"":false,""pre_work"":false,""post_work"":true,""post_workout"":false,""light_meal"":false,""want_hot_food"":true,""want_cold_food"":false,""in_a_hurry"":false,""on_the_go"":false,""with_friends"":true,""need_relax"":false,""portable"":false,""short_lunch_break"":false}",
252,trà gạo rang,thức uống,"trà gạo rang, đường, đá","đá (nhiều/ít/không), đường (nhiều/ít/không)","{""đá"": [""nhiều"", ""ít"", ""không""], ""đường"": [""nhiều"", ""ít"", ""không""]}","Trà gạo rang là thức uống thanh nhẹ, thơm mùi gạo, giúp thư giãn. Không phù hợp người tiểu đường nếu dùng nhiều đường.","{""type"":""thức uống"",""taste"":[""light"",""sweet"",""nutty""],""ingredients"":[""trà gạo rang"",""đường"",""đá""],""options"":[""đá (nhiều/ít/không)"",""đường (nhiều/ít/không)""],""suitable_for"":[""need_relax""],""avoid_for"":[""diabetes""]}","{""good_for"":[""need_relax""],""bad_for"":[""diabetes""]}","{""morning"":true,""noon"":true,""evening"":true,""midnight"":false,""hot_weather"":true,""cold_weather"":false,""rainy"":false,""sunny_strong"":true,""pre_work"":false,""post_work"":true,""post_workout"":false,""light_meal"":true,""want_hot_food"":false,""want_cold_food"":true,""in_a_hurry"":true,""on_the_go"":true,""with_friends"":true,""need_relax"":true,""portable"":true,""short_lunch_break"":true}",
253,sinh tố bí đỏ,thức uống,"bí đỏ xay, sữa, đường, đá","đá (nhiều/ít/không), sữa (nhiều/ít), đường (nhiều/ít)","{""đá"": [""nhiều"", ""ít"", ""không""], ""sữa"": [""nhiều"", ""ít""], ""đường"": [""nhiều"", ""ít""]}","Sinh tố bí đỏ là thức uống béo nhẹ, ngọt dịu và giàu năng lượng. Không phù hợp người tiểu đường hoặc béo phì nếu thêm nhiều sữa và đường.","{""type"":""thức uống"",""taste"":[""sweet"",""fatty""],""ingredients"":[""bí đỏ xay"",""sữa"",""đường"",""đá""],""options"":[""đá (nhiều/ít/không)"",""sữa (nhiều/ít)"",""đường (nhiều/ít)""],""suitable_for"":[],""avoid_for"":[""diabetes"",""obesity"",""fatty_liver""]}","{""good_for"":[],""bad_for"":[""diabetes"",""obesity"",""fatty_liver""]}","{""morning"":false,""noon"":true,""evening"":true,""midnight"":false,""hot_weather"":false,""cold_weather"":true,""rainy"":false,""sunny_strong"":false,""pre_work"":false,""post_work"":true,""post_workout"":false,""light_meal"":false,""want_hot_food"":false,""want_cold_food"":true,""in_a_hurry"":false,""on_the_go"":false,""with_friends"":true,""need_relax"":true,""portable"":false,""short_lunch_break"":false}",
254,nước ép củ dền đỏ,thức uống,"củ dền ép, đá, đường","đá (nhiều/ít/không), đường (nhiều/ít/không)","{""đá"": [""nhiều"", ""ít"", ""không""], ""đường"": [""nhiều"", ""ít"", ""không""]}","Nước ép củ dền đỏ là thức uống bổ máu, giàu chất chống oxy hóa. Không phù hợp người huyết áp thấp hoặc tiểu đường nếu thêm nhiều đường.","{""type"":""thức uống"",""taste"":[""sweet"",""earthy""],""ingredients"":[""củ dền ép"",""đá"",""đường""],""options"":[""đá (nhiều/ít/không)"",""đường (nhiều/ít/không)""],""suitable_for"":[""anemia""],""avoid_for"":[""low_blood_pressure"",""diabetes""]}","{""good_for"":[""anemia""],""bad_for"":[""low_blood_pressure"",""diabetes""]}","{""morning"":true,""noon"":true,""evening"":true,""midnight"":false,""hot_weather"":false,""cold_weather"":true,""rainy"":false,""sunny_strong"":false,""pre_work"":false,""post_work"":true,""post_workout"":false,""light_meal"":true,""want_hot_food"":false,""want_cold_food"":true,""in_a_hurry"":true,""on_the_go"":true,""with_friends"":true,""need_relax"":false,""portable"":true,""short_lunch_break"":true}",
255,sinh tố dưa lưới,thức uống,"dưa lưới, sữa, đường, đá","đá (nhiều/ít/không), sữa (nhiều/ít), đường (nhiều/ít)","{""đá"": [""nhiều"", ""ít"", ""không""], ""sữa"": [""nhiều"", ""ít""], ""đường"": [""nhiều"", ""ít""]}",Sinh tố dưa lưới là thức uống ngọt mát và thơm nhẹ. Không phù hợp người tiểu đường hoặc béo phì nếu thêm nhiều sữa và đường.,"{""type"":""thức uống"",""taste"":[""sweet"",""refreshing""],""ingredients"":[""dưa lưới"",""sữa"",""đường"",""đá""],""options"":[""đá (nhiều/ít/không)"",""sữa (nhiều/ít)"",""đường (nhiều/ít)""],""suitable_for"":[""hot_weather""],""avoid_for"":[""diabetes"",""obesity""]}","{""good_for"":[""hot_weather""],""bad_for"":[""diabetes"",""obesity""]}","{""morning"":false,""noon"":true,""evening"":true,""midnight"":false,""hot_weather"":true,""cold_weather"":false,""rainy"":false,""sunny_strong"":true,""pre_work"":false,""post_work"":true,""post_workout"":false,""light_meal"":false,""want_hot_food"":false,""want_cold_food"":true,""in_a_hurry"":false,""on_the_go"":false,""with_friends"":true,""need_relax"":false,""portable"":false,""short_lunch_break"":false}",
256,chè cung đình Huế,đồ ăn,"thập cẩm cung đình, nước cốt dừa","nước cốt dừa (nhiều/ít/không), đá (nhiều/ít/không)","{""nước_cốt_dừa"": [""nhiều"", ""ít"", ""không""], ""đá"": [""nhiều"", ""ít"", ""không""]}","Chè cung đình Huế là món ngọt béo, nhiều thành phần và rất giàu năng lượng. Không phù hợp người tiểu đường, béo phì hoặc gan nhiễm mỡ.","{""type"":""đồ ăn"",""taste"":[""sweet"",""fatty""],""ingredients"":[""thập cẩm cung đình"",""nước cốt dừa""],""options"":[""nước cốt dừa (nhiều/ít/không)"",""đá (nhiều/ít/không)""],""suitable_for"":[],""avoid_for"":[""diabetes"",""obesity"",""fatty_liver""]}","{""good_for"":[],""bad_for"":[""diabetes"",""obesity"",""fatty_liver""]}","{""morning"":false,""noon"":true,""evening"":true,""midnight"":false,""hot_weather"":false,""cold_weather"":true,""rainy"":false,""sunny_strong"":false,""pre_work"":false,""post_work"":true,""post_workout"":false,""light_meal"":false,""want_hot_food"":false,""want_cold_food"":true,""in_a_hurry"":false,""on_the_go"":false,""with_friends"":true,""need_relax"":false,""portable"":false,""short_lunch_break"":false}",
257,bánh kem flan,đồ ăn,"flan, caramel, đá","đá (nhiều/ít/không), caramel (nhiều/ít)","{""đá"": [""nhiều"", ""ít"", ""không""], ""caramel"": [""nhiều"", ""ít""]}","Bánh kem flan là món tráng miệng mềm béo, thơm caramel. Không phù hợp người tiểu đường, béo phì hoặc cao cholesterol.","{""type"":""đồ ăn"",""taste"":[""sweet"",""fatty""],""ingredients"":[""flan"",""caramel"",""đá""],""options"":[""đá (nhiều/ít/không)"",""caramel (nhiều/ít)""],""suitable_for"":[],""avoid_for"":[""diabetes"",""obesity"",""high_cholesterol""]}","{""good_for"":[],""bad_for"":[""diabetes"",""obesity"",""high_cholesterol""]}","{""morning"":false,""noon"":true,""evening"":true,""midnight"":false,""hot_weather"":false,""cold_weather"":true,""rainy"":false,""sunny_strong"":false,""pre_work"":false,""post_work"":true,""post_workout"":false,""light_meal"":false,""want_hot_food"":false,""want_cold_food"":true,""in_a_hurry"":false,""on_the_go"":false,""with_friends"":true,""need_relax"":true,""portable"":false,""short_lunch_break"":false}",
258,bánh xu kem,đồ ăn,"vỏ bánh, kem sữa",đường bột (nhiều/ít/không),"{""đường_bột"": [""nhiều"", ""ít"", ""không""]}","Bánh xu kem là món ngọt béo, mềm và giàu năng lượng. Không phù hợp người tiểu đường, béo phì hoặc cao cholesterol.","{""type"":""đồ ăn"",""taste"":[""sweet"",""fatty""],""ingredients"":[""vỏ bánh"",""kem sữa""],""options"":[""đường bột (nhiều/ít/không)""],""suitable_for"":[],""avoid_for"":[""diabetes"",""obesity"",""high_cholesterol""]}","{""good_for"":[],""bad_for"":[""diabetes"",""obesity"",""high_cholesterol""]}","{""morning"":false,""noon"":true,""evening"":true,""midnight"":false,""hot_weather"":false,""cold_weather"":true,""rainy"":false,""sunny_strong"":false,""pre_work"":false,""post_work"":true,""post_workout"":false,""light_meal"":false,""want_hot_food"":false,""want_cold_food"":false,""in_a_hurry"":false,""on_the_go"":false,""with_friends"":true,""need_relax"":true,""portable"":false,""short_lunch_break"":false}",
259,bánh tráng cuốn thịt heo,đồ ăn,"bánh tráng, thịt heo, rau, mắm nêm","mắm nêm (cay/không cay), rau (nhiều/ít/không)","{""mắm_nêm"": [""cay"", ""không cay""], ""rau"": [""nhiều"", ""ít"", ""không""]}","Bánh tráng cuốn thịt heo là món thanh mát, ít dầu mỡ và dễ tiêu. Không phù hợp người dạ dày yếu nếu mắm nêm quá cay.","{""type"":""đồ ăn"",""taste"":[""salty"",""fresh""],""ingredients"":[""bánh tráng"",""thịt heo"",""rau"",""mắm nêm""],""options"":[""mắm nêm (cay/không cay)"",""rau (nhiều/ít/không)""],""suitable_for"":[""poor_digestive_system"",""light_meal""],""avoid_for"":[""gastritis"",""weak_stomach""]}","{""good_for"":[""poor_digestive_system"",""light_meal""],""bad_for"":[""gastritis"",""weak_stomach""]}","{""morning"":false,""noon"":true,""evening"":true,""midnight"":false,""hot_weather"":true,""cold_weather"":false,""rainy"":false,""sunny_strong"":true,""pre_work"":false,""post_work"":true,""post_workout"":false,""light_meal"":true,""want_hot_food"":false,""want_cold_food"":true,""in_a_hurry"":false,""on_the_go"":false,""with_friends"":true,""need_relax"":true,""portable"":true,""short_lunch_break"":false}",
260,chè khoai môn,đồ ăn,"khoai môn, nước cốt dừa, đường, đá","nước cốt dừa (nhiều/ít/không), đá (nhiều/ít/không)","{""nước_cốt_dừa"": [""nhiều"", ""ít"", ""không""], ""đá"": [""nhiều"", ""ít"", ""không""]}","Chè khoai môn là món ngọt béo, thơm và mềm. Không phù hợp người tiểu đường, béo phì hoặc gan nhiễm mỡ.","{""type"":""đồ ăn"",""taste"":[""sweet"",""fatty""],""ingredients"":[""khoai môn"",""nước cốt dừa"",""đường"",""đá""],""options"":[""nước cốt dừa (nhiều/ít/không)"",""đá (nhiều/ít/không)""],""suitable_for"":[],""avoid_for"":[""diabetes"",""obesity"",""fatty_liver""]}","{""good_for"":[],""bad_for"":[""diabetes"",""obesity"",""fatty_liver""]}","{""morning"":false,""noon"":true,""evening"":true,""midnight"":false,""hot_weather"":false,""cold_weather"":true,""rainy"":false,""sunny_strong"":false,""pre_work"":false,""post_work"":true,""post_workout"":false,""light_meal"":false,""want_hot_food"":false,""want_cold",
261,Bánh kem flan,đồ ăn,"bánh bông lan, kem, flan, trái cây","kem (nhiều/ít), flan (có/không), trái cây (tươi/đóng hộp)","{""kem"": [""nhiều"", ""ít""], ""flan"": [""có"", ""không""], ""trái_cây"": [""tươi"", ""đóng hộp""]}","Bánh kem flan là món tráng miệng ngọt béo, nhiều đường và chất béo. Không phù hợp người tiểu đường, béo phì hoặc cao cholesterol.","{""type"":""đồ ăn"",""taste"":[""sweet"",""fatty""],""ingredients"":[""bánh bông lan"",""kem"",""flan"",""trái cây""],""options"":[""kem (nhiều/ít)"",""flan (có/không)"",""trái cây (tươi/đóng hộp)""],""suitable_for"":[],""avoid_for"":[""diabetes"",""obesity"",""high_cholesterol""]}","{""good_for"":[],""bad_for"":[""diabetes"",""obesity"",""high_cholesterol""]}","{""morning"":false,""noon"":true,""evening"":true,""midnight"":false,""hot_weather"":false,""cold_weather"":true,""rainy"":false,""sunny_strong"":false,""pre_work"":false,""post_work"":true,""post_workout"":false,""light_meal"":false,""want_hot_food"":false,""want_cold_food"":true,""in_a_hurry"":false,""on_the_go"":false,""with_friends"":true,""need_relax"":true,""portable"":false,""short_lunch_break"":false}",
262,Bánh xu kem,đồ ăn,"bánh xu, kem vanilla, mứt trái cây","kem vanilla (nhiều/ít), mứt (ngọt/ít ngọt), bánh xu (giòn/mềm)","{""kem_vanilla"": [""nhiều"", ""ít""], ""mứt"": [""ngọt"", ""ít ngọt""], ""bánh_xu"": [""giòn"", ""mềm""]}","Bánh xu kem là món bánh ngọt béo, mềm và nhiều năng lượng. Không phù hợp người tiểu đường, béo phì hoặc cao cholesterol.","{""type"":""đồ ăn"",""taste"":[""sweet"",""fatty""],""ingredients"":[""bánh xu"",""kem vanilla"",""mứt trái cây""],""options"":[""kem vanilla (nhiều/ít)"",""mứt (ngọt/ít ngọt)"",""bánh xu (giòn/mềm)""],""suitable_for"":[],""avoid_for"":[""diabetes"",""obesity"",""high_cholesterol""]}","{""good_for"":[],""bad_for"":[""diabetes"",""obesity"",""high_cholesterol""]}","{""morning"":false,""noon"":true,""evening"":true,""midnight"":false,""hot_weather"":false,""cold_weather"":true,""rainy"":false,""sunny_strong"":false,""pre_work"":false,""post_work"":true,""post_workout"":false,""light_meal"":false,""want_hot_food"":false,""want_cold_food"":false,""in_a_hurry"":false,""on_the_go"":false,""with_friends"":true,""need_relax"":true,""portable"":false,""short_lunch_break"":false}",
263,Bánh da lợn,đồ ăn,"bột năng, nước cốt dừa, đường, lá dứa","nước cốt dừa (nhiều/ít), đường (ngọt/ít ngọt), lá dứa (thơm/ít thơm)","{""nước_cốt_dừa"": [""nhiều"", ""ít""], ""đường"": [""ngọt"", ""ít ngọt""], ""lá_dứa"": [""thơm"", ""ít thơm""]}","Bánh da lợn là món bánh ngọt béo, mềm dẻo. Không phù hợp người tiểu đường, béo phì hoặc gan nhiễm mỡ.","{""type"":""đồ ăn"",""taste"":[""sweet"",""fatty""],""ingredients"":[""bột năng"",""nước cốt dừa"",""đường"",""lá dứa""],""options"":[""nước cốt dừa (nhiều/ít)"",""đường (ngọt/ít ngọt)"",""lá dứa (thơm/ít thơm)""],""suitable_for"":[],""avoid_for"":[""diabetes"",""obesity"",""fatty_liver""]}","{""good_for"":[],""bad_for"":[""diabetes"",""obesity"",""fatty_liver""]}","{""morning"":false,""noon"":true,""evening"":true,""midnight"":false,""hot_weather"":false,""cold_weather"":true,""rainy"":false,""sunny_strong"":false,""pre_work"":false,""post_work"":true,""post_workout"":false,""light_meal"":false,""want_hot_food"":false,""want_cold_food"":true,""in_a_hurry"":false,""on_the_go"":false,""with_friends"":true,""need_relax"":false,""portable"":false,""short_lunch_break"":false}",
264,Bánh căn nướng,đồ ăn,"bột gạo, trứng, hành lá, dầu ăn","trứng (có/không), hành lá (nhiều/ít), dầu ăn (nhiều/ít)","{""trứng"": [""có"", ""không""], ""hành_lá"": [""nhiều"", ""ít""], ""dầu_ăn"": [""nhiều"", ""ít""]}","Bánh căn nướng là món ăn thơm, béo nhẹ và dễ ăn. Không phù hợp người béo phì hoặc cholesterol cao nếu dùng nhiều trứng và dầu.","{""type"":""đồ ăn"",""taste"":[""salty"",""fatty""],""ingredients"":[""bột gạo"",""trứng"",""hành lá"",""dầu ăn""],""options"":[""trứng (có/không)"",""hành lá (nhiều/ít)"",""dầu ăn (nhiều/ít)""],""suitable_for"":[""light_meal""],""avoid_for"":[""obesity"",""high_cholesterol""]}","{""good_for"":[""light_meal""],""bad_for"":[""obesity"",""high_cholesterol""]}","{""morning"":true,""noon"":true,""evening"":false,""midnight"":false,""hot_weather"":false,""cold_weather"":true,""rainy"":true,""sunny_strong"":false,""pre_work"":true,""post_work"":false,""post_workout"":false,""light_meal"":true,""want_hot_food"":true,""want_cold_food"":false,""in_a_hurry"":false,""on_the_go"":false,""with_friends"":true,""need_relax"":false,""portable"":false,""short_lunch_break"":true}",
265,Bánh tráng cuốn thịt heo,đồ ăn,"bánh tráng, thịt heo luộc, rau thơm, nước chấm","thịt heo luộc (nhiều/ít), rau thơm (có/không), nước chấm (cay/không cay)","{""thịt_heo_luộc"": [""nhiều"", ""ít""], ""rau_thơm"": [""có"", ""không""], ""nước_chấm"": [""cay"", ""không cay""]}","Bánh tráng cuốn thịt heo là món thanh mát, ít dầu mỡ và dễ tiêu. Không phù hợp người đau dạ dày nếu nước chấm quá cay.","{""type"":""đồ ăn"",""taste"":[""fresh"",""salty""],""ingredients"":[""bánh tráng"",""thịt heo luộc"",""rau thơm"",""nước chấm""],""options"":[""thịt heo luộc (nhiều/ít)"",""rau thơm (có/không)"",""nước chấm (cay/không cay)""],""suitable_for"":[""light_meal"",""poor_digestive_system""],""avoid_for"":[""gastritis"",""weak_stomach""]}","{""good_for"":[""light_meal"",""poor_digestive_system""],""bad_for"":[""gastritis"",""weak_stomach""]}","{""morning"":false,""noon"":true,""evening"":true,""midnight"":false,""hot_weather"":true,""cold_weather"":false,""rainy"":false,""sunny_strong"":true,""pre_work"":false,""post_work"":true,""post_workout"":false,""light_meal"":true,""want_hot_food"":false,""want_cold_food"":true,""in_a_hurry"":false,""on_the_go"":false,""with_friends"":true,""need_relax"":true,""portable"":true,""short_lunch_break"":false}",
266,Chè khoai môn,đồ ăn,"khoai môn, nước cốt dừa, đường, đá","khoai môn (nhiều/ít), nước cốt dừa (nhiều/ít/không), đá (nhiều/ít/không)","{""khoai_môn"": [""nhiều"", ""ít""], ""nước_cốt_dừa"": [""nhiều"", ""ít"", ""không""], ""đá"": [""nhiều"", ""ít"", ""không""]}","Chè khoai môn là món ngọt béo, mềm và nhiều năng lượng. Không phù hợp người tiểu đường, béo phì hoặc gan nhiễm mỡ.","{""type"":""đồ ăn"",""taste"":[""sweet"",""fatty""],""ingredients"":[""khoai môn"",""nước cốt dừa"",""đường"",""đá""],""options"":[""khoai môn (nhiều/ít)"",""nước cốt dừa (nhiều/ít/không)"",""đá (nhiều/ít/không)""],""suitable_for"":[],""avoid_for"":[""diabetes"",""obesity"",""fatty_liver""]}","{""good_for"":[],""bad_for"":[""diabetes"",""obesity"",""fatty_liver""]}","{""morning"":false,""noon"":true,""evening"":true,""midnight"":false,""hot_weather"":false,""cold_weather"":true,""rainy"":false,""sunny_strong"":false,""pre_work"":false,""post_work"":true,""post_workout"":false,""light_meal"":false,""want_hot_food"":false,""want_cold_food"":true,""in_a_hurry"":false,""on_the_go"":false,""with_friends"":true,""need_relax"":false,""portable"":false,""short_lunch_break"":false}",
267,Bánh xèo miền Tây,đồ ăn,"bột gạo, tôm, thịt, giá, rau sống","tôm (nhiều/ít), thịt (nhiều/ít), giá (nhiều/ít/không), rau (nhiều/ít/không)","{""tôm"": [""nhiều"", ""ít""], ""thịt"": [""nhiều"", ""ít""], ""giá"": [""nhiều"", ""ít"", ""không""], ""rau"": [""nhiều"", ""ít"", ""không""]}","Bánh xèo miền Tây là món ngon đậm vị, giòn và nhiều đạm. Không phù hợp người béo phì hoặc cao cholesterol nếu dùng nhiều dầu mỡ.","{""type"":""đồ ăn"",""taste"":[""savory"",""fatty""],""ingredients"":[""bột gạo"",""tôm"",""thịt"",""giá"",""rau sống""],""options"":[""tôm (nhiều/ít)"",""thịt (nhiều/ít)"",""giá (nhiều/ít/không)"",""rau (nhiều/ít/không)""],""suitable_for"":[""light_meal""],""avoid_for"":[""obesity"",""high_cholesterol""]}","{""good_for"":[""light_meal""],""bad_for"":[""obesity"",""high_cholesterol""]}","{""morning"":false,""noon"":true,""evening"":true,""midnight"":false,""hot_weather"":false,""cold_weather"":true,""rainy"":true,""sunny_strong"":false,""pre_work"":false,""post_work"":true,""post_workout"":false,""light_meal"":true,""want_hot_food"":true,""want_cold_food"":false,""in_a_hurry"":false,""on_the_go"":false,""with_friends"":true,""need_relax"":false,""portable"":false,""short_lunch_break"":false}",
268,nem lụi Nha Trang,đồ ăn,"nem lụi, rau sống, bánh tráng, mắm nêm","mắm nêm (cay/không cay), rau (nhiều/ít/không)","{""mắm_nêm"": [""cay"", ""không cay""], ""rau"": [""nhiều"", ""ít"", ""không""]}","Nem lụi Nha Trang là món đậm vị, thơm và ít dầu mỡ. Không phù hợp người đau dạ dày nếu mắm nêm quá cay.","{""type"":""đồ ăn"",""taste"":[""savory""],""ingredients"":[""nem lụi"",""rau sống"",""bánh tráng"",""mắm nêm""],""options"":[""mắm nêm (cay/không cay)"",""rau (nhiều/ít/không)""],""suitable_for"":[""light_meal""],""avoid_for"":[""gastritis"",""weak_stomach""]}","{""good_for"":[""light_meal""],""bad_for"":[""gastritis"",""weak_stomach""]}","{""morning"":false,""noon"":true,""evening"":true,""midnight"":false,""hot_weather"":true,""cold_weather"":false,""rainy"":false,""sunny_strong"":true,""pre_work"":false,""post_work"":true,""post_workout"":false,""light_meal"":true,""want_hot_food"":false,""want_cold_food"":true,""in_a_hurry"":false,""on_the_go"":false,""with_friends"":true,""need_relax"":false,""portable"":true,""short_lunch_break"":false}",
269,bánh mì kẹp kem,đồ ăn,"bánh mì, kem lạnh","kem (nhiều/ít), topping (thêm/không)","{""kem"": [""nhiều"", ""ít""], ""topping"": [""thêm"", ""không""]}","Bánh mì kẹp kem là món ngọt mát, béo và nhiều năng lượng. Không phù hợp người tiểu đường hoặc béo phì.","{""type"":""đồ ăn"",""taste"":[""sweet"",""fatty"",""cold""],""ingredients"":[""bánh mì"",""kem lạnh""],""options"":[""kem (nhiều/ít)"",""topping (thêm/không)""],""suitable_for"":[""hot_weather""],""avoid_for"":[""diabetes"",""obesity""]}","{""good_for"":[""hot_weather""],""bad_for"":[""diabetes"",""obesity""]}","{""morning"":false,""noon"":true,""evening"":true,""midnight"":false,""hot_weather"":true,""cold_weather"":false,""rainy"":false,""sunny_strong"":true,""pre_work"":false,""post_work"":true,""post_workout"":false,""light_meal"":false,""want_hot_food"":false,""want_cold_food"":true,""in_a_hurry"":true,""on_the_go"":true,""with_friends"":true,""need_relax"":false,""portable"":true,""short_lunch_break"":false}",
270,chè dưa hấu,đồ ăn,"dưa hấu, thạch, đá","đá (nhiều/ít/không), ngọt (nhiều/ít)","{""đá"": [""nhiều"", ""ít"", ""không""], ""ngọt"": [""nhiều"", ""ít""]}","Chè dưa hấu là món ngọt mát, nhẹ và giải nhiệt tốt. Không phù hợp người tiểu đường nếu thêm nhiều đường.","{""type"":""đồ ăn"",""taste"":[""sweet"",""refreshing""],""ingredients"":[""dưa hấu"",""thạch"",""đá""],""options"":[""đá (nhiều/ít/không)"",""ngọt (nhiều/ít)""],""suitable_for"":[""hot_weather""],""avoid_for"":[""diabetes""]}","{""good_for"":[""hot_weather""],""bad_for"":[""diabetes""]}","{""morning"":false,""noon"":true,""evening"":true,""midnight"":false,""hot_weather"":true,""cold_weather"":false,""rainy"":false,""sunny_strong"":true,""pre_work"":false,""post_work"":true,""post_workout"":false,""light_meal"":true,""want_hot_food"":false,""want_cold_food"":true,""in_a_hurry"":true,""on_the_go"":true,""with_friends"":true,""need_relax"":false,""portable"":true,""short_lunch_break"":true}",
271,trà xanh mật ong,thức uống,"trà xanh, mật ong, đá","đá (nhiều/ít/không), mật ong (nhiều/ít), ngọt (nhiều/ít)","{""đá"": [""nhiều"", ""ít"", ""không""], ""mật_ong"": [""nhiều"", ""ít""], ""ngọt"": [""nhiều"", ""ít""]}","Trà xanh mật ong là thức uống thanh nhẹ, tốt cho tiêu hóa và giảm stress. Không phù hợp người tiểu đường nếu dùng nhiều mật ong.","{""type"":""thức uống"",""taste"":[""light"",""sweet""],""ingredients"":[""trà xanh"",""mật ong"",""đá""],""options"":[""đá (nhiều/ít/không)"",""mật ong (nhiều/ít)"",""ngọt (nhiều/ít)""],""suitable_for"":[""need_relax"",""poor_digestive_system""],""avoid_for"":[""diabetes""]}","{""good_for"":[""need_relax"",""poor_digestive_system""],""bad_for"":[""diabetes""]}","{""morning"":true,""noon"":true,""evening"":true,""midnight"":false,""hot_weather"":true,""cold_weather"":false,""rainy"":false,""sunny_strong"":true,""pre_work"":true,""post_work"":false,""post_workout"":true,""light_meal"":true,""want_hot_food"":false,""want_cold_food"":true,""in_a_hurry"":true,""on_the_go"":true,""with_friends"":true,""need_relax"":true,""portable"":true,""short_lunch_break"":true}",
272,sinh tố kiwi,thức uống,"kiwi, sữa, đường, đá","đá (nhiều/ít/không), sữa (nhiều/ít), đường (nhiều/ít)","{""đá"": [""nhiều"", ""ít"", ""không""], ""sữa"": [""nhiều"", ""ít""], ""đường"": [""nhiều"", ""ít""]}","Sinh tố kiwi là thức uống chua nhẹ, mát và giàu vitamin. Không phù hợp người tiểu đường nếu dùng nhiều đường.","{""type"":""thức uống"",""taste"":[""sour"",""sweet"",""refreshing""],""ingredients"":[""kiwi"",""sữa"",""đường"",""đá""],""options"":[""đá (nhiều/ít/không)"",""sữa (nhiều/ít)"",""đường (nhiều/ít)""],""suitable_for"":[""hot_weather"",""vitamin_boost""],""avoid_for"":[""diabetes""]}","{""good_for"":[""hot_weather"",""vitamin_boost""],""bad_for"":[""diabetes""]}","{""morning"":false,""noon"":true,""evening"":true,""midnight"":false,""hot_weather"":true,""cold_weather"":false,""rainy"":false,""sunny_strong"":true,""pre_work"":false,""post_work"":true,""post_workout"":true,""light_meal"":false,""want_hot_food"":false,""want_cold_food"":true,""in_a_hurry"":false,""on_the_go"":false,""with_friends"":true,""need_relax"":false,""portable"":false,""short_lunch_break"":false}",
273,nước ép cải bó xôi,thức uống,cải bó xôi ép,"đá (nhiều/ít/không), đường (nhiều/ít/không)","{""đá"": [""nhiều"", ""ít"", ""không""], ""đường"": [""nhiều"", ""ít"", ""không""]}","Nước ép cải bó xôi tốt cho máu, nhiều chất xơ và vitamin. Không phù hợp người huyết áp thấp nếu dùng quá lạnh.","{""type"":""thức uống"",""taste"":[""earthy"",""light""],""ingredients"":[""cải bó xôi ép""],""options"":[""đá (nhiều/ít/không)"",""đường (nhiều/ít/không)""],""suitable_for"":[""anemia"",""poor_digestive_system""],""avoid_for"":[""low_blood_pressure""]}","{""good_for"":[""anemia"",""poor_digestive_system""],""bad_for"":[""low_blood_pressure""]}","{""morning"":true,""noon"":true,""evening"":true,""midnight"":false,""hot_weather"":false,""cold_weather"":true,""rainy"":false,""sunny_strong"":false,""pre_work"":true,""post_work"":false,""post_workout"":true,""light_meal"":true,""want_hot_food"":false,""want_cold_food"":false,""in_a_hurry"":true,""on_the_go"":true,""with_friends"":false,""need_relax"":false,""portable"":true,""short_lunch_break"":true}",
274,trà đỗ đen,thức uống,"đỗ đen rang, đường, đá","đá (nhiều/ít/không), đường (nhiều/ít/không)","{""đá"": [""nhiều"", ""ít"", ""không""], ""đường"": [""nhiều"", ""ít"", ""không""]}","Trà đỗ đen là thức uống thanh mát, giải nhiệt tốt. Không phù hợp người huyết áp thấp nếu uống quá loãng.","{""type"":""thức uống"",""taste"":[""light"",""sweet""],""ingredients"":[""đỗ đen rang"",""đường"",""đá""],""options"":[""đá (nhiều/ít/không)"",""đường (nhiều/ít/không)""],""suitable_for"":[""hot_weather"",""poor_digestive_system""],""avoid_for"":[""low_blood_pressure""]}","{""good_for"":[""hot_weather"",""poor_digestive_system""],""bad_for"":[""low_blood_pressure""]}","{""morning"":true,""noon"":true,""evening"":true,""midnight"":false,""hot_weather"":true,""cold_weather"":false,""rainy"":false,""sunny_strong"":true,""pre_work"":true,""post_work"":false,""post_workout"":true,""light_meal"":true,""want_hot_food"":false,""want_cold_food"":true,""in_a_hurry"":true,""on_the_go"":true,""with_friends"":true,""need_relax"":true,""portable"":true,""short_lunch_break"":true}",
275,sinh tố bưởi đỏ,thức uống,"bưởi đỏ, sữa, đường, đá","đá (nhiều/ít/không), đường (nhiều/ít), sữa (nhiều/ít)","{""đá"": [""nhiều"", ""ít"", ""không""], ""đường"": [""nhiều"", ""ít""], ""sữa"": [""nhiều"", ""ít""]}","Sinh tố bưởi đỏ chua ngọt nhẹ, giúp giải nhiệt. Không phù hợp người đau dạ dày hoặc tiểu đường.","{""type"":""thức uống"",""taste"":[""sour"",""sweet"",""refreshing""],""ingredients"":[""bưởi đỏ"",""sữa"",""đường"",""đá""],""options"":[""đá (nhiều/ít/không)"",""đường (nhiều/ít)"",""sữa (nhiều/ít)""],""suitable_for"":[""hot_weather""],""avoid_for"":[""diabetes"",""gastritis"",""weak_stomach""]}","{""good_for"":[""hot_weather""],""bad_for"":[""diabetes"",""gastritis"",""weak_stomach""]}","{""morning"":false,""noon"":true,""evening"":true,""midnight"":false,""hot_weather"":true,""cold_weather"":false,""rainy"":false,""sunny_strong"":true,""pre_work"":false,""post_work"":true,""post_workout"":false,""light_meal"":false,""want_hot_food"":false,""want_cold_food"":true,""in_a_hurry"":false,""on_the_go"":false,""with_friends"":true,""need_relax"":false,""portable"":false,""short_lunch_break"":false}",
276,nước ép rau má,thức uống,"rau má, đường, đá","đá (nhiều/ít/không), đường (nhiều/ít/không)","{""đá"": [""nhiều"", ""ít"", ""không""], ""đường"": [""nhiều"", ""ít"", ""không""]}","Nước ép rau má giúp mát gan, giải nhiệt. Không phù hợp người huyết áp thấp.","{""type"":""thức uống"",""taste"":[""fresh"",""sweet"",""earthy""],""ingredients"":[""rau má"",""đường"",""đá""],""options"":[""đá (nhiều/ít/không)"",""đường (nhiều/ít/không)""],""suitable_for"":[""hot_weather"",""liver_support""],""avoid_for"":[""low_blood_pressure""]}","{""good_for"":[""hot_weather"",""liver_support""],""bad_for"":[""low_blood_pressure""]}","{""morning"":true,""noon"":true,""evening"":true,""midnight"":false,""hot_weather"":true,""cold_weather"":false,""rainy"":false,""sunny_strong"":true,""pre_work"":false,""post_work"":true,""post_workout"":false,""light_meal"":true,""want_hot_food"":false,""want_cold_food"":true,""in_a_hurry"":true,""on_the_go"":true,""with_friends"":true,""need_relax"":false,""portable"":true,""short_lunch_break"":true}",
277,trà hoa đậu biếc,thức uống,"hoa đậu biếc, đường, đá","đá (nhiều/ít/không), đường (nhiều/ít/không)","{""đá"": [""nhiều"", ""ít"", ""không""], ""đường"": [""nhiều"", ""ít"", ""không""]}","Trà hoa đậu biếc là thức uống thanh mát, đẹp da. Không phù hợp người tiểu đường nếu dùng nhiều đường.","{""type"":""thức uống"",""taste"":[""light"",""sweet""],""ingredients"":[""hoa đậu biếc"",""đường"",""đá""],""options"":[""đá (nhiều/ít/không)"",""đường (nhiều/ít/không)""],""suitable_for"":[""need_relax"",""skin_health""],""avoid_for"":[""diabetes""]}","{""good_for"":[""need_relax"",""skin_health""],""bad_for"":[""diabetes""]}","{""morning"":true,""noon"":true,""evening"":true,""midnight"":false,""hot_weather"":true,""cold_weather"":false,""rainy"":false,""sunny_strong"":true,""pre_work"":false,""post_work"":true,""post_workout"":false,""light_meal"":true,""want_hot_food"":false,""want_cold_food"":true,""in_a_hurry"":true,""on_the_go"":true,""with_friends"":true,""need_relax"":true,""portable"":true,""short_lunch_break"":true}",
278,bún măng gà,đồ ăn,"bún, thịt gà, măng, hành","gà (nhiều/ít), măng (nhiều/ít/không), hành (nhiều/ít/không), rau (nhiều/ít/không), ớt (có/không)","{""gà"": [""nhiều"", ""ít""], ""măng"": [""nhiều"", ""ít"", ""không""], ""hành"": [""nhiều"", ""ít"", ""không""], ""rau"": [""nhiều"", ""ít"", ""không""], ""ớt"": [""có"", ""không""]}","Bún măng gà là món thanh nhẹ, dễ tiêu, phù hợp người dạ dày yếu. Không phù hợp khi măng quá chua.","{""type"":""đồ ăn"",""taste"":[""savory"",""light""],""ingredients"":[""bún"",""thịt gà"",""măng"",""hành""],""options"":[""gà (nhiều/ít)"",""măng (nhiều/ít/không)"",""hành (nhiều/ít/không)"",""rau (nhiều/ít/không)"",""ớt (có/không)""],""suitable_for"":[""poor_digestive_system"",""light_meal""],""avoid_for"":[""gastritis"",""weak_stomach""]}","{""good_for"":[""poor_digestive_system"",""light_meal""],""bad_for"":[""gastritis"",""weak_stomach""]}","{""morning"":true,""noon"":true,""evening"":false,""midnight"":false,""hot_weather"":true,""cold_weather"":false,""rainy"":true,""sunny_strong"":false,""pre_work"":true,""post_work"":false,""post_workout"":false,""light_meal"":true,""want_hot_food"":true,""want_cold_food"":false,""in_a_hurry"":false,""on_the_go"":false,""with_friends"":true,""need_relax"":false,""portable"":false,""short_lunch_break"":true}",
279,cháo hến,đồ ăn,"cháo, hến, hành, rau thơm","hến (nhiều/ít), hành (nhiều/ít/không), rau (nhiều/ít/không), ớt (có/không)","{""hến"": [""nhiều"", ""ít""], ""hành"": [""nhiều"", ""ít"", ""không""], ""rau"": [""nhiều"", ""ít"", ""không""], ""ớt"": [""có"", ""không""]}","Cháo hến là món dễ tiêu, mát và nhẹ bụng. Không phù hợp người dị ứng hải sản hoặc dạ dày yếu nếu ăn cay.","{""type"":""đồ ăn"",""taste"":[""savory"",""light""],""ingredients"":[""cháo"",""hến"",""hành"",""rau thơm""],""options"":[""hến (nhiều/ít)"",""hành (nhiều/ít/không)"",""rau (nhiều/ít/không)"",""ớt (có/không)""],""suitable_for"":[""poor_digestive_system""],""avoid_for"":[""seafood_allergy"",""weak_stomach""]}","{""good_for"":[""poor_digestive_system""],""bad_for"":[""seafood_allergy"",""weak_stomach""]}","{""morning"":true,""noon"":true,""evening"":false,""midnight"":false,""hot_weather"":false,""cold_weather"":true,""rainy"":true,""sunny_strong"":false,""pre_work"":true,""post_work"":false,""post_workout"":false,""light_meal"":true,""want_hot_food"":true,""want_cold_food"":false,""in_a_hurry"":true,""on_the_go"":false,""with_friends"":false,""need_relax"":true,""portable"":false,""short_lunch_break"":false}",
280,mì Quảng ếch,đồ ăn,"mì Quảng, thịt ếch, rau sống, đậu phộng","ếch (nhiều/ít), rau (nhiều/ít/không), đậu phộng (nhiều/ít), ớt (có/không)","{""ếch"": [""nhiều"", ""ít""], ""rau"": [""nhiều"", ""ít"", ""không""], ""đậu_phộng"": [""nhiều"", ""ít""], ""ớt"": [""có"", ""không""]}","Mì Quảng ếch đậm vị, giàu đạm và thơm béo. Không phù hợp người dị ứng đậu phộng hoặc dạ dày yếu.","{""type"":""đồ ăn"",""taste"":[""savory"",""fatty""],""ingredients"":[""mì Quảng"",""thịt ếch"",""rau sống"",""đậu phộng""],""options"":[""ếch (nhiều/ít)"",""rau (nhiều/ít/không)"",""đậu phộng (nhiều/ít)"",""ớt (có/không)""],""suitable_for"":[""high_protein""],""avoid_for"":[""weak_stomach"",""gastritis"",""nut_allergy""]}","{""good_for"":[""high_protein""],""bad_for"":[""weak_stomach"",""gastritis"",""nut_allergy""]}","{""morning"":false,""noon"":true,""evening"":true,""midnight"":false,""hot_weather"":false,""cold_weather"":true,""rainy"":true,""sunny_strong"":false,""pre_work"":false,""post_work"":true,""post_workout"":false,""light_meal"":false,""want_hot_food"":true,""want_cold_food"":false,""in_a_hurry"":false,""on_the_go"":false,""with_friends"":true,""need_relax"":false,""portable"":false,""short_lunch_break"":false}",
281,chè đậu đỏ,đồ ăn,"đậu đỏ, nước cốt dừa, đá","đá (nhiều/ít/không), nước cốt dừa (nhiều/ít/không), ngọt (nhiều/ít)","{""đá"": [""nhiều"", ""ít"", ""không""], ""nước_cốt_dừa"": [""nhiều"", ""ít"", ""không""], ""ngọt"": [""nhiều"", ""ít""]}","Chè đậu đỏ là món ngọt mát, bổ máu nhưng giàu đường. Không phù hợp người tiểu đường hoặc béo phì.","{""type"":""đồ ăn"",""taste"":[""sweet"",""refreshing""],""ingredients"":[""đậu đỏ"",""nước cốt dừa"",""đá""],""options"":[""đá (nhiều/ít/không)"",""nước cốt dừa (nhiều/ít/không)"",""ngọt (nhiều/ít)""],""suitable_for"":[""anemia""],""avoid_for"":[""diabetes"",""obesity""]}","{""good_for"":[""anemia""],""bad_for"":[""diabetes"",""obesity""]}","{""morning"":false,""noon"":true,""evening"":true,""midnight"":false,""hot_weather"":true,""cold_weather"":false,""rainy"":false,""sunny_strong"":true,""pre_work"":false,""post_work"":true,""post_workout"":false,""light_meal"":false,""want_hot_food"":false,""want_cold_food"":true,""in_a_hurry"":true,""on_the_go"":true,""with_friends"":true,""need_relax"":false,""portable"":true,""short_lunch_break"":true}",
282,bánh mì chảo,đồ ăn,"trứng, pate, thịt, bánh mì","trứng (nhiều/ít), pate (nhiều/ít), thịt (nhiều/ít), ớt (nhiều/ít/không)","{""trứng"": [""nhiều"", ""ít""], ""pate"": [""nhiều"", ""ít""], ""thịt"": [""nhiều"", ""ít""], ""ớt"": [""nhiều"", ""ít"", ""không""]}","Bánh mì chảo là món giàu đạm và chất béo. Không phù hợp người cao huyết áp, béo phì hoặc cholesterol cao.","{""type"":""đồ ăn"",""taste"":[""savory"",""fatty""],""ingredients"":[""trứng"",""pate"",""thịt"",""bánh mì""],""options"":[""trứng (nhiều/ít)"",""pate (nhiều/ít)"",""thịt (nhiều/ít)"",""ớt (nhiều/ít/không)""],""suitable_for"":[""high_energy""],""avoid_for"":[""obesity"",""high_cholesterol"",""high_blood_pressure""]}","{""good_for"":[""high_energy""],""bad_for"":[""obesity"",""high_cholesterol"",""high_blood_pressure""]}","{""morning"":true,""noon"":true,""evening"":false,""midnight"":false,""hot_weather"":false,""cold_weather"":true,""rainy"":true,""sunny_strong"":false,""pre_work"":true,""post_work"":false,""post_workout"":false,""light_meal"":false,""want_hot_food"":true,""want_cold_food"":false,""in_a_hurry"":false,""on_the_go"":false,""with_friends"":true,""need_relax"":false,""portable"":false,""short_lunch_break"":false}",
283,bánh mì kẹp chả cá,đồ ăn,"bánh mì, chả cá, rau, dưa leo, ớt","chả cá (nhiều/ít), rau (nhiều/ít/không), ớt (nhiều/ít/không)","{""chả_cá"": [""nhiều"", ""ít""], ""rau"": [""nhiều"", ""ít"", ""không""], ""ớt"": [""nhiều"", ""ít"", ""không""]}","Bánh mì kẹp chả cá là món nhanh gọn, giàu đạm và ít dầu. Không phù hợp người dị ứng hải sản.","{""type"":""đồ ăn"",""taste"":[""savory"",""fresh""],""ingredients"":[""bánh mì"",""chả cá"",""rau"",""dưa leo"",""ớt""],""options"":[""chả cá (nhiều/ít)"",""rau (nhiều/ít/không)"",""ớt (nhiều/ít/không)""],""suitable_for"":[""on_the_go""],""avoid_for"":[""seafood_allergy""]}","{""good_for"":[""on_the_go""],""bad_for"":[""seafood_allergy""]}","{""morning"":true,""noon"":true,""evening"":true,""midnight"":false,""hot_weather"":true,""cold_weather"":false,""rainy"":false,""sunny_strong"":true,""pre_work"":true,""post_work"":false,""post_workout"":false,""light_meal"":true,""want_hot_food"":false,""want_cold_food"":false,""in_a_hurry"":true,""on_the_go"":true,""with_friends"":true,""need_relax"":false,""portable"":true,""short_lunch_break"":true}",
284,sinh tố mãng cầu xiêm,thức uống,"mãng cầu, sữa, đường, đá","đá (nhiều/ít/không), sữa (nhiều/ít), đường (nhiều/ít)","{""đá"": [""nhiều"", ""ít"", ""không""], ""sữa"": [""nhiều"", ""ít""], ""đường"": [""nhiều"", ""ít""]}","Sinh tố mãng cầu xiêm chua ngọt, béo nhẹ và dễ uống. Không phù hợp người đau dạ dày hoặc tiểu đường.","{""type"":""thức uống"",""taste"":[""sour"",""sweet"",""fatty""],""ingredients"":[""mãng cầu"",""sữa"",""đường"",""đá""],""options"":[""đá (nhiều/ít/không)"",""sữa (nhiều/ít)"",""đường (nhiều/ít)""],""suitable_for"":[""hot_weather""],""avoid_for"":[""diabetes"",""weak_stomach"",""gastritis""]}","{""good_for"":[""hot_weather""],""bad_for"":[""diabetes"",""weak_stomach"",""gastritis""]}","{""morning"":false,""noon"":true,""evening"":true,""midnight"":false,""hot_weather"":true,""cold_weather"":false,""rainy"":false,""sunny_strong"":true,""pre_work"":false,""post_work"":true,""post_workout"":false,""light_meal"":false,""want_hot_food"":false,""want_cold_food"":true,""in_a_hurry"":false,""on_the_go"":false,""with_friends"":true,""need_relax"":false,""portable"":false,""short_lunch_break"":false}",
285,trà hoa nhài tươi,thức uống,"trà nhài tươi, đường, đá","đá (nhiều/ít/không), đường (nhiều/ít/không)","{""đá"": [""nhiều"", ""ít"", ""không""], ""đường"": [""nhiều"", ""ít"", ""không""]}","Trà hoa nhài tươi thanh mát, thơm nhẹ và giúp thư giãn. Không phù hợp người tiểu đường nếu dùng nhiều đường.","{""type"":""thức uống"",""taste"":[""light"",""sweet"",""floral""],""ingredients"":[""trà nhài tươi"",""đường"",""đá""],""options"":[""đá (nhiều/ít/không)"",""đường (nhiều/ít/không)""],""suitable_for"":[""need_relax""],""avoid_for"":[""diabetes""]}","{""good_for"":[""need_relax""],""bad_for"":[""diabetes""]}","{""morning"":true,""noon"":true,""evening"":true,""midnight"":false,""hot_weather"":true,""cold_weather"":false,""rainy"":false,""sunny_strong"":true,""pre_work"":false,""post_work"":true,""post_workout"":false,""light_meal"":true,""want_hot_food"":false,""want_cold_food"":true,""in_a_hurry"":true,""on_the_go"":true,""with_friends"":true,""need_relax"":true,""portable"":true,""short_lunch_break"":true}",
286,chè khoai dẻo,đồ ăn,"khoai dẻo, nước cốt dừa, đá","đá (nhiều/ít/không), nước cốt dừa (nhiều/ít/không)","{""đá"": [""nhiều"", ""ít"", ""không""], ""nước_cốt_dừa"": [""nhiều"", ""ít"", ""không""]}","Chè khoai dẻo là món ngọt béo, dẻo và giàu năng lượng. Không phù hợp người tiểu đường, béo phì hoặc gan nhiễm mỡ.","{""type"":""đồ ăn"",""taste"":[""sweet"",""fatty""],""ingredients"":[""khoai dẻo"",""nước cốt dừa"",""đá""],""options"":[""đá (nhiều/ít/không)"",""nước cốt dừa (nhiều/ít/không)""],""suitable_for"":[],""avoid_for"":[""diabetes"",""obesity"",""fatty_liver""]}","{""good_for"":[],""bad_for"":[""diabetes"",""obesity"",""fatty_liver""]}","{""morning"":false,""noon"":true,""evening"":true,""midnight"":false,""hot_weather"":false,""cold_weather"":true,""rainy"":false,""sunny_strong"":false,""pre_work"":false,""post_work"":true,""post_workout"":false,""light_meal"":false,""want_hot_food"":false,""want_cold_food"":true,""in_a_hurry"":false,""on_the_go"":false,""with_friends"":true,""need_relax"":false,""portable"":false,""short_lunch_break"":false}",
287,bánh tráng cuốn bà đầm,đồ ăn,"bánh tráng, rau, đồ chua, thịt/tôm","nước chấm (cay/không cay), rau (nhiều/ít/không)","{""nước_chấm"": [""cay"", ""không cay""], ""rau"": [""nhiều"", ""ít"", ""không""]}","Bánh tráng cuốn bà đầm là món thanh nhẹ, ít dầu, dễ tiêu. Không phù hợp người dị ứng hải sản nếu chọn nhân tôm.","{""type"":""đồ ăn"",""taste"":[""fresh"",""savory""],""ingredients"":[""bánh tráng"",""rau"",""đồ chua"",""thịt/tôm""],""options"":[""nước chấm (cay/không cay)"",""rau (nhiều/ít/không)""],""suitable_for"":[""light_meal"",""poor_digestive_system""],""avoid_for"":[""seafood_allergy""]}","{""good_for"":[""light_meal"",""poor_digestive_system""],""bad_for"":[""seafood_allergy""]}","{""morning"":false,""noon"":true,""evening"":true,""midnight"":false,""hot_weather"":true,""cold_weather"":false,""rainy"":false,""sunny_strong"":true,""pre_work"":false,""post_work"":true,""post_workout"":false,""light_meal"":true,""want_hot_food"":false,""want_cold_food"":true,""in_a_hurry"":false,""on_the_go"":false,""with_friends"":true,""need_relax"":false,""portable"":true,""short_lunch_break"":false}",
288,bánh mì burger,đồ ăn,"bánh mì, patty, rau, sốt","sốt (nhiều/ít), rau (nhiều/ít/không), phô mai (thêm/không)","{""sốt"": [""nhiều"", ""ít""], ""rau"": [""nhiều"", ""ít"", ""không""], ""phô_mai"": [""thêm"", ""không""]}","Burger là món giàu năng lượng, nhiều đạm và nhiều chất béo. Không phù hợp người béo phì hoặc cao cholesterol.","{""type"":""đồ ăn"",""taste"":[""savory"",""fatty""],""ingredients"":[""bánh mì"",""patty"",""rau"",""sốt""],""options"":[""sốt (nhiều/ít)"",""rau (nhiều/ít/không)"",""phô mai (thêm/không)""],""suitable_for"":[""high_energy""],""avoid_for"":[""obesity"",""high_cholesterol"",""heart_disease""]}","{""good_for"":[""high_energy""],""bad_for"":[""obesity"",""high_cholesterol"",""heart_disease""]}","{""morning"":false,""noon"":true,""evening"":true,""midnight"":false,""hot_weather"":false,""cold_weather"":true,""rainy"":true,""sunny_strong"":false,""pre_work"":false,""post_work"":true,""post_workout"":false,""light_meal"":false,""want_hot_food"":true,""want_cold_food"":false,""in_a_hurry"":true,""on_the_go"":true,""with_friends"":true,""need_relax"":false,""portable"":true,""short_lunch_break"":false}",
289,sinh tố mãng cầu xiêm,thức uống,"mãng cầu xiêm, sữa, đường, đá","đá (nhiều/ít/không), sữa (nhiều/ít), đường (nhiều/ít)","{""đá"": [""nhiều"", ""ít"", ""không""], ""sữa"": [""nhiều"", ""ít""], ""đường"": [""nhiều"", ""ít""]}","Sinh tố mãng cầu xiêm chua ngọt, béo nhẹ. Không phù hợp người dạ dày yếu hoặc tiểu đường.","{""type"":""thức uống"",""taste"":[""sour"",""sweet"",""fatty""],""ingredients"":[""mãng cầu xiêm"",""sữa"",""đường"",""đá""],""options"":[""đá (nhiều/ít/không)"",""sữa (nhiều/ít)"",""đường (nhiều/ít)""],""suitable_for"":[""hot_weather""],""avoid_for"":[""diabetes"",""weak_stomach"",""gastritis""]}","{""good_for"":[""hot_weather""],""bad_for"":[""diabetes"",""weak_stomach"",""gastritis""]}","{""morning"":false,""noon"":true,""evening"":true,""midnight"":false,""hot_weather"":true,""cold_weather"":false,""rainy"":false,""sunny_strong"":true,""pre_work"":false,""post_work"":true,""post_workout"":false,""light_meal"":false,""want_hot_food"":false,""want_cold_food"":true,""in_a_hurry"":false,""on_the_go"":false,""with_friends"":true,""need_relax"":false,""portable"":false,""short_lunch_break"":false}",
290,trà hoa nhài tươi,thức uống,"hoa nhài tươi, trà, đường, đá","đá (nhiều/ít/không), đường (nhiều/ít)","{""đá"": [""nhiều"", ""ít"", ""không""], ""đường"": [""nhiều"", ""ít""]}","Trà hoa nhài tươi thơm nhẹ, giúp thư giãn. Không phù hợp người tiểu đường nếu dùng nhiều đường.","{""type"":""thức uống"",""taste"":[""light"",""floral"",""sweet""],""ingredients"":[""hoa nhài tươi"",""trà"",""đường"",""đá""],""options"":[""đá (nhiều/ít/không)"",""đường (nhiều/ít)""],""suitable_for"":[""need_relax""],""avoid_for"":[""diabetes""]}","{""good_for"":[""need_relax""],""bad_for"":[""diabetes""]}","{""morning"":true,""noon"":true,""evening"":true,""midnight"":false,""hot_weather"":true,""cold_weather"":false,""rainy"":false,""sunny_strong"":true,""pre_work"":false,""post_work"":true,""post_workout"":false,""light_meal"":true,""want_hot_food"":false,""want_cold_food"":true,""in_a_hurry"":true,""on_the_go"":true,""with_friends"":true,""need_relax"":true,""portable"":true,""short_lunch_break"":true}",
291,bánh căn trứng cút,đồ ăn,"bột gạo, trứng cút, hành, nước chấm","trứng cút (nhiều/ít), hành (nhiều/ít/không), nước chấm (cay/không cay)","{""trứng_cút"": [""nhiều"", ""ít""], ""hành"": [""nhiều"", ""ít"", ""không""], ""nước_chấm"": [""cay"", ""không cay""]}","Bánh căn trứng cút thơm béo nhẹ, dễ ăn. Không phù hợp người cao cholesterol nếu dùng nhiều trứng.","{""type"":""đồ ăn"",""taste"":[""savory""],""ingredients"":[""bột gạo"",""trứng cút"",""hành"",""nước chấm""],""options"":[""trứng cút (nhiều/ít)"",""hành (nhiều/ít/không)"",""nước chấm (cay/không cay)""],""suitable_for"":[""light_meal""],""avoid_for"":[""high_cholesterol"",""obesity""]}","{""good_for"":[""light_meal""],""bad_for"":[""high_cholesterol"",""obesity""]}","{""morning"":true,""noon"":true,""evening"":false,""midnight"":false,""hot_weather"":false,""cold_weather"":true,""rainy"":true,""sunny_strong"":false,""pre_work"":true,""post_work"":false,""post_workout"":false,""light_meal"":true,""want_hot_food"":true,""want_cold_food"":false,""in_a_hurry"":false,""on_the_go"":false,""with_friends"":true,""need_relax"":false,""portable"":false,""short_lunch_break"":true}",
292,trà sữa tiramisu,thức uống,"trà sữa, tiramisu cream, đá","đá (nhiều/ít/không), đường (nhiều/ít), tiramisu cream (ít/nhiều)","{""đá"": [""nhiều"", ""ít"", ""không""], ""đường"": [""nhiều"", ""ít""], ""tiramisu_cream"": [""ít"", ""nhiều""]}","Trà sữa tiramisu ngọt béo, thơm kem. Không phù hợp người tiểu đường, béo phì hoặc cholesterol cao.","{""type"":""thức uống"",""taste"":[""sweet"",""fatty""],""ingredients"":[""trà sữa"",""tiramisu cream"",""đá""],""options"":[""đá (nhiều/ít/không)"",""đường (nhiều/ít)"",""tiramisu cream (ít/nhiều)""],""suitable_for"":[],""avoid_for"":[""diabetes"",""obesity"",""high_cholesterol""]}","{""good_for"":[],""bad_for"":[""diabetes"",""obesity"",""high_cholesterol""]}","{""morning"":false,""noon"":true,""evening"":true,""midnight"":false,""hot_weather"":false,""cold_weather"":true,""rainy"":true,""sunny_strong"":false,""pre_work"":false,""post_work"":true,""post_workout"":false,""light_meal"":false,""want_hot_food"":false,""want_cold_food"":true,""in_a_hurry"":false,""on_the_go"":false,""with_friends"":true,""need_relax"":true,""portable"":false,""short_lunch_break"":false}",
293,cà phê smoothie,thức uống,"cà phê xay, sữa, đá","đá (nhiều/ít/không), sữa (nhiều/ít), đường (nhiều/ít)","{""đá"": [""nhiều"", ""ít"", ""không""], ""sữa"": [""nhiều"", ""ít""], ""đường"": [""nhiều"", ""ít""]}","Cà phê smoothie béo nhẹ, mát và nhiều caffeine. Không phù hợp người dạ dày yếu hoặc tiểu đường.","{""type"":""thức uống"",""taste"":[""sweet"",""bitter"",""cold""],""ingredients"":[""cà phê xay"",""sữa"",""đá""],""options"":[""đá (nhiều/ít/không)"",""sữa (nhiều/ít)"",""đường (nhiều/ít)""],""suitable_for"":[""need_focus""],""avoid_for"":[""diabetes"",""weak_stomach"",""gastritis""]}","{""good_for"":[""need_focus""],""bad_for"":[""diabetes"",""weak_stomach"",""gastritis""]}","{""morning"":true,""noon"":true,""evening"":false,""midnight"":false,""hot_weather"":true,""cold_weather"":false,""rainy"":false,""sunny_strong"":true,""pre_work"":true,""post_work"":false,""post_workout"":false,""light_meal"":false,""want_hot_food"":false,""want_cold_food"":true,""in_a_hurry"":true,""on_the_go"":true,""with_friends"":true,""need_relax"":false,""portable"":true,""short_lunch_break"":true}",
294,trà bubble matcha,thức uống,"matcha, sữa, trân châu, đá","đá (nhiều/ít/không), đường (nhiều/ít), trân châu (ít/nhiều)","{""đá"": [""nhiều"", ""ít"", ""không""], ""đường"": [""nhiều"", ""ít""], ""trân_châu"": [""ít"", ""nhiều""]}","Trà bubble matcha thơm matcha, béo nhẹ, có độ nhai từ trân châu. Không phù hợp người tiểu đường hoặc béo phì.","{""type"":""thức uống"",""taste"":[""sweet"",""bitter""],""ingredients"":[""matcha"",""sữa"",""trân châu"",""đá""],""options"":[""đá (nhiều/ít/không)"",""đường (nhiều/ít)"",""trân châu (ít/nhiều)""],""suitable_for"":[],""avoid_for"":[""diabetes"",""obesity"",""weak_stomach""]}","{""good_for"":[],""bad_for"":[""diabetes"",""obesity"",""weak_stomach""]}","{""morning"":false,""noon"":true,""evening"":true,""midnight"":false,""hot_weather"":false,""cold_weather"":true,""rainy"":true,""sunny_strong"":false,""pre_work"":false,""post_work"":true,""post_workout"":false,""light_meal"":false,""want_hot_food"":false,""want_cold_food"":true,""in_a_hurry"":false,""on_the_go"":false,""with_friends"":true,""need_relax"":false,""portable"":false,""short_lunch_break"":false}",
295,chè cung đình mini,đồ ăn,"thập cẩm mini, nước cốt dừa, đá","đá (nhiều/ít/không), nước cốt dừa (nhiều/ít/không), đường (nhiều/ít)","{""đá"": [""nhiều"", ""ít"", ""không""], ""nước_cốt_dừa"": [""nhiều"", ""ít"", ""không""], ""đường"": [""nhiều"", ""ít""]}","Chè cung đình mini là món ngọt béo, giàu năng lượng. Không phù hợp người tiểu đường hoặc béo phì.","{""type"":""đồ ăn"",""taste"":[""sweet"",""fatty""],""ingredients"":[""thập cẩm mini"",""nước cốt dừa"",""đá""],""options"":[""đá (nhiều/ít/không)"",""nước cốt dừa (nhiều/ít/không)"",""đường (nhiều/ít)""],""suitable_for"":[],""avoid_for"":[""diabetes"",""obesity"",""fatty_liver""]}","{""good_for"":[],""bad_for"":[""diabetes"",""obesity"",""fatty_liver""]}","{""morning"":false,""noon"":true,""evening"":true,""midnight"":false,""hot_weather"":false,""cold_weather"":true,""rainy"":false,""sunny_strong"":false,""pre_work"":false,""post_work"":true,""post_workout"":false,""light_meal"":false,""want_hot_food"":false,""want_cold_food"":true,""in_a_hurry"":false,""on_the_go"":false,""with_friends"":true,""need_relax"":false,""portable"":false,""short_lunch_break"":false}",
296,chè bưởi da xanh,đồ ăn,"bưởi, nước cốt dừa, đá","đá (nhiều/ít/không), nước cốt dừa (nhiều/ít/không), đường (nhiều/ít)","{""đá"": [""nhiều"", ""ít"", ""không""], ""nước_cốt_dừa"": [""nhiều"", ""ít"", ""không""], ""đường"": [""nhiều"", ""ít""]}","Chè bưởi da xanh là món ngọt thanh, thơm bưởi nhưng giàu đường. Không phù hợp người tiểu đường hoặc béo phì.","{""type"":""đồ ăn"",""taste"":[""sweet"",""refreshing""],""ingredients"":[""bưởi"",""nước cốt dừa"",""đá""],""options"":[""đá (nhiều/ít/không)"",""nước cốt dừa (nhiều/ít/không)"",""đường (nhiều/ít)""],""suitable_for"":[""hot_weather""],""avoid_for"":[""diabetes"",""obesity""]}","{""good_for"":[""hot_weather""],""bad_for"":[""diabetes"",""obesity""]}","{""morning"":false,""noon"":true,""evening"":true,""midnight"":false,""hot_weather"":true,""cold_weather"":false,""rainy"":false,""sunny_strong"":true,""pre_work"":false,""post_work"":true,""post_workout"":false,""light_meal"":false,""want_hot_food"":false,""want_cold_food"":true,""in_a_hurry"":false,""on_the_go"":false,""with_friends"":true,""need_relax"":false,""portable"":false,""short_lunch_break"":false}",
297,trà đá chanh muối,thức uống,"trà, chanh muối, đường, đá","đá (nhiều/ít/không), đường (nhiều/ít), chanh muối (nhiều/ít)","{""đá"": [""nhiều"", ""ít"", ""không""], ""đường"": [""nhiều"", ""ít""], ""chanh_muối"": [""nhiều"", ""ít""]}","Trà đá chanh muối giải khát tốt, bù khoáng. Không phù hợp người đau dạ dày do độ chua cao.","{""type"":""thức uống"",""taste"":[""sour"",""refreshing"",""salty""],""ingredients"":[""trà"",""chanh muối"",""đường"",""đá""],""options"":[""đá (nhiều/ít/không)"",""đường (nhiều/ít)"",""chanh muối (nhiều/ít)""],""suitable_for"":[""hot_weather"",""electrolyte_boost""],""avoid_for"":[""gastritis"",""weak_stomach""]}","{""good_for"":[""hot_weather"",""electrolyte_boost""],""bad_for"":[""gastritis"",""weak_stomach""]}","{""morning"":true,""noon"":true,""evening"":true,""midnight"":false,""hot_weather"":true,""cold_weather"":false,""rainy"":false,""sunny_strong"":true,""pre_work"":false,""post_work"":true,""post_workout"":true,""light_meal"":true,""want_hot_food"":false,""want_cold_food"":true,""in_a_hurry"":true,""on_the_go"":true,""with_friends"":true,""need_relax"":false,""portable"":true,""short_lunch_break"":true}",
298,chè hạt é,đồ ăn,"hạt é, nước đường, đá","đá (nhiều/ít/không), đường (nhiều/ít)","{""đá"": [""nhiều"", ""ít"", ""không""], ""đường"": [""nhiều"", ""ít""]}","Chè hạt é là món ngọt mát, dễ uống và hỗ trợ tiêu hóa. Không phù hợp người tiểu đường nếu dùng nhiều đường.","{""type"":""đồ ăn"",""taste"":[""sweet"",""refreshing""],""ingredients"":[""hạt é"",""nước đường"",""đá""],""options"":[""đá (nhiều/ít/không)"",""đường (nhiều/ít)""],""suitable_for"":[""poor_digestive_system""],""avoid_for"":[""diabetes""]}","{""good_for"":[""poor_digestive_system""],""bad_for"":[""diabetes""]}","{""morning"":false,""noon"":true,""evening"":true,""midnight"":false,""hot_weather"":true,""cold_weather"":false,""rainy"":false,""sunny_strong"":true,""pre_work"":false,""post_work"":true,""post_workout"":false,""light_meal"":true,""want_hot_food"":false,""want_cold_food"":true,""in_a_hurry"":true,""on_the_go"":true,""with_friends"":true,""need_relax"":false,""portable"":true,""short_lunch_break"":true}",
299,sinh tố rau câu,thức uống,"rau câu, sữa, đường, đá","đá (nhiều/ít/không), sữa (nhiều/ít), đường (nhiều/ít)","{""đá"": [""nhiều"", ""ít"", ""không""], ""sữa"": [""nhiều"", ""ít""], ""đường"": [""nhiều"", ""ít""]}","Sinh tố rau câu lạ miệng, ngọt mát và dễ uống. Không phù hợp người tiểu đường hoặc béo phì.","{""type"":""thức uống"",""taste"":[""sweet"",""refreshing""],""ingredients"":[""rau câu"",""sữa"",""đường"",""đá""],""options"":[""đá (nhiều/ít/không)"",""sữa (nhiều/ít)"",""đường (nhiều/ít)""],""suitable_for"":[""hot_weather""],""avoid_for"":[""diabetes"",""obesity""]}","{""good_for"":[""hot_weather""],""bad_for"":[""diabetes"",""obesity""]}","{""morning"":false,""noon"":true,""evening"":true,""midnight"":false,""hot_weather"":true,""cold_weather"":false,""rainy"":false,""sunny_strong"":true,""pre_work"":false,""post_work"":true,""post_workout"":false,""light_meal"":false,""want_hot_food"":false,""want_cold_food"":true,""in_a_hurry"":false,""on_the_go"":false,""with_friends"":false,""need_relax"":false,""portable"":false,""short_lunch_break"":false}",
300,nước ép rau cần,thức uống,rau cần ép,"đá (nhiều/ít/không), đường (nhiều/ít/không)","{""đá"": [""nhiều"", ""ít"", ""không""], ""đường"": [""nhiều"", ""ít"", ""không""]}","Nước ép rau cần giúp lợi tiểu, mát cơ thể. Không phù hợp người huyết áp thấp hoặc phụ nữ mang thai nhiều tháng đầu.","{""type"":""thức uống"",""taste"":[""earthy"",""light""],""ingredients"":[""rau cần ép""],""options"":[""đá (nhiều/ít/không)"",""đường (nhiều/ít/không)""],""suitable_for"":[""liver_support""],""avoid_for"":[""low_blood_pressure""]}","{""good_for"":[""liver_support""],""bad_for"":[""low_blood_pressure""]}","{""morning"":true,""noon"":true,""evening"":true,""midnight"":false,""hot_weather"":false,""cold_weather"":true,""rainy"":false,""sunny_strong"":false,""pre_work"":true,""post_work"":false,""post_workout"":true,""light_meal"":true,""want_hot_food"":false,""want_cold_food"":false,""in_a_hurry"":true,""on_the_go"":true,""with_friends"":false,""need_relax"":false,""portable"":true,""short_lunch_break"":true}",
301,sinh tố custard apple,thức uống,"mãng cầu na, sữa, đường, đá","đá (nhiều/ít/không), sữa (nhiều/ít), đường (nhiều/ít)","{""đá"": [""nhiều"", ""ít"", ""không""], ""sữa"": [""nhiều"", ""ít""], ""đường"": [""nhiều"", ""ít""]}","Sinh tố custard apple chua ngọt nhẹ, béo vừa. Không phù hợp người dạ dày yếu hoặc tiểu đường.","{""type"":""thức uống"",""taste"":[""sweet"",""sour"",""fatty""],""ingredients"":[""mãng cầu na"",""sữa"",""đường"",""đá""],""options"":[""đá (nhiều/ít/không)"",""sữa (nhiều/ít)"",""đường (nhiều/ít)""],""suitable_for"":[""hot_weather""],""avoid_for"":[""diabetes"",""weak_stomach"",""gastritis""]}","{""good_for"":[""hot_weather""],""bad_for"":[""diabetes"",""weak_stomach"",""gastritis""]}","{""morning"":false,""noon"":true,""evening"":true,""midnight"":false,""hot_weather"":true,""cold_weather"":false,""rainy"":false,""sunny_strong"":true,""pre_work"":false,""post_work"":true,""post_workout"":false,""light_meal"":false,""want_hot_food"":false,""want_cold_food"":true,""in_a_hurry"":false,""on_the_go"":false,""with_friends"":true,""need_relax"":false,""portable"":false,""short_lunch_break"":false}",
302,trà hoa cúc mật ong,thức uống,"hoa cúc, mật ong, đá","đá (nhiều/ít/không), mật ong (nhiều/ít), đường (nhiều/ít/không)","{""đá"": [""nhiều"", ""ít"", ""không""], ""mật_ong"": [""nhiều"", ""ít""], ""đường"": [""nhiều"", ""ít"", ""không""]}","Trà hoa cúc mật ong giúp thư giãn, giảm stress và dễ ngủ. Không phù hợp người tiểu đường khi dùng nhiều mật ong.","{""type"":""thức uống"",""taste"":[""light"",""sweet"",""floral""],""ingredients"":[""hoa cúc"",""mật ong"",""đá""],""options"":[""đá (nhiều/ít/không)"",""mật ong (nhiều/ít)"",""đường (nhiều/ít/không)""],""suitable_for"":[""need_relax"",""stress_relief""],""avoid_for"":[""diabetes""]}","{""good_for"":[""need_relax"",""stress_relief""],""bad_for"":[""diabetes""]}","{""morning"":true,""noon"":true,""evening"":true,""midnight"":true,""hot_weather"":false,""cold_weather"":true,""rainy"":false,""sunny_strong"":false,""pre_work"":false,""post_work"":true,""post_workout"":false,""light_meal"":true,""want_hot_food"":false,""want_cold_food"":true,""in_a_hurry"":true,""on_the_go"":true,""with_friends"":false,""need_relax"":true,""portable"":true,""short_lunch_break"":true}",
303,sinh tố dragon fruit,thức uống,"thanh long, sữa, đường, đá","đá (nhiều/ít/không), sữa (nhiều/ít), đường (nhiều/ít)","{""đá"": [""nhiều"", ""ít"", ""không""], ""sữa"": [""nhiều"", ""ít""], ""đường"": [""nhiều"", ""ít""]}","Sinh tố dragon fruit mát, ngọt nhẹ, giàu chất xơ. Không phù hợp người tiểu đường khi thêm nhiều đường.","{""type"":""thức uống"",""taste"":[""sweet"",""refreshing""],""ingredients"":[""thanh long"",""sữa"",""đường"",""đá""],""options"":[""đá (nhiều/ít/không)"",""sữa (nhiều/ít)"",""đường (nhiều/ít)""],""suitable_for"":[""hot_weather"",""fiber_support""],""avoid_for"":[""diabetes""]}","{""good_for"":[""hot_weather"",""fiber_support""],""bad_for"":[""diabetes""]}","{""morning"":false,""noon"":true,""evening"":true,""midnight"":false,""hot_weather"":true,""cold_weather"":false,""rainy"":false,""sunny_strong"":true,""pre_work"":false,""post_work"":true,""post_workout"":false,""light_meal"":false,""want_hot_food"":false,""want_cold_food"":true,""in_a_hurry"":true,""on_the_go"":false,""with_friends"":true,""need_relax"":false,""portable"":false,""short_lunch_break"":false}",
304,trà gạo lứt,thức uống,"trà gạo lứt, đường, đá","đá (nhiều/ít/không), đường (nhiều/ít/không)","{""đá"": [""nhiều"", ""ít"", ""không""], ""đường"": [""nhiều"", ""ít"", ""không""]}","Trà gạo lứt thanh lọc nhẹ, lợi tiểu và ít calo. Không phù hợp người huyết áp thấp uống lạnh quá mức.","{""type"":""thức uống"",""taste"":[""light"",""nutty""],""ingredients"":[""trà gạo lứt"",""đường"",""đá""],""options"":[""đá (nhiều/ít/không)"",""đường (nhiều/ít/không)""],""suitable_for"":[""detox"",""low_calorie""],""avoid_for"":[""low_blood_pressure""]}","{""good_for"":[""detox"",""low_calorie""],""bad_for"":[""low_blood_pressure""]}","{""morning"":true,""noon"":true,""evening"":true,""midnight"":false,""hot_weather"":false,""cold_weather"":true,""rainy"":false,""sunny_strong"":false,""pre_work"":true,""post_work"":false,""post_workout"":false,""light_meal"":true,""want_hot_food"":false,""want_cold_food"":true,""in_a_hurry"":true,""on_the_go"":true,""with_friends"":false,""need_relax"":false,""portable"":true,""short_lunch_break"":true}",
305,nước ép dưa chuột,thức uống,dưa chuột ép,"đá (nhiều/ít/không), đường (nhiều/ít/không)","{""đá"": [""nhiều"", ""ít"", ""không""], ""đường"": [""nhiều"", ""ít"", ""không""]}","Nước ép dưa chuột mát, giải nhiệt và ít calo. Không phù hợp người huyết áp thấp khi uống lạnh nhiều.","{""type"":""thức uống"",""taste"":[""fresh"",""light""],""ingredients"":[""dưa chuột ép""],""options"":[""đá (nhiều/ít/không)"",""đường (nhiều/ít/không)""],""suitable_for"":[""hot_weather"",""low_calorie""],""avoid_for"":[""low_blood_pressure""]}","{""good_for"":[""hot_weather"",""low_calorie""],""bad_for"":[""low_blood_pressure""]}","{""morning"":true,""noon"":true,""evening"":true,""midnight"":false,""hot_weather"":true,""cold_weather"":false,""rainy"":false,""sunny_strong"":true,""pre_work"":false,""post_work"":true,""post_workout"":true,""light_meal"":true,""want_hot_food"":false,""want_cold_food"":true,""in_a_hurry"":true,""on_the_go"":true,""with_friends"":false,""need_relax"":false,""portable"":true,""short_lunch_break"":true}",
306,sinh tố lychee,thức uống,"vải, sữa, đường, đá","đá (nhiều/ít/không), sữa (nhiều/ít), đường (nhiều/ít)","{""đá"": [""nhiều"", ""ít"", ""không""], ""sữa"": [""nhiều"", ""ít""], ""đường"": [""nhiều"", ""ít""]}","Sinh tố vải ngọt đậm, mát và thơm. Không phù hợp người tiểu đường hoặc béo phì.","{""type"":""thức uống"",""taste"":[""sweet"",""fruity""],""ingredients"":[""vải"",""sữa"",""đường"",""đá""],""options"":[""đá (nhiều/ít/không)"",""sữa (nhiều/ít)"",""đường (nhiều/ít)""],""suitable_for"":[""hot_weather""],""avoid_for"":[""diabetes"",""obesity""]}","{""good_for"":[""hot_weather""],""bad_for"":[""diabetes"",""obesity""]}","{""morning"":false,""noon"":true,""evening"":true,""midnight"":false,""hot_weather"":true,""cold_weather"":false,""rainy"":false,""sunny_strong"":true,""pre_work"":false,""post_work"":true,""post_workout"":false,""light_meal"":false,""want_hot_food"":false,""want_cold_food"":true,""in_a_hurry"":false,""on_the_go"":false,""with_friends"":true,""need_relax"":false,""portable"":false,""short_lunch_break"":false}",
307,trà hương nhu,thức uống,"trà hương nhu, đường, đá","đá (nhiều/ít/không), đường (nhiều/ít/không)","{""đá"": [""nhiều"", ""ít"", ""không""], ""đường"": [""nhiều"", ""ít"", ""không""]}","Trà hương nhu thơm nhẹ, thư giãn và tốt cho tiêu hóa. Không phù hợp người tiểu đường nếu dùng đường.","{""type"":""thức uống"",""taste"":[""light"",""herbal""],""ingredients"":[""trà hương nhu"",""đường"",""đá""],""options"":[""đá (nhiều/ít/không)"",""đường (nhiều/ít/không)""],""suitable_for"":[""need_relax"",""poor_digestive_system""],""avoid_for"":[""diabetes""]}","{""good_for"":[""need_relax"",""poor_digestive_system""],""bad_for"":[""diabetes""]}","{""morning"":true,""noon"":true,""evening"":true,""midnight"":false,""hot_weather"":false,""cold_weather"":true,""rainy"":false,""sunny_strong"":false,""pre_work"":false,""post_work"":true,""post_workout"":false,""light_meal"":true,""want_hot_food"":false,""want_cold_food"":true,""in_a_hurry"":true,""on_the_go"":true,""with_friends"":false,""need_relax"":true,""portable"":true,""short_lunch_break"":true}",
308,chè thập cẩm đặc biệt,đồ ăn,"thạch, đậu, nước cốt dừa, đá","đá (nhiều/ít/không), nước cốt dừa (nhiều/ít/không), đường (nhiều/ít)","{""đá"": [""nhiều"", ""ít"", ""không""], ""nước_cốt_dừa"": [""nhiều"", ""ít"", ""không""], ""đường"": [""nhiều"", ""ít""]}","Chè thập cẩm đặc biệt giàu năng lượng, ngọt béo. Không phù hợp người tiểu đường hoặc béo phì.","{""type"":""đồ ăn"",""taste"":[""sweet"",""fatty""],""ingredients"":[""thạch"",""đậu"",""nước cốt dừa"",""đá""],""options"":[""đá (nhiều/ít/không)"",""nước cốt dừa (nhiều/ít/không)"",""đường (nhiều/ít)""],""suitable_for"":[],""avoid_for"":[""diabetes"",""obesity"",""fatty_liver""]}","{""good_for"":[],""bad_for"":[""diabetes"",""obesity"",""fatty_liver""]}","{""morning"":false,""noon"":true,""evening"":true,""midnight"":false,""hot_weather"":false,""cold_weather"":true,""rainy"":false,""sunny_strong"":false,""pre_work"":false,""post_work"":true,""post_workout"":false,""light_meal"":false,""want_hot_food"":false,""want_cold_food"":true,""in_a_hurry"":false,""on_the_go"":false,""with_friends"":true,""need_relax"":false,""portable"":false,""short_lunch_break"":false}",
309,bánh mì kẹp thịt nướng,đồ ăn,"bánh mì, thịt nướng, rau, đồ chua, ớt","thịt nướng (nhiều/ít), rau (nhiều/ít/không), ớt (nhiều/ít/không)","{""thịt_nướng"": [""nhiều"", ""ít""], ""rau"": [""nhiều"", ""ít"", ""không""], ""ớt"": [""nhiều"", ""ít"", ""không""]}","Bánh mì kẹp thịt nướng đậm vị, tiện lợi, giàu đạm. Không phù hợp người đau dạ dày nếu nhiều ớt.","{""type"":""đồ ăn"",""taste"":[""savory"",""smoky""],""ingredients"":[""bánh mì"",""thịt nướng"",""rau"",""đồ chua"",""ớt""],""options"":[""thịt nướng (nhiều/ít)"",""rau (nhiều/ít/không)"",""ớt (nhiều/ít/không)""],""suitable_for"":[""on_the_go""],""avoid_for"":[""gastritis"",""weak_stomach""]}","{""good_for"":[""on_the_go""],""bad_for"":[""gastritis"",""weak_stomach""]}","{""morning"":true,""noon"":true,""evening"":true,""midnight"":false,""hot_weather"":true,""cold_weather"":false,""rainy"":false,""sunny_strong"":true,""pre_work"":true,""post_work"":false,""post_workout"":false,""light_meal"":false,""want_hot_food"":true,""want_cold_food"":false,""in_a_hurry"":true,""on_the_go"":true,""with_friends"":true,""need_relax"":false,""portable"":true,""short_lunch_break"":true}",
310,chè đậu ván,đồ ăn,"đậu ván, nước cốt dừa, đường, đá","nước cốt dừa (nhiều/ít/không), đường (nhiều/ít/không), đá (nhiều/ít/không)","{""nước_cốt_dừa"": [""nhiều"", ""ít"", ""không""], ""đường"": [""nhiều"", ""ít"", ""không""], ""đá"": [""nhiều"", ""ít"", ""không""]}","Chè đậu ván ngọt béo nhẹ, dễ ăn. Không phù hợp người tiểu đường hoặc béo phì.","{""type"":""đồ ăn"",""taste"":[""sweet"",""fatty""],""ingredients"":[""đậu ván"",""nước cốt dừa"",""đường"",""đá""],""options"":[""nước cốt dừa (nhiều/ít/không)"",""đường (nhiều/ít/không)"",""đá (nhiều/ít/không)""],""suitable_for"":[""light_meal""],""avoid_for"":[""diabetes"",""obesity""]}","{""good_for"":[""light_meal""],""bad_for"":[""diabetes"",""obesity""]}","{""morning"":false,""noon"":true,""evening"":true,""midnight"":false,""hot_weather"":false,""cold_weather"":true,""rainy"":true,""sunny_strong"":false,""pre_work"":false,""post_work"":true,""post_workout"":false,""light_meal"":true,""want_hot_food"":false,""want_cold_food"":true,""in_a_hurry"":false,""on_the_go"":false,""with_friends"":true,""need_relax"":false,""portable"":false,""short_lunch_break"":false}",
311,bánh khọt hến,đồ ăn,"bột gạo, hến, tôm khô, hành","hến (nhiều/ít), tôm khô (nhiều/ít/không), hành (nhiều/ít/không), nước chấm (cay/không cay)","{""hến"": [""nhiều"", ""ít""], ""tôm_khô"": [""nhiều"", ""ít"", ""không""], ""hành"": [""nhiều"", ""ít"", ""không""], ""nước_chấm"": [""cay"", ""không cay""]}","Bánh khọt hến giòn nhẹ, vị đậm và giàu đạm. Không phù hợp người dị ứng hải sản hoặc dạ dày yếu.","{""type"":""đồ ăn"",""taste"":[""savory"",""umami""],""ingredients"":[""bột gạo"",""hến"",""tôm khô"",""hành""],""options"":[""hến (nhiều/ít)"",""tôm khô (nhiều/ít/không)"",""hành (nhiều/ít/không)"",""nước chấm (cay/không cay)""],""suitable_for"":[""high_protein""],""avoid_for"":[""seafood_allergy"",""weak_stomach""]}","{""good_for"":[""high_protein""],""bad_for"":[""seafood_allergy"",""weak_stomach""]}","{""morning"":false,""noon"":true,""evening"":true,""midnight"":false,""hot_weather"":false,""cold_weather"":true,""rainy"":true,""sunny_strong"":false,""pre_work"":false,""post_work"":true,""post_workout"":false,""light_meal"":false,""want_hot_food"":true,""want_cold_food"":false,""in_a_hurry"":false,""on_the_go"":false,""with_friends"":true,""need_relax"":false,""portable"":false,""short_lunch_break"":false}",
312,bánh tráng nướng bơ,đồ ăn,"bánh tráng, bơ, đường, mè","bơ (nhiều/ít), đường (nhiều/ít/không), mè (nhiều/ít/không)","{""bơ"": [""nhiều"", ""ít""], ""đường"": [""nhiều"", ""ít"", ""không""], ""mè"": [""nhiều"", ""ít"", ""không""]}","Bánh tráng nướng bơ ngọt béo, giòn và thơm mè. Không phù hợp người béo phì hoặc tiểu đường.","{""type"":""đồ ăn"",""taste"":[""sweet"",""fatty""],""ingredients"":[""bánh tráng"",""bơ"",""đường"",""mè""],""options"":[""bơ (nhiều/ít)"",""đường (nhiều/ít/không)"",""mè (nhiều/ít/không)""],""suitable_for"":[""snack""],""avoid_for"":[""diabetes"",""obesity""]}","{""good_for"":[""snack""],""bad_for"":[""diabetes"",""obesity""]}","{""morning"":false,""noon"":true,""evening"":true,""midnight"":true,""hot_weather"":false,""cold_weather"":true,""rainy"":false,""sunny_strong"":false,""pre_work"":false,""post_work"":true,""post_workout"":false,""light_meal"":false,""want_hot_food"":true,""want_cold_food"":false,""in_a_hurry"":true,""on_the_go"":true,""with_friends"":true,""need_relax"":false,""portable"":true,""short_lunch_break"":true}",
313,chè hạt điều,đồ ăn,"hạt điều, nước cốt dừa, đường","nước cốt dừa (nhiều/ít/không), đường (nhiều/ít/không)","{""nước_cốt_dừa"": [""nhiều"", ""ít"", ""không""], ""đường"": [""nhiều"", ""ít"", ""không""]}","Chè hạt điều béo, giàu năng lượng và giòn bùi. Không phù hợp người dị ứng hạt hoặc tiểu đường.","{""type"":""đồ ăn"",""taste"":[""sweet"",""fatty""],""ingredients"":[""hạt điều"",""nước cốt dừa"",""đường""],""options"":[""nước cốt dừa (nhiều/ít/không)"",""đường (nhiều/ít/không)""],""suitable_for"":[],""avoid_for"":[""diabetes"",""nut_allergy"",""obesity""]}","{""good_for"":[],""bad_for"":[""diabetes"",""nut_allergy"",""obesity""]}","{""morning"":false,""noon"":true,""evening"":true,""midnight"":false,""hot_weather"":false,""cold_weather"":true,""rainy"":false,""sunny_strong"":false,""pre_work"":false,""post_work"":true,""post_workout"":false,""light_meal"":false,""want_hot_food"":false,""want_cold_food"":true,""in_a_hurry"":false,""on_the_go"":false,""with_friends"":true,""need_relax"":false,""portable"":false,""short_lunch_break"":false}",
314,bánh căn phô mai,đồ ăn,"bột gạo, phô mai, tôm, trứng","phô mai (nhiều/ít), tôm (nhiều/ít/không), trứng (nhiều/ít)","{""phô_mai"": [""nhiều"", ""ít""], ""tôm"": [""nhiều"", ""ít"", ""không""], ""trứng"": [""nhiều"", ""ít""]}","Bánh căn phô mai béo, thơm và nhiều năng lượng. Không phù hợp người béo phì hoặc cao cholesterol.","{""type"":""đồ ăn"",""taste"":[""savory"",""fatty""],""ingredients"":[""bột gạo"",""phô mai"",""tôm"",""trứng""],""options"":[""phô mai (nhiều/ít)"",""tôm (nhiều/ít/không)"",""trứng (nhiều/ít)""],""suitable_for"":[""high_energy""],""avoid_for"":[""obesity"",""high_cholesterol"",""seafood_allergy""]}","{""good_for"":[""high_energy""],""bad_for"":[""obesity"",""high_cholesterol"",""seafood_allergy""]}","{""morning"":true,""noon"":true,""evening"":false,""midnight"":false,""hot_weather"":false,""cold_weather"":true,""rainy"":true,""sunny_strong"":false,""pre_work"":true,""post_work"":false,""post_workout"":false,""light_meal"":false,""want_hot_food"":true,""want_cold_food"":false,""in_a_hurry"":false,""on_the_go"":false,""with_friends"":true,""need_relax"":false,""portable"":false,""short_lunch_break"":false}",
315,bánh mì que,đồ ăn,"bánh mì nhỏ, pate, chả lụa","pate (nhiều/ít), chả lụa (nhiều/ít/không)","{""pate"": [""nhiều"", ""ít""], ""chả_lụa"": [""nhiều"", ""ít"", ""không""]}","Bánh mì que nhỏ gọn, tiện lợi, vị đậm. Không phù hợp người cao huyết áp hoặc béo phì.","{""type"":""đồ ăn"",""taste"":[""savory""],""ingredients"":[""bánh mì nhỏ"",""pate"",""chả lụa""],""options"":[""pate (nhiều/ít)"",""chả lụa (nhiều/ít/không)""],""suitable_for"":[""on_the_go""],""avoid_for"":[""high_blood_pressure"",""obesity""]}","{""good_for"":[""on_the_go""],""bad_for"":[""high_blood_pressure"",""obesity""]}","{""morning"":true,""noon"":true,""evening"":true,""midnight"":false,""hot_weather"":true,""cold_weather"":false,""rainy"":false,""sunny_strong"":true,""pre_work"":true,""post_work"":false,""post_workout"":false,""light_meal"":false,""want_hot_food"":true,""want_cold_food"":false,""in_a_hurry"":true,""on_the_go"":true,""with_friends"":true,""need_relax"":false,""portable"":true,""short_lunch_break"":true}",
316,chè sương sa hạt lựu,đồ ăn,"sương sa, hạt lựu, nước cốt dừa","sương sa (nhiều/ít), hạt lựu (nhiều/ít/không), nước cốt dừa (nhiều/ít)","{""sương_sa"": [""nhiều"", ""ít""], ""hạt_lựu"": [""nhiều"", ""ít"", ""không""], ""nước_cốt_dừa"": [""nhiều"", ""ít""]}","Chè sương sa hạt lựu là món mát, đẹp mắt nhưng nhiều đường. Không phù hợp người tiểu đường hoặc béo phì.","{""type"":""đồ ăn"",""taste"":[""sweet"",""refreshing""],""ingredients"":[""sương sa"",""hạt lựu"",""nước cốt dừa""],""options"":[""sương sa (nhiều/ít)"",""hạt lựu (nhiều/ít/không)"",""nước cốt dừa (nhiều/ít)""],""suitable_for"":[""hot_weather""],""avoid_for"":[""diabetes"",""obesity""]}","{""good_for"":[""hot_weather""],""bad_for"":[""diabetes"",""obesity""]}","{""morning"":false,""noon"":true,""evening"":true,""midnight"":false,""hot_weather"":true,""cold_weather"":false,""rainy"":false,""sunny_strong"":true,""pre_work"":false,""post_work"":true,""post_workout"":false,""light_meal"":false,""want_hot_food"":false,""want_cold_food"":true,""in_a_hurry"":false,""on_the_go"":false,""with_friends"":true,""need_relax"":false,""portable"":false,""short_lunch_break"":false}",
317,bánh căn tôm đất,đồ ăn,"bột gạo, tôm đất, hành lá","tôm đất (nhiều/ít), hành lá (nhiều/ít/không)","{""tôm_đất"": [""nhiều"", ""ít""], ""hành_lá"": [""nhiều"", ""ít"", ""không""]}","Bánh căn tôm đất đậm vị biển, dễ ăn. Không phù hợp người dị ứng hải sản.","{""type"":""đồ ăn"",""taste"":[""savory"",""umami""],""ingredients"":[""bột gạo"",""tôm đất"",""hành lá""],""options"":[""tôm đất (nhiều/ít)"",""hành lá (nhiều/ít/không)""],""suitable_for"":[""high_protein""],""avoid_for"":[""seafood_allergy""]}","{""good_for"":[""high_protein""],""bad_for"":[""seafood_allergy""]}","{""morning"":true,""noon"":true,""evening"":false,""midnight"":false,""hot_weather"":false,""cold_weather"":true,""rainy"":true,""sunny_strong"":false,""pre_work"":true,""post_work"":false,""post_workout"":false,""light_meal"":true,""want_hot_food"":true,""want_cold_food"":false,""in_a_hurry"":false,""on_the_go"":false,""with_friends"":true,""need_relax"":false,""portable"":false,""short_lunch_break"":false}",
318,chè bí đỏ hạt sen,đồ ăn,"bí đỏ, hạt sen, nước cốt dừa","bí đỏ (nhiều/ít), hạt sen (nhiều/ít), nước cốt dừa (nhiều/ít/không)","{""bí_đỏ"": [""nhiều"", ""ít""], ""hạt_sen"": [""nhiều"", ""ít""], ""nước_cốt_dừa"": [""nhiều"", ""ít"", ""không""]}","Chè bí đỏ hạt sen bổ dưỡng, dễ tiêu, tốt cho giấc ngủ. Không phù hợp người tiểu đường nếu nhiều đường hoặc nước cốt dừa.","{""type"":""đồ ăn"",""taste"":[""sweet"",""smooth""],""ingredients"":[""bí đỏ"",""hạt sen"",""nước cốt dừa""],""options"":[""bí đỏ (nhiều/ít)"",""hạt sen (nhiều/ít)"",""nước cốt dừa (nhiều/ít/không)""],""suitable_for"":[""poor_digestive_system"",""sleep_support""],""avoid_for"":[""diabetes"",""obesity""]}","{""good_for"":[""poor_digestive_system"",""sleep_support""],""bad_for"":[""diabetes"",""obesity""]}","{""morning"":false,""noon"":true,""evening"":true,""midnight"":false,""hot_weather"":false,""cold_weather"":true,""rainy"":false,""sunny_strong"":false,""pre_work"":false,""post_work"":true,""post_workout"":false,""light_meal"":true,""want_hot_food"":true,""want_cold_food"":false,""in_a_hurry"":false,""on_the_go"":false,""with_friends"":false,""need_relax"":false,""portable"":false,""short_lunch_break"":false}",
319,bánh khọt tôm nhảy,đồ ăn,"bột gạo, tôm tươi, nước cốt dừa","tôm tươi (nhiều/ít), nước chấm (cay/không cay), hành (nhiều/ít/không)","{""tôm_tươi"": [""nhiều"", ""ít""], ""nước_chấm"": [""cay"", ""không cay""], ""hành"": [""nhiều"", ""ít"", ""không""]}","Bánh khọt tôm nhảy giòn, thơm béo và đậm vị. Không phù hợp người dị ứng hải sản hoặc béo phì.","{""type"":""đồ ăn"",""taste"":[""savory"",""fatty""],""ingredients"":[""bột gạo"",""tôm tươi"",""nước cốt dừa""],""options"":[""tôm tươi (nhiều/ít)"",""nước chấm (cay/không cay)"",""hành (nhiều/ít/không)""],""suitable_for"":[""high_protein""],""avoid_for"":[""seafood_allergy"",""obesity""]}","{""good_for"":[""high_protein""],""bad_for"":[""seafood_allergy"",""obesity""]}","{""morning"":false,""noon"":true,""evening"":true,""midnight"":false,""hot_weather"":false,""cold_weather"":true,""rainny"":true,""sunny_strong"":false,""pre_work"":false,""post_work"":true,""post_workout"":false,""light_meal"":false,""want_hot_food"":true,""want_cold_food"":false,""in_a_hurry"":false,""on_the_go"":false,""with_friends"":true,""need_relax"":false,""portable"":false,""short_lunch_break"":false}",
320,bánh tráng nướng đường,đồ ăn,"bánh tráng, đường, bơ, mè","đường (nhiều/ít/không), bơ (nhiều/ít), mè (nhiều/ít/không)","{""đường"": [""nhiều"", ""ít"", ""không""], ""bơ"": [""nhiều"", ""ít""], ""mè"": [""nhiều"", ""ít"", ""không""]}","Bánh tráng nướng đường giòn ngọt, thơm bơ mè. Không phù hợp người tiểu đường hoặc béo phì.","{""type"":""đồ ăn"",""taste"":[""sweet"",""crispy""],""ingredients"":[""bánh tráng"",""đường"",""bơ"",""mè""],""options"":[""đường (nhiều/ít/không)"",""bơ (nhiều/ít)"",""mè (nhiều/ít/không)""],""suitable_for"":[""snack""],""avoid_for"":[""diabetes"",""obesity""]}","{""good_for"":[""snack""],""bad_for"":[""diabetes"",""obesity""]}","{""morning"":false,""noon"":true,""evening"":true,""midnight"":true,""hot_weather"":false,""cold_weather"":true,""rainy"":false,""sunny_strong"":false,""pre_work"":false,""post_work"":true,""post_workout"":false,""light_meal"":false,""want_hot_food"":true,""want_cold_food"":false,""in_a_hurry"":true,""on_the_go"":true,""with_friends"":true,""need_relax"":false,""portable"":true,""short_lunch_break"":true}",
321,Chè đậu ngự,đồ ăn,"đậu ngự, nước cốt dừa, đường","nước cốt dừa (nhiều/ít/không), đường (nhiều/ít/không)","{""nước_cốt_dừa"": [""nhiều"", ""ít"", ""không""], ""đường"": [""nhiều"", ""ít"", ""không""]}","Chè đậu ngự thơm béo, mềm bùi, giàu năng lượng. Không phù hợp người tiểu đường hoặc béo phì.","{""type"":""đồ ăn"",""taste"":[""sweet"",""fatty""],""ingredients"":[""đậu ngự"",""nước cốt dừa"",""đường""],""options"":[""nước cốt dừa (nhiều/ít/không)"",""đường (nhiều/ít/không)""],""suitable_for"":[""light_meal""],""avoid_for"":[""diabetes"",""obesity""]}","{""good_for"":[""light_meal""],""bad_for"":[""diabetes"",""obesity""]}","{""morning"":false,""noon"":true,""evening"":true,""midnight"":false,""hot_weather"":false,""cold_weather"":true,""rainy"":true,""sunny_strong"":false,""pre_work"":false,""post_work"":true,""post_workout"":false,""light_meal"":true,""want_hot_food"":false,""want_cold_food"":true,""in_a_hurry"":false,""on_the_go"":false,""with_friends"":true,""need_relax"":false,""portable"":false,""short_lunch_break"":false}",
322,Bánh căn nước mắm,đồ ăn,"bột gạo, nước mắm, tôm, hành","nước mắm (nhiều/ít/không), tôm (nhiều/ít/không), hành (nhiều/ít/không)","{""nước_mắm"": [""nhiều"", ""ít"", ""không""], ""tôm"": [""nhiều"", ""ít"", ""không""], ""hành"": [""nhiều"", ""ít"", ""không""]}","Bánh căn nước mắm đậm vị, thơm tôm và mặn nhẹ. Không phù hợp người cao huyết áp hoặc dị ứng hải sản.","{""type"":""đồ ăn"",""taste"":[""savory"",""salty""],""ingredients"":[""bột gạo"",""nước mắm"",""tôm"",""hành""],""options"":[""nước mắm (nhiều/ít/không)"",""tôm (nhiều/ít/không)"",""hành (nhiều/ít/không)""],""suitable_for"":[""high_protein""],""avoid_for"":[""seafood_allergy"",""high_blood_pressure""]}","{""good_for"":[""high_protein""],""bad_for"":[""seafood_allergy"",""high_blood_pressure""]}","{""morning"":true,""noon"":true,""evening"":false,""midnight"":false,""hot_weather"":false,""cold_weather"":true,""rainy"":true,""sunny_strong"":false,""pre_work"":true,""post_work"":false,""post_workout"":false,""light_meal"":true,""want_hot_food"":true,""want_cold_food"":false,""in_a_hurry"":false,""on_the_go"":false,""with_friends"":true,""need_relax"":false,""portable"":false,""short_lunch_break"":true}",
323,Bánh khúc lá dong,đồ ăn,"bột gạo, lá khúc, đậu xanh, lá dong","lá khúc (nhiều/ít/không), đậu xanh (nhiều/ít), lá dong (nhiều/ít/không)","{""lá_khúc"": [""nhiều"", ""ít"", ""không""], ""đậu_xanh"": [""nhiều"", ""ít""], ""lá_dong"": [""nhiều"", ""ít"", ""không""]}","Bánh khúc lá dong bùi, thơm lá, dễ tiêu. Không phù hợp người tiểu đường nếu ăn nhiều.","{""type"":""đồ ăn"",""taste"":[""savory"",""herbal""],""ingredients"":[""bột gạo"",""lá khúc"",""đậu xanh"",""lá dong""],""options"":[""lá khúc (nhiều/ít/không)"",""đậu xanh (nhiều/ít)"",""lá dong (nhiều/ít/không)""],""suitable_for"":[""poor_digestive_system""],""avoid_for"":[""diabetes""]}","{""good_for"":[""poor_digestive_system""],""bad_for"":[""diabetes""]}","{""morning"":true,""noon"":true,""evening"":true,""midnight"":false,""hot_weather"":false,""cold_weather"":true,""rainy"":false,""sunny_strong"":false,""pre_work"":true,""post_work"":false,""post_workout"":false,""light_meal"":true,""want_hot_food"":true,""want_cold_food"":false,""in_a_hurry"":false,""on_the_go"":false,""with_friends"":false,""need_relax"":false,""portable"":false,""short_lunch_break"":false}",
324,Bánh mì chả cá Lã Vọng,đồ ăn,"bánh mì, chả cá, rau thơm, nghệ","chả cá (nhiều/ít), rau thơm (nhiều/ít/không), nghệ (nhiều/ít/không)","{""chả_cá"": [""nhiều"", ""ít""], ""rau_thơm"": [""nhiều"", ""ít"", ""không""], ""nghệ"": [""nhiều"", ""ít"", ""không""]}","Bánh mì chả cá Lã Vọng thơm nghệ, ít dầu và giàu đạm. Không phù hợp người dị ứng hải sản.","{""type"":""đồ ăn"",""taste"":[""savory"",""aromatic""],""ingredients"":[""bánh mì"",""chả cá"",""rau thơm"",""nghệ""],""options"":[""chả cá (nhiều/ít)"",""rau thơm (nhiều/ít/không)"",""nghệ (nhiều/ít/không)""],""suitable_for"":[""on_the_go"",""high_protein""],""avoid_for"":[""seafood_allergy""]}","{""good_for"":[""on_the_go"",""high_protein""],""bad_for"":[""seafood_allergy""]}","{""morning"":true,""noon"":true,""evening"":true,""midnight"":false,""hot_weather"":true,""cold_weather"":false,""rainy"":false,""sunny_strong"":true,""pre_work"":true,""post_work"":false,""post_workout"":false,""light_meal"":false,""want_hot_food"":true,""want_cold_food"":false,""in_a_hurry"":true,""on_the_go"":true,""with_friends"":true,""need_relax"":false,""portable"":true,""short_lunch_break"":true}",
325,Chè hạt sen tươi,đồ ăn,"hạt sen tươi, nước cốt dừa, đường","nước cốt dừa (nhiều/ít/không), đường (nhiều/ít/không)","{""nước_cốt_dừa"": [""nhiều"", ""ít"", ""không""], ""đường"": [""nhiều"", ""ít"", ""không""]}","Chè hạt sen tươi thanh nhẹ, tốt cho giấc ngủ và hệ thần kinh. Không phù hợp người tiểu đường.","{""type"":""đồ ăn"",""taste"":[""sweet"",""smooth""],""ingredients"":[""hạt sen tươi"",""nước cốt dừa"",""đường""],""options"":[""nước cốt dừa (nhiều/ít/không)"",""đường (nhiều/ít/không)""],""suitable_for"":[""sleep_support"",""poor_digestive_system""],""avoid_for"":[""diabetes""]}","{""good_for"":[""sleep_support"",""poor_digestive_system""],""bad_for"":[""diabetes""]}","{""morning"":false,""noon"":true,""evening"":true,""midnight"":false,""hot_weather"":false,""cold_weather"":true,""rainy"":false,""sunny_strong"":false,""pre_work"":false,""post_work"":true,""post_workout"":false,""light_meal"":true,""want_hot_food"":true,""want_cold_food"":false,""in_a_hurry"":false,""on_the_go"":false,""with_friends"":false,""need_relax"":true,""portable"":false,""short_lunch_break"":false}",
326,Bánh căn bơ tỏi,đồ ăn,"bột gạo, bơ, tỏi, hành lá","bơ (nhiều/ít), tỏi (nhiều/ít/không), hành lá (nhiều/ít/không)","{""bơ"": [""nhiều"", ""ít""], ""tỏi"": [""nhiều"", ""ít"", ""không""], ""hành_lá"": [""nhiều"", ""ít"", ""không""]}","Bánh căn bơ tỏi béo thơm, giòn nhẹ. Không phù hợp người béo phì hoặc cholesterol cao.","{""type"":""đồ ăn"",""taste"":[""savory"",""fatty"",""aromatic""],""ingredients"":[""bột gạo"",""bơ"",""tỏi"",""hành lá""],""options"":[""bơ (nhiều/ít)"",""tỏi (nhiều/ít/không)"",""hành lá (nhiều/ít/không)""],""suitable_for"":[""snack""],""avoid_for"":[""obesity"",""high_cholesterol""]}","{""good_for"":[""snack""],""bad_for"":[""obesity"",""high_cholesterol""]}","{""morning"":false,""noon"":true,""evening"":true,""midnight"":true,""hot_weather"":false,""cold_weather"":true,""rainy"":false,""sunny_strong"":false,""pre_work"":false,""post_work"":true,""post_workout"":false,""light_meal"":false,""want_hot_food"":true,""want_cold_food"":false,""in_a_hurry"":true,""on_the_go"":true,""with_friends"":true,""need_relax"":false,""portable"":true,""short_lunch_break"":true}",
327,Sinh tố cà phê chuối,thức uống,"cà phê, chuối, sữa, đá","chuối (nhiều/ít), sữa (nhiều/ít/không), đá (nhiều/ít/không)","{""chuối"": [""nhiều"", ""ít""], ""sữa"": [""nhiều"", ""ít"", ""không""], ""đá"": [""nhiều"", ""ít"", ""không""]}","Sinh tố cà phê chuối nhiều năng lượng, thơm béo, tăng tập trung. Không phù hợp người tiểu đường hoặc dạ dày yếu.","{""type"":""thức uống"",""taste"":[""sweet"",""bitter"",""fatty""],""ingredients"":[""cà phê"",""chuối"",""sữa"",""đá""],""options"":[""chuối (nhiều/ít)"",""sữa (nhiều/ít/không)"",""đá (nhiều/ít/không)""],""suitable_for"":[""high_energy"",""need_focus""],""avoid_for"":[""diabetes"",""weak_stomach""]}","{""good_for"":[""high_energy"",""need_focus""],""bad_for"":[""diabetes"",""weak_stomach""]}","{""morning"":true,""noon"":true,""evening"":false,""midnight"":false,""hot_weather"":false,""cold_weather"":true,""rainy"":false,""sunny_strong"":false,""pre_work"":true,""post_work"":true,""post_workout"":false,""light_meal"":false,""want_hot_food"":false,""want_cold_food"":true,""in_a_hurry"":false,""on_the_go"":false,""with_friends"":true,""need_relax"":false,""portable"":false,""short_lunch_break"":false}",
328,Trà hoa sen,thức uống,"trà sen, hoa sen, mật ong","hoa sen (nhiều/ít/không), mật ong (nhiều/ít/không)","{""hoa_sen"": [""nhiều"", ""ít"", ""không""], ""mật_ong"": [""nhiều"", ""ít"", ""không""]}","Trà hoa sen thơm nhẹ, an thần, hỗ trợ thư giãn. Không phù hợp người tiểu đường nếu dùng nhiều mật ong.","{""type"":""thức uống"",""taste"":[""light"",""floral"",""sweet""],""ingredients"":[""trà sen"",""hoa sen"",""mật ong""],""options"":[""hoa sen (nhiều/ít/không)"",""mật ong (nhiều/ít/không)""],""suitable_for"":[""need_relax"",""sleep_support""],""avoid_for"":[""diabetes""]}","{""good_for"":[""need_relax"",""sleep_support""],""bad_for"":[""diabetes""]}","{""morning"":true,""noon"":true,""evening"":true,""midnight"":true,""hot_weather"":false,""cold_weather"":true,""rainy"":false,""sunny_strong"":false,""pre_work"":false,""post_work"":true,""post_workout"":false,""light_meal"":true,""want_hot_food"":false,""want_cold_food"":true,""in_a_hurry"":true,""on_the_go"":true,""with_friends"":false,""need_relax"":true,""portable"":true,""short_lunch_break"":true}",
329,Bánh khọt tôm cua,đồ ăn,"bột gạo, tôm, cua, nước cốt dừa","tôm (nhiều/ít), cua (nhiều/ít/không), nước chấm (cay/không cay), hành (nhiều/ít/không)","{""tôm"": [""nhiều"", ""ít""], ""cua"": [""nhiều"", ""ít"", ""không""], ""nước_chấm"": [""cay"", ""không cay""], ""hành"": [""nhiều"", ""ít"", ""không""]}","Bánh khọt tôm cua béo thơm, đậm vị hải sản. Không phù hợp người dị ứng hải sản hoặc béo phì.","{""type"":""đồ ăn"",""taste"":[""savory"",""fatty""],""ingredients"":[""bột gạo"",""tôm"",""cua"",""nước cốt dừa""],""options"":[""tôm (nhiều/ít)"",""cua (nhiều/ít/không)"",""nước chấm (cay/không cay)"",""hành (nhiều/ít/không)""],""suitable_for"":[""high_protein""],""avoid_for"":[""seafood_allergy"",""obesity""]}","{""good_for"":[""high_protein""],""bad_for"":[""seafood_allergy"",""obesity""]}","{""morning"":false,""noon"":true,""evening"":true,""midnight"":false,""hot_weather"":false,""cold_weather"":true,""rainy"":true,""sunny_strong"":false,""pre_work"":false,""post_work"":true,""post_workout"":false,""light_meal"":false,""want_hot_food"":true,""want_cold_food"":false,""in_a_hurry"":false,""on_the_go"":false,""with_friends"":true,""need_relax"":false,""portable"":false,""short_lunch_break"":false}",
330,Chè đậu trắng,đồ ăn,"đậu trắng, nước cốt dừa, đường, đá","nước cốt dừa (nhiều/ít/không), đường (nhiều/ít/không), đá (nhiều/ít/không)","{""nước_cốt_dừa"": [""nhiều"", ""ít"", ""không""], ""đường"": [""nhiều"", ""ít"", ""không""], ""đá"": [""nhiều"", ""ít"", ""không""]}","Chè đậu trắng ngọt béo, mềm bùi. Không phù hợp người tiểu đường hoặc béo phì.","{""type"":""đồ ăn"",""taste"":[""sweet"",""fatty""],""ingredients"":[""đậu trắng"",""nước cốt dừa"",""đường"",""đá""],""options"":[""nước cốt dừa (nhiều/ít/không)"",""đường (nhiều/ít/không)"",""đá (nhiều/ít/không)""],""suitable_for"":[""light_meal""],""avoid_for"":[""diabetes"",""obesity""]}","{""good_for"":[""light_meal""],""bad_for"":[""diabetes"",""obesity""]}","{""morning"":false,""noon"":true,""evening"":true,""midnight"":false,""hot_weather"":false,""cold_weather"":true,""rainy"":true,""sunny_strong"":false,""pre_work"":false,""post_work"":true,""post_workout"":false,""light_meal"":true,""want_hot_food"":false,""want_cold_food"":true,""in_a_hurry"":false,""on_the_go"":false,""with_friends"":true,""need_relax"":false,""portable"":false,""short_lunch_break"":false}",
331,Bánh tráng nướng tôm khô,đồ ăn,"bánh tráng, tôm khô, trứng, hành","tôm khô (nhiều/ít), trứng (nhiều/ít/không), hành (nhiều/ít/không)","{""tôm_khô"": [""nhiều"", ""ít""], ""trứng"": [""nhiều"", ""ít"", ""không""], ""hành"": [""nhiều"", ""ít"", ""không""]}","Bánh tráng nướng tôm khô giòn, thơm và đậm vị. Không phù hợp người dị ứng hải sản.","{""type"":""đồ ăn"",""taste"":[""savory"",""crispy""],""ingredients"":[""bánh tráng"",""tôm khô"",""trứng"",""hành""],""options"":[""tôm khô (nhiều/ít)"",""trứng (nhiều/ít/không)"",""hành (nhiều/ít/không)""],""suitable_for"":[""snack""],""avoid_for"":[""seafood_allergy""]}","{""good_for"":[""snack""],""bad_for"":[""seafood_allergy""]}","{""morning"":false,""noon"":true,""evening"":true,""midnight"":true,""hot_weather"":false,""cold_weather"":true,""rainy"":false,""sunny_strong"":false,""pre_work"":false,""post_work"":true,""post_workout"":false,""light_meal"":false,""want_hot_food"":true,""want_cold_food"":false,""in_a_hurry"":true,""on_the_go"":true,""with_friends"":true,""need_relax"":false,""portable"":true,""short_lunch_break"":true}",
332,Nước ép cần tây táo,thức uống,"cần tây, táo, chanh, đá","cần tây (nhiều/ít), táo (nhiều/ít), chanh (nhiều/ít/không), đá (nhiều/ít/không)","{""cần_tây"": [""nhiều"", ""ít""], ""táo"": [""nhiều"", ""ít""], ""chanh"": [""nhiều"", ""ít"", ""không""], ""đá"": [""nhiều"", ""ít"", ""không""]}","Nước ép cần tây táo thanh lọc cơ thể, giàu vitamin. Không phù hợp người dạ dày yếu nếu thêm nhiều chanh.","{""type"":""thức uống"",""taste"":[""fresh"",""light"",""sour""],""ingredients"":[""cần tây"",""táo"",""chanh"",""đá""],""options"":[""cần tây (nhiều/ít)"",""táo (nhiều/ít)"",""chanh (nhiều/ít/không)"",""đá (nhiều/ít/không)""],""suitable_for"":[""detox"",""weight_control""],""avoid_for"":[""weak_stomach""]}","{""good_for"":[""detox"",""weight_control""],""bad_for"":[""weak_stomach""]}","{""morning"":true,""noon"":true,""evening"":false,""midnight"":false,""hot_weather"":true,""cold_weather"":false,""rainy"":false,""sunny_strong"":true,""pre_work"":true,""post_work"":false,""post_workout"":true,""light_meal"":true,""want_hot_food"":false,""want_cold_food"":true,""in_a_hurry"":true,""on_the_go"":true,""with_friends"":false,""need_relax"":true,""portable"":true,""short_lunch_break"":true}",
333,Bánh căn nước dừa tôm,đồ ăn,"bột gạo, nước dừa, tôm tươi","nước dừa (nhiều/ít), tôm tươi (nhiều/ít/không)","{""nước_dừa"": [""nhiều"", ""ít""], ""tôm_tươi"": [""nhiều"", ""ít"", ""không""]}","Bánh căn nước dừa tôm béo thơm, đậm vị biển. Không phù hợp người dị ứng hải sản.","{""type"":""đồ ăn"",""taste"":[""savory"",""fatty""],""ingredients"":[""bột gạo"",""nước dừa"",""tôm tươi""],""options"":[""nước dừa (nhiều/ít)"",""tôm tươi (nhiều/ít/không)""],""suitable_for"":[""high_energy"",""high_protein""],""avoid_for"":[""seafood_allergy"",""obesity""]}","{""good_for"":[""high_energy"",""high_protein""],""bad_for"":[""seafood_allergy"",""obesity""]}","{""morning"":true,""noon"":true,""evening"":false,""midnight"":false,""hot_weather"":false,""cold_weather"":true,""rainy"":true,""sunny_strong"":false,""pre_work"":true,""post_work"":false,""post_workout"":false,""light_meal"":false,""want_hot_food"":true,""want_cold_food"":false,""in_a_hurry"":false,""on_the_go"":false,""with_friends"":true,""need_relax"":false,""portable"":false,""short_lunch_break"":false}",
334,Chè khoai lang tím,đồ ăn,"khoai lang tím, nước cốt dừa, đường","nước cốt dừa (nhiều/ít/không), đường (nhiều/ít/không)","{""nước_cốt_dừa"": [""nhiều"", ""ít"", ""không""], ""đường"": [""nhiều"", ""ít"", ""không""]}","Chè khoai lang tím ngọt bùi, bổ dưỡng, giúp no lâu. Không phù hợp người tiểu đường.","{""type"":""đồ ăn"",""taste"":[""sweet"",""smooth""],""ingredients"":[""khoai lang tím"",""nước cốt dừa"",""đường""],""options"":[""nước cốt dừa (nhiều/ít/không)"",""đường (nhiều/ít/không)""],""suitable_for"":[""light_meal"",""poor_digestive_system""],""avoid_for"":[""diabetes"",""obesity""]}","{""good_for"":[""light_meal"",""poor_digestive_system""],""bad_for"":[""diabetes"",""obesity""]}","{""morning"":false,""noon"":true,""evening"":true,""midnight"":false,""hot_weather"":false,""cold_weather"":true,""rainy"":false,""sunny_strong"":false,""pre_work"":false,""post_work"":true,""post_workout"":false,""light_meal"":true,""want_hot_food"":true,""want_cold_food"":false,""in_a_hurry"":false,""on_the_go"":false,""with_friends"":false,""need_relax"":false,""portable"":false,""short_lunch_break"":false}",
335,Sinh tố dưa lưới dâu,thức uống,"dưa lưới, dâu tây, sữa, đá","dâu tây (nhiều/ít), sữa (nhiều/ít/không), đá (nhiều/ít/không)","{""dâu_tây"": [""nhiều"", ""ít""], ""sữa"": [""nhiều"", ""ít"", ""không""], ""đá"": [""nhiều"", ""ít"", ""không""]}","Sinh tố dưa lưới dâu ngọt nhẹ, mát, giàu vitamin. Không phù hợp người tiểu đường.","{""type"":""thức uống"",""taste"":[""sweet"",""refreshing""],""ingredients"":[""dưa lưới"",""dâu tây"",""sữa"",""đá""],""options"":[""dâu tây (nhiều/ít)"",""sữa (nhiều/ít/không)"",""đá (nhiều/ít/không)""],""suitable_for"":[""hot_weather"",""vitamin_boost""],""avoid_for"":[""diabetes""]}","{""good_for"":[""hot_weather"",""vitamin_boost""],""bad_for"":[""diabetes""]}","{""morning"":true,""noon"":true,""evening"":true,""midnight"":false,""hot_weather"":true,""cold_weather"":false,""rainy"":false,""sunny_strong"":true,""pre_work"":true,""post_work"":true,""post_workout"":false,""light_meal"":true,""want_hot_food"":false,""want_cold_food"":true,""in_a_hurry"":false,""on_the_go"":false,""with_friends"":true,""need_relax"":false,""portable"":false,""short_lunch_break"":false}",
336,Chè đậu xanh nha đam,đồ ăn,"đậu xanh, nha đam, nước cốt dừa","nha đam (nhiều/ít/không), nước cốt dừa (nhiều/ít)","{""nha_đam"": [""nhiều"", ""ít"", ""không""], ""nước_cốt_dừa"": [""nhiều"", ""ít""]}","Chè đậu xanh nha đam thanh mát, giải nhiệt, tốt cho tiêu hóa. Không phù hợp người tiểu đường nếu thêm nhiều đường.","{""type"":""đồ ăn"",""taste"":[""refreshing"",""sweet""],""ingredients"":[""đậu xanh"",""nha đam"",""nước cốt dừa""],""options"":[""nha đam (nhiều/ít/không)"",""nước cốt dừa (nhiều/ít)""],""suitable_for"":[""hot_weather"",""poor_digestive_system""],""avoid_for"":[""diabetes""]}","{""good_for"":[""hot_weather"",""poor_digestive_system""],""bad_for"":[""diabetes""]}","{""morning"":false,""noon"":true,""evening"":true,""midnight"":false,""hot_weather"":true,""cold_weather"":false,""rainy"":false,""sunny_strong"":true,""pre_work"":false,""post_work"":true,""post_workout"":false,""light_meal"":true,""want_hot_food"":false,""want_cold_food"":true,""in_a_hurry"":false,""on_the_go"":false,""with_friends"":false,""need_relax"":false,""portable"":false,""short_lunch_break"":false}",
337,Bánh tráng cuốn khô bò,đồ ăn,"bánh tráng, khô bò, rau thơm","khô bò (nhiều/ít), rau thơm (nhiều/ít/không)","{""khô_bò"": [""nhiều"", ""ít""], ""rau_thơm"": [""nhiều"", ""ít"", ""không""]}","Bánh tráng cuốn khô bò cay nhẹ, tiện ăn, nhiều hương vị. Không phù hợp người dạ dày yếu.","{""type"":""đồ ăn"",""taste"":[""savory"",""spicy""],""ingredients"":[""bánh tráng"",""khô bò"",""rau thơm""],""options"":[""khô bò (nhiều/ít)"",""rau thơm (nhiều/ít/không)""],""suitable_for"":[""snack"",""on_the_go""],""avoid_for"":[""weak_stomach""]}","{""good_for"":[""snack"",""on_the_go""],""bad_for"":[""weak_stomach""]}","{""morning"":false,""noon"":true,""evening"":true,""midnight"":true,""hot_weather"":false,""cold_weather"":true,""rainy"":false,""sunny_strong"":false,""pre_work"":false,""post_work"":true,""post_workout"":false,""light_meal"":false,""want_hot_food"":false,""want_cold_food"":true,""in_a_hurry"":true,""on_the_go"":true,""with_friends"":true,""need_relax"":false,""portable"":true,""short_lunch_break"":true}",
338,Nước ép bí đỏ cà rốt,thức uống,"bí đỏ, cà rốt, mật ong, đá","bí đỏ (nhiều/ít), cà rốt (nhiều/ít/không), mật ong (nhiều/ít/không), đá (nhiều/ít/không)","{""bí_đỏ"": [""nhiều"", ""ít""], ""cà_rốt"": [""nhiều"", ""ít"", ""không""], ""mật_ong"": [""nhiều"", ""ít"", ""không""], ""đá"": [""nhiều"", ""ít"", ""không""]}","Nước ép bí đỏ cà rốt bổ mắt, tăng sức đề kháng. Không phù hợp người tiểu đường nếu thêm quá nhiều mật ong.","{""type"":""thức uống"",""taste"":[""sweet"",""earthy""],""ingredients"":[""bí đỏ"",""cà rốt"",""mật ong"",""đá""],""options"":[""bí đỏ (nhiều/ít)"",""cà rốt (nhiều/ít/không)"",""mật ong (nhiều/ít/không)"",""đá (nhiều/ít/không)""],""suitable_for"":[""vitamin_boost"",""immune_support""],""avoid_for"":[""diabetes""]}","{""good_for"":[""vitamin_boost"",""immune_support""],""bad_for"":[""diabetes""]}","{""morning"":true,""noon"":true,""evening"":false,""midnight"":false,""hot_weather"":false,""cold_weather"":true,""rainy"":false,""sunny_strong"":false,""pre_work"":true,""post_work"":true,""post_workout"":false,""light_meal"":true,""want_hot_food"":false,""want_cold_food"":true,""in_a_hurry"":false,""on_the_go"":false,""with_friends"":false,""need_relax"":false,""portable"":false,""short_lunch_break"":false}",
339,Bánh khọt nước mắm,đồ ăn,"bột gạo, nước mắm, tôm, hành","nước mắm (nhiều/ít/không), tôm (nhiều/ít/không), hành (nhiều/ít/không), nước chấm (cay/không cay)","{""nước_mắm"": [""nhiều"", ""ít"", ""không""], ""tôm"": [""nhiều"", ""ít"", ""không""], ""hành"": [""nhiều"", ""ít"", ""không""], ""nước_chấm"": [""cay"", ""không cay""]}","Bánh khọt nước mắm đậm vị, giòn và thơm tôm. Không phù hợp người cao huyết áp hoặc dị ứng hải sản.","{""type"":""đồ ăn"",""taste"":[""savory"",""salty""],""ingredients"":[""bột gạo"",""nước mắm"",""tôm"",""hành""],""options"":[""nước mắm (nhiều/ít/không)"",""tôm (nhiều/ít/không)"",""hành (nhiều/ít/không)"",""nước chấm (cay/không cay)""],""suitable_for"":[""high_protein""],""avoid_for"":[""high_blood_pressure"",""seafood_allergy""]}","{""good_for"":[""high_protein""],""bad_for"":[""high_blood_pressure"",""seafood_allergy""]}","{""morning"":false,""noon"":true,""evening"":true,""midnight"":false,""hot_weather"":false,""cold_weather"":true,""rainy"":true,""sunny_strong"":false,""pre_work"":false,""post_work"":true,""post_workout"":false,""light_meal"":false,""want_hot_food"":true,""want_cold_food"":false,""in_a_hurry"":false,""on_the_go"":false,""with_friends"":true,""need_relax"":false,""portable"":false,""short_lunch_break"":false}",
340,Chè hạt chia,đồ ăn,"hạt chia, nước cốt dừa, mật ong","nước cốt dừa (nhiều/ít/không), mật ong (nhiều/ít/không)","{""nước_cốt_dừa"": [""nhiều"", ""ít"", ""không""], ""mật_ong"": [""nhiều"", ""ít"", ""không""]}","Chè hạt chia thanh nhẹ, nhiều chất xơ, tốt cho tiêu hóa. Không phù hợp người tiểu đường nếu dùng nhiều mật ong.","{""type"":""đồ ăn"",""taste"":[""light"",""sweet""],""ingredients"":[""hạt chia"",""nước cốt dừa"",""mật ong""],""options"":[""nước cốt dừa (nhiều/ít/không)"",""mật ong (nhiều/ít/không)""],""suitable_for"":[""poor_digestive_system"",""detox""],""avoid_for"":[""diabetes""]}","{""good_for"":[""poor_digestive_system"",""detox""],""bad_for"":[""diabetes""]}","{""morning"":true,""noon"":true,""evening"":true,""midnight"":false,""hot_weather"":true,""cold_weather"":false,""rainy"":false,""sunny_strong"":true,""pre_work"":false,""post_work"":true,""post_workout"":false,""light_meal"":true,""want_hot_food"":false,""want_cold_food"":true,""in_a_hurry"":true,""on_the_go"":true,""with_friends"":false,""need_relax"":true,""portable"":true,""short_lunch_break"":true}",
341,Bánh căn tôm tít,đồ ăn,"bột gạo, tôm tít, hành tây","tôm tít (nhiều/ít), hành tây (nhiều/ít/không)","{""tôm_tít"": [""nhiều"", ""ít""], ""hành_tây"": [""nhiều"", ""ít"", ""không""]}","Bánh căn tôm tít đậm vị biển, thơm và giàu đạm. Không phù hợp người dị ứng hải sản.","{""type"":""đồ ăn"",""taste"":[""savory"",""umami""],""ingredients"":[""bột gạo"",""tôm tít"",""hành tây""],""options"":[""tôm tít (nhiều/ít)"",""hành tây (nhiều/ít/không)""],""suitable_for"":[""high_protein""],""avoid_for"":[""seafood_allergy""]}","{""good_for"":[""high_protein""],""bad_for"":[""seafood_allergy""]}","{""morning"":true,""noon"":true,""evening"":false,""midnight"":false,""hot_weather"":false,""cold_weather"":true,""rainy"":true,""sunny_strong"":false,""pre_work"":true,""post_work"":false,""post_workout"":false,""light_meal"":true,""want_hot_food"":true,""want_cold_food"":false,""in_a_hurry"":false,""on_the_go"":false,""with_friends"":true,""need_relax"":false,""portable"":false,""short_lunch_break"":false}",
342,Sinh tố bơ dâu,thức uống,"bơ, dâu tây, sữa, đá","bơ (nhiều/ít), dâu tây (nhiều/ít), sữa (nhiều/ít/không), đá (nhiều/ít/không)","{""bơ"": [""nhiều"", ""ít""], ""dâu_tây"": [""nhiều"", ""ít""], ""sữa"": [""nhiều"", ""ít"", ""không""], ""đá"": [""nhiều"", ""ít"", ""không""]}","Sinh tố bơ dâu béo nhẹ, giàu vitamin và năng lượng. Không phù hợp người tiểu đường.","{""type"":""thức uống"",""taste"":[""sweet"",""creamy"",""fruity""],""ingredients"":[""bơ"",""dâu tây"",""sữa"",""đá""],""options"":[""bơ (nhiều/ít)"",""dâu tây (nhiều/ít)"",""sữa (nhiều/ít/không)"",""đá (nhiều/ít/không)""],""suitable_for"":[""vitamin_boost"",""high_energy""],""avoid_for"":[""diabetes""]}","{""good_for"":[""vitamin_boost"",""high_energy""],""bad_for"":[""diabetes""]}","{""morning"":true,""noon"":true,""evening"":true,""midnight"":false,""hot_weather"":true,""cold_weather"":false,""rainy"":false,""sunny_strong"":true,""pre_work"":true,""post_work"":true,""post_workout"":false,""light_meal"":true,""want_hot_food"":false,""want_cold_food"":true,""in_a_hurry"":false,""on_the_go"":false,""with_friends"":true,""need_relax"":false,""portable"":false,""short_lunch_break"":false}",
343,Trà ô long hoa nhài,thức uống,"trà ô long, hoa nhài, đường",đường (nhiều/ít/không),"{""đường"": [""nhiều"", ""ít"", ""không""]}","Trà ô long hoa nhài thơm nhẹ, giúp thư giãn và giảm căng thẳng. Không phù hợp người tiểu đường nếu thêm quá nhiều đường.","{""type"":""thức uống"",""taste"":[""floral"",""light"",""sweet""],""ingredients"":[""trà ô long"",""hoa nhài"",""đường""],""options"":[""đường (nhiều/ít/không)""],""suitable_for"":[""need_relax"",""light_meal""],""avoid_for"":[""diabetes""]}","{""good_for"":[""need_relax"",""light_meal""],""bad_for"":[""diabetes""]}","{""morning"":true,""noon"":true,""evening"":true,""midnight"":true,""hot_weather"":false,""cold_weather"":true,""rainy"":false,""sunny_strong"":false,""pre_work"":true,""post_work"":true,""post_workout"":false,""light_meal"":true,""want_hot_food"":false,""want_cold_food"":true,""in_a_hurry"":true,""on_the_go"":true,""with_friends"":false,""need_relax"":true,""portable"":true,""short_lunch_break"":true}",
344,Chè bưởi năm roi,đồ ăn,"bưởi năm roi, thạch, nước cốt dừa","thạch (nhiều/ít/không), nước cốt dừa (nhiều/ít)","{""thạch"": [""nhiều"", ""ít"", ""không""], ""nước_cốt_dừa"": [""nhiều"", ""ít""]}","Chè bưởi năm roi giòn nhẹ, mát, thơm. Không phù hợp người tiểu đường.","{""type"":""đồ ăn"",""taste"":[""sweet"",""refreshing""],""ingredients"":[""bưởi năm roi"",""thạch"",""nước cốt dừa""],""options"":[""thạch (nhiều/ít/không)"",""nước cốt dừa (nhiều/ít)""],""suitable_for"":[""hot_weather""],""avoid_for"":[""diabetes"",""obesity""]}","{""good_for"":[""hot_weather""],""bad_for"":[""diabetes"",""obesity""]}","{""morning"":false,""noon"":true,""evening"":true,""midnight"":false,""hot_weather"":true,""cold_weather"":false,""rainy"":false,""sunny_strong"":true,""pre_work"":false,""post_work"":true,""post_workout"":false,""light_meal"":true,""want_hot_food"":false,""want_cold_food"":true,""in_a_hurry"":false,""on_the_go"":false,""with_friends"":true,""need_relax"":false,""portable"":false,""short_lunch_break"":false}",
345,Bánh tráng nướng bò khô,đồ ăn,"bánh tráng, bò khô, trứng","bò khô (nhiều/ít), trứng (nhiều/ít/không)","{""bò_khô"": [""nhiều"", ""ít""], ""trứng"": [""nhiều"", ""ít"", ""không""]}","Bánh tráng nướng bò khô giòn, cay nhẹ, đậm vị. Không phù hợp người đau dạ dày.","{""type"":""đồ ăn"",""taste"":[""savory"",""spicy"",""crispy""],""ingredients"":[""bánh tráng"",""bò khô"",""trứng""],""options"":[""bò khô (nhiều/ít)"",""trứng (nhiều/ít/không)""],""suitable_for"":[""snack"",""on_the_go""],""avoid_for"":[""weak_stomach""]}","{""good_for"":[""snack"",""on_the_go""],""bad_for"":[""weak_stomach""]}","{""morning"":false,""noon"":true,""evening"":true,""midnight"":true,""hot_weather"":false,""cold_weather"":true,""rainy"":false,""sunny_strong"":false,""pre_work"":false,""post_work"":true,""post_workout"":false,""light_meal"":false,""want_hot_food"":false,""want_cold_food"":true,""in_a_hurry"":true,""on_the_go"":true,""with_friends"":true,""need_relax"":false,""portable"":true,""short_lunch_break"":true}",
346,Nước ép rau diếp cá,thức uống,"rau diếp cá, mật ong, chanh","mật ong (nhiều/ít/không), chanh (nhiều/ít/không)","{""mật_ong"": [""nhiều"", ""ít"", ""không""], ""chanh"": [""nhiều"", ""ít"", ""không""]}","Nước ép rau diếp cá thanh mát, giải độc, tốt cho da. Không phù hợp người dạ dày yếu nếu nhiều chanh.","{""type"":""thức uống"",""taste"":[""fresh"",""herbal"",""slightly_sour""],""ingredients"":[""rau diếp cá"",""mật ong"",""chanh""],""options"":[""mật ong (nhiều/ít/không)"",""chanh (nhiều/ít/không)""],""suitable_for"":[""detox"",""skin_health""],""avoid_for"":[""weak_stomach""]}","{""good_for"":[""detox"",""skin_health""],""bad_for"":[""weak_stomach""]}","{""morning"":true,""noon"":true,""evening"":false,""midnight"":false,""hot_weather"":true,""cold_weather"":false,""rainy"":false,""sunny_strong"":true,""pre_work"":true,""post_work"":false,""post_workout"":true,""light_meal"":true,""want_hot_food"":false,""want_cold_food"":true,""in_a_hurry"":true,""on_the_go"":true,""with_friends"":false,""need_relax"":true,""portable"":true,""short_lunch_break"":true}",
347,Chè khoai môn đậu xanh,đồ ăn,"khoai môn, đậu xanh, nước cốt dừa","đậu xanh (nhiều/ít/không), nước cốt dừa (nhiều/ít)","{""đậu_xanh"": [""nhiều"", ""ít"", ""không""], ""nước_cốt_dừa"": [""nhiều"", ""ít""]}","Chè khoai môn đậu xanh bùi ngọt, dễ tiêu. Không phù hợp người tiểu đường.","{""type"":""đồ ăn"",""taste"":[""sweet"",""smooth""],""ingredients"":[""khoai môn"",""đậu xanh"",""nước cốt dừa""],""options"":[""đậu xanh (nhiều/ít/không)"",""nước cốt dừa (nhiều/ít)""],""suitable_for"":[""poor_digestive_system"",""light_meal""],""avoid_for"":[""diabetes"",""obesity""]}","{""good_for"":[""poor_digestive_system"",""light_meal""],""bad_for"":[""diabetes"",""obesity""]}","{""morning"":false,""noon"":true,""evening"":true,""midnight"":false,""hot_weather"":false,""cold_weather"":true,""rainy"":false,""sunny_strong"":false,""pre_work"":false,""post_work"":true,""post_workout"":false,""light_meal"":true,""want_hot_food"":true,""want_cold_food"":false,""in_a_hurry"":false,""on_the_go"":false,""with_friends"":false,""need_relax"":false,""portable"":false,""short_lunch_break"":false}",
348,Sinh tố cherry chuối,thức uống,"cherry, chuối, sữa chua, đá","cherry (nhiều/ít), chuối (nhiều/ít), sữa chua (nhiều/ít/không), đá (nhiều/ít/không)","{""cherry"": [""nhiều"", ""ít""], ""chuối"": [""nhiều"", ""ít""], ""sữa_chua"": [""nhiều"", ""ít"", ""không""], ""đá"": [""nhiều"", ""ít"", ""không""]}","Sinh tố cherry chuối chua nhẹ, giúp bổ sung vitamin và năng lượng. Không phù hợp người tiểu đường.","{""type"":""thức uống"",""taste"":[""sweet"",""tangy"",""creamy""],""ingredients"":[""cherry"",""chuối"",""sữa chua"",""đá""],""options"":[""cherry (nhiều/ít)"",""chuối (nhiều/ít)"",""sữa chua (nhiều/ít/không)"",""đá (nhiều/ít/không)""],""suitable_for"":[""vitamin_boost"",""high_energy""],""avoid_for"":[""diabetes""]}","{""good_for"":[""vitamin_boost"",""high_energy""],""bad_for"":[""diabetes""]}","{""morning"":true,""noon"":true,""evening"":true,""midnight"":false,""hot_weather"":true,""cold_weather"":false,""rainy"":false,""sunny_strong"":true,""pre_work"":true,""post_work"":true,""post_workout"":false,""light_meal"":true,""want_hot_food"":false,""want_cold_food"":true,""in_a_hurry"":false,""on_the_go"":false,""with_friends"":true,""need_relax"":false,""portable"":false,""short_lunch_break"":false}",
349,Trà hoa hồng mật ong,thức uống,"hoa hồng, mật ong, chanh","hoa hồng (nhiều/ít/không), mật ong (nhiều/ít/không), chanh (nhiều/ít/không)","{""hoa_hồng"": [""nhiều"", ""ít"", ""không""], ""mật_ong"": [""nhiều"", ""ít"", ""không""], ""chanh"": [""nhiều"", ""ít"", ""không""]}","Trà hoa hồng mật ong thơm nhẹ, tốt cho da và giảm stress. Không phù hợp người tiểu đường.","{""type"":""thức uống"",""taste"":[""floral"",""sweet"",""light""],""ingredients"":[""hoa hồng"",""mật ong"",""chanh""],""options"":[""hoa hồng (nhiều/ít/không)"",""mật ong (nhiều/ít/không)"",""chanh (nhiều/ít/không)""],""suitable_for"":[""skin_health"",""need_relax""],""avoid_for"":[""diabetes""]}","{""good_for"":[""skin_health"",""need_relax""],""bad_for"":[""diabetes""]}","{""morning"":true,""noon"":true,""evening"":true,""midnight"":false,""hot_weather"":false,""cold_weather"":false,""rainy"":false,""sunny_strong"":false,""pre_work"":false,""post_work"":true,""post_workout"":false,""light_meal"":true,""want_hot_food"":false,""want_cold_food"":true,""in_a_hurry"":true,""on_the_go"":true,""with_friends"":false,""need_relax"":true,""portable"":true,""short_lunch_break"":true}",
350,Bánh khọt nước cốt dừa,đồ ăn,"bột gạo, nước cốt dừa, tôm","nước cốt dừa (nhiều/ít), tôm (nhiều/ít/không), hành (nhiều/ít/không)","{""nước_cốt_dừa"": [""nhiều"", ""ít""], ""tôm"": [""nhiều"", ""ít"", ""không""], ""hành"": [""nhiều"", ""ít"", ""không""]}","Bánh khọt nước cốt dừa béo thơm, đậm vị. Không phù hợp người béo phì hoặc dị ứng hải sản.","{""type"":""đồ ăn"",""taste"":[""savory"",""fatty""],""ingredients"":[""bột gạo"",""nước cốt dừa"",""tôm""],""options"":[""nước cốt dừa (nhiều/ít)"",""tôm (nhiều/ít/không)"",""hành (nhiều/ít/không)""],""suitable_for"":[""high_energy""],""avoid_for"":[""obesity"",""seafood_allergy""]}","{""good_for"":[""high_energy""],""bad_for"":[""obesity"",""seafood_allergy""]}","{""morning"":false,""noon"":true,""evening"":true,""midnight"":false,""hot_weather"":false,""cold_weather"":true,""rainy"":true,""sunny_strong"":false,""pre_work"":false,""post_work"":true,""post_workout"":false,""light_meal"":false,""want_hot_food"":true,""want_cold_food"":false,""in_a_hurry"":false,""on_the_go"":false,""with_friends"":true,""need_relax"":false,""portable"":false,""short_lunch_break"":false}",
351,Chè đậu đen,đồ ăn,"Đậu đen, Nước cốt dừa, Đường","Nước cốt dừa (Nhiều/Ít/Không), Đường (Nhiều/Ít)","{""nước_cốt_dừa"": [""nhiều"", ""ít"", ""không""], ""đường"": [""nhiều"", ""ít""]}","Chè đậu đen là món ngọt mát, bổ máu nhưng nhiều đường và chất béo. Không phù hợp người tiểu đường hoặc béo phì.","{""type"":""đồ ăn"",""taste"":[""sweet"",""refreshing""],""ingredients"":[""đậu đen"",""nước cốt dừa"",""đường""],""options"":[""nước cốt dừa (Nhiều/Ít/Không)"",""đường (Nhiều/Ít)""],""suitable_for"":[""anemia""],""avoid_for"":[""diabetes"",""obesity""]}","{""good_for"":[""anemia""],""bad_for"":[""diabetes"",""obesity""]}","{""morning"":false,""noon"":true,""evening"":true,""midnight"":false,""hot_weather"":true,""cold_weather"":false,""rainy"":false,""sunny_strong"":true,""pre_work"":false,""post_work"":true,""post_workout"":false,""light_meal"":false,""want_hot_food"":false,""want_cold_food"":true,""in_a_hurry"":true,""on_the_go"":true,""with_friends"":true,""need_relax"":false,""portable"":true,""short_lunch_break"":true}",
352,Bánh tráng nướng mắm tôm,đồ ăn,"Bánh tráng, Mắm tôm, Trứng","Mắm tôm (Nhiều/Ít), Trứng (Nhiều/Ít/Không)","{""mắm_tôm"": [""nhiều"", ""ít""], ""trứng"": [""nhiều"", ""ít"", ""không""]}","Bánh tráng nướng mắm tôm đậm vị, mằn mặn và béo nhẹ. Không phù hợp người dạ dày yếu hoặc huyết áp cao.","{""type"":""đồ ăn"",""taste"":[""salty"",""savory""],""ingredients"":[""bánh tráng"",""mắm tôm"",""trứng""],""options"":[""mắm tôm (Nhiều/Ít)"",""trứng (Nhiều/Ít/Không)""],""suitable_for"":[""light_meal""],""avoid_for"":[""weak_stomach"",""gastritis"",""high_blood_pressure""]}","{""good_for"":[""light_meal""],""bad_for"":[""weak_stomach"",""gastritis"",""high_blood_pressure""]}","{""morning"":false,""noon"":true,""evening"":true,""midnight"":false,""hot_weather"":false,""cold_weather"":true,""rainy"":true,""sunny_strong"":false,""pre_work"":false,""post_work"":true,""post_workout"":false,""light_meal"":false,""want_hot_food"":true,""want_cold_food"":false,""in_a_hurry"":false,""on_the_go"":false,""with_friends"":true,""need_relax"":false,""portable"":true,""short_lunch_break"":false}",
353,Nước ép dưa leo bạc hà,thức uống,"Dưa leo, Bạc hà, Chanh, Đá","Bạc hà (Nhiều/Ít/Không), Chanh (Nhiều/Ít/Không), Đá (Nhiều/Ít/Không)","{""bạc_hà"": [""nhiều"", ""ít"", ""không""], ""chanh"": [""nhiều"", ""ít"", ""không""], ""đá"": [""nhiều"", ""ít"", ""không""]}","Nước ép dưa leo bạc hà là thức uống mát, nhẹ và giải nhiệt rất tốt. Phù hợp khi trời nóng.","{""type"":""thức uống"",""taste"":[""fresh"",""light"",""sour""],""ingredients"":[""dưa leo"",""bạc hà"",""chanh"",""đá""],""options"":[""bạc hà (Nhiều/Ít/Không)"",""chanh (Nhiều/Ít/Không)"",""đá (Nhiều/Ít/Không)""],""suitable_for"":[""hot_weather"",""need_relax""],""avoid_for"":[""gastritis"",""weak_stomach""]}","{""good_for"":[""hot_weather"",""need_relax""],""bad_for"":[""gastritis"",""weak_stomach""]}","{""morning"":true,""noon"":true,""evening"":true,""midnight"":false,""hot_weather"":true,""cold_weather"":false,""rainy"":false,""sunny_strong"":true,""pre_work"":true,""post_work"":false,""post_workout"":true,""light_meal"":true,""want_hot_food"":false,""want_cold_food"":true,""in_a_hurry"":true,""on_the_go"":true,""with_friends"":true,""need_relax"":true,""portable"":true,""short_lunch_break"":true}",
354,Bánh căn tôm sú,đồ ăn,"Bột gạo, Tôm sú, Hành phi",Hành phi (Nhiều/Ít/Không),"{""hành_phi"": [""nhiều"", ""ít"", ""không""]}","Bánh căn tôm sú thơm, béo nhẹ và giàu đạm. Không phù hợp người dị ứng hải sản.","{""type"":""đồ ăn"",""taste"":[""savory""],""ingredients"":[""bột gạo"",""tôm sú"",""hành phi""],""options"":[""hành phi (Nhiều/Ít/Không)""],""suitable_for"":[""high_protein""],""avoid_for"":[""seafood_allergy""]}","{""good_for"":[""high_protein""],""bad_for"":[""seafood_allergy""]}","{""morning"":true,""noon"":true,""evening"":false,""midnight"":false,""hot_weather"":false,""cold_weather"":true,""rainy"":true,""sunny_strong"":false,""pre_work"":true,""post_work"":false,""post_workout"":false,""light_meal"":true,""want_hot_food"":true,""want_cold_food"":false,""in_a_hurry"":false,""on_the_go"":false,""with_friends"":true,""need_relax"":false,""portable"":false,""short_lunch_break"":true}",
355,Chè hoa đậu biếc,đồ ăn,"Hoa đậu biếc, Thạch, Nước cốt dừa, đường","Thạch (Nhiều/Ít/Không), Nước cốt dừa (Nhiều/Ít), đường (Nhiều/Ít)","{""thạch"": [""nhiều"", ""ít"", ""không""], ""nước_cốt_dừa"": [""nhiều"", ""ít""], ""đường"": [""nhiều"", ""ít""]}","Chè hoa đậu biếc ngọt béo, thơm nhẹ, đẹp mắt. Không phù hợp người tiểu đường hoặc gan nhiễm mỡ.","{""type"":""đồ ăn"",""taste"":[""sweet"",""fatty""],""ingredients"":[""hoa đậu biếc"",""thạch"",""nước cốt dừa"",""đường""],""options"":[""thạch (Nhiều/Ít/Không)"",""nước cốt dừa (Nhiều/Ít)"",""đường (Nhiều/Ít)""],""suitable_for"":[""need_relax""],""avoid_for"":[""diabetes"",""obesity"",""fatty_liver""]}","{""good_for"":[""need_relax""],""bad_for"":[""diabetes"",""obesity"",""fatty_liver""]}","{""morning"":false,""noon"":true,""evening"":true,""midnight"":false,""hot_weather"":false,""cold_weather"":true,""rainy"":false,""sunny_strong"":false,""pre_work"":false,""post_work"":true,""post_workout"":false,""light_meal"":false,""want_hot_food"":false,""want_cold_food"":true,""in_a_hurry"":false,""on_the_go"":false,""with_friends"":true,""need_relax"":true,""portable"":false,""short_lunch_break"":false}",
356,Sinh tố bưởi hồng,thức uống,"Bưởi hồng, Sữa tươi, Mật ong, Đá","Sữa tươi (Nhiều/Ít/Không), Mật ong (Nhiều/Ít/Không), Đá (Nhiều/Ít/Không), đường (Nhiều/Ít)","{""sữa_tươi"": [""nhiều"", ""ít"", ""không""], ""mật_ong"": [""nhiều"", ""ít"", ""không""], ""đá"": [""nhiều"", ""ít"", ""không""], ""đường"": [""nhiều"", ""ít""]}","Sinh tố bưởi hồng chua ngọt, mát và giàu vitamin. Không phù hợp người đau dạ dày hoặc tiểu đường.","{""type"":""thức uống"",""taste"":[""sour"",""sweet"",""refreshing""],""ingredients"":[""bưởi hồng"",""sữa tươi"",""mật ong"",""đá""],""options"":[""sữa tươi (Nhiều/Ít/Không)"",""mật ong (Nhiều/Ít/Không)"",""đá (Nhiều/Ít/Không)"",""đường (Nhiều/Ít)""],""suitable_for"":[""hot_weather""],""avoid_for"":[""diabetes"",""gastritis"",""weak_stomach""]}","{""good_for"":[""hot_weather""],""bad_for"":[""diabetes"",""gastritis"",""weak_stomach""]}","{""morning"":false,""noon"":true,""evening"":true,""midnight"":false,""hot_weather"":true,""cold_weather"":false,""rainy"":false,""sunny_strong"":true,""pre_work"":false,""post_work"":true,""post_workout"":false,""light_meal"":false,""want_hot_food"":false,""want_cold_food"":true,""in_a_hurry"":false,""on_the_go"":false,""with_friends"":true,""need_relax"":false,""portable"":false,""short_lunch_break"":false}",
357,Trà đậu biếc chanh,thức uống,"Hoa đậu biếc, Chanh, Mật ong","Chanh (Nhiều/Ít/Không), Mật ong (Nhiều/Ít/Không)","{""chanh"": [""nhiều"", ""ít"", ""không""], ""mật_ong"": [""nhiều"", ""ít"", ""không""]}","Trà đậu biếc chanh thơm, thanh mát, đẹp da. Không phù hợp người tiểu đường nếu dùng nhiều mật ong.","{""type"":""thức uống"",""taste"":[""light"",""sour"",""sweet""],""ingredients"":[""hoa đậu biếc"",""chanh"",""mật ong""],""options"":[""chanh (Nhiều/Ít/Không)"",""mật ong (Nhiều/Ít/Không)""],""suitable_for"":[""need_relax"",""skin_health""],""avoid_for"":[""diabetes""]}","{""good_for"":[""need_relax"",""skin_health""],""bad_for"":[""diabetes""]}","{""morning"":true,""noon"":true,""evening"":true,""midnight"":false,""hot_weather"":true,""cold_weather"":false,""rainy"":false,""sunny_strong"":true,""pre_work"":false,""post_work"":true,""post_workout"":false,""light_meal"":true,""want_hot_food"":false,""want_cold_food"":true,""in_a_hurry"":true,""on_the_go"":true,""with_friends"":true,""need_relax"":true,""portable"":true,""short_lunch_break"":true}",
358,Chè khoai dẻo bạc hà,đồ ăn,"Khoai dẻo, Bạc hà, Nước cốt dừa","Bạc hà (Nhiều/Ít/Không), Nước cốt dừa (Nhiều/Ít/Không)","{""bạc_hà"": [""nhiều"", ""ít"", ""không""], ""nước_cốt_dừa"": [""nhiều"", ""ít"", ""không""]}","Chè khoai dẻo bạc hà ngọt béo, mát nhẹ và thơm bạc hà. Không phù hợp người tiểu đường hoặc béo phì.","{""type"":""đồ ăn"",""taste"":[""sweet"",""fatty"",""fresh""],""ingredients"":[""khoai dẻo"",""bạc hà"",""nước cốt dừa""],""options"":[""bạc hà (Nhiều/Ít/Không)"",""nước cốt dừa (Nhiều/Ít/Không)""],""suitable_for"":[""need_relax""],""avoid_for"":[""diabetes"",""obesity"",""fatty_liver""]}","{""good_for"":[""need_relax""],""bad_for"":[""diabetes"",""obesity"",""fatty_liver""]}","{""morning"":false,""noon"":true,""evening"":true,""midnight"":false,""hot_weather"":false,""cold_weather"":true,""rainy"":false,""sunny_strong"":false,""pre_work"":false,""post_work"":true,""post_workout"":false,""light_meal"":false,""want_hot_food"":false,""want_cold_food"":true,""in_a_hurry"":false,""on_the_go"":false,""with_friends"":true,""need_relax"":true,""portable"":false,""short_lunch_break"":false}",
359,Bánh tráng cuốn tôm nướng,đồ ăn,"Bánh tráng, Tôm nướng, Rau","Tôm nướng (Nhiều/Ít), Rau (Nhiều/Ít/Không)","{""tôm_nướng"": [""nhiều"", ""ít""], ""rau"": [""nhiều"", ""ít"", ""không""]}","Bánh tráng cuốn tôm nướng thanh nhẹ, ít dầu mỡ và giàu đạm. Không phù hợp người dị ứng hải sản.","{""type"":""đồ ăn"",""taste"":[""fresh"",""savory""],""ingredients"":[""bánh tráng"",""tôm nướng"",""rau""],""options"":[""tôm nướng (Nhiều/Ít)"",""rau (Nhiều/Ít/Không)""],""suitable_for"":[""light_meal"",""high_protein""],""avoid_for"":[""seafood_allergy""]}","{""good_for"":[""light_meal"",""high_protein""],""bad_for"":[""seafood_allergy""]}","{""morning"":false,""noon"":true,""evening"":true,""midnight"":false,""hot_weather"":true,""cold_weather"":false,""rainy"":false,""sunny_strong"":true,""pre_work"":false,""post_work"":true,""post_workout"":false,""light_meal"":true,""want_hot_food"":false,""want_cold_food"":true,""in_a_hurry"":false,""on_the_go"":false,""with_friends"":true,""need_relax"":false,""portable"":true,""short_lunch_break"":false}",
360,Bánh căn tôm nướng,đồ ăn,"Bột gạo, Tôm nướng, Hành lá",Hành lá (Nhiều/Ít/Không),"{""hành_lá"": [""nhiều"", ""ít"", ""không""]}","Bánh căn tôm nướng đậm vị, ít dầu và dễ tiêu. Không phù hợp người dị ứng hải sản.","{""type"":""đồ ăn"",""taste"":[""savory"",""light""],""ingredients"":[""bột gạo"",""tôm nướng"",""hành lá""],""options"":[""hành lá (Nhiều/Ít/Không)""],""suitable_for"":[""light_meal""],""avoid_for"":[""seafood_allergy""]}","{""good_for"":[""light_meal""],""bad_for"":[""seafood_allergy""]}","{""morning"":true,""noon"":true,""evening"":false,""midnight"":false,""hot_weather"":false,""cold_weather"":true,""rainy"":true,""sunny_strong"":false,""pre_work"":true,""post_work"":false,""post_workout"":false,""light_meal"":true,""want_hot_food"":true,""want_cold_food"":false,""in_a_hurry"":false,""on_the_go"":false,""with_friends"":true,""need_relax"":false,""portable"":false,""short_lunch_break"":true}",
361,Chè đậu ván hạt sen,đồ ăn,"Đậu ván, Hạt sen, Nước cốt dừa, đường","Hạt sen (Nhiều/Ít), đậu ván (Nhiều/Ít), Nước cốt dừa (Nhiều/Ít), đường (Nhiều/Ít)","{""hạt_sen"": [""nhiều"", ""ít""], ""đậu_ván"": [""nhiều"", ""ít""], ""nước_cốt_dừa"": [""nhiều"", ""ít""], ""đường"": [""nhiều"", ""ít""]}","Chè đậu ván hạt sen ngọt thanh, béo nhẹ, giúp an thần. Không phù hợp người tiểu đường hoặc béo phì.","{""type"":""đồ ăn"",""taste"":[""sweet"",""light""],""ingredients"":[""đậu ván"",""hạt sen"",""nước cốt dừa"",""đường""],""options"":[""hạt sen (Nhiều/Ít)"",""đậu ván (Nhiều/Ít)"",""nước cốt dừa (Nhiều/Ít)"",""đường (Nhiều/Ít)""],""suitable_for"":[""need_relax"",""insomnia""],""avoid_for"":[""diabetes"",""obesity""]}","{""good_for"":[""need_relax"",""insomnia""],""bad_for"":[""diabetes"",""obesity""]}","{""morning"":false,""noon"":true,""evening"":true,""midnight"":false,""hot_weather"":false,""cold_weather"":true,""rainy"":false,""sunny_strong"":false,""pre_work"":false,""post_work"":true,""post_workout"":false,""light_meal"":false,""want_hot_food"":false,""want_cold_food"":true,""in_a_hurry"":false,""on_the_go"":false,""with_friends"":true,""need_relax"":true,""portable"":false,""short_lunch_break"":false}",
362,Trà lá sen tươi,thức uống,"Lá sen tươi, Trà xanh, Mật ong, Đường","Mật ong (Nhiều/Ít/Không), Đường (Nhiều/Ít/Không)","{""mật_ong"": [""nhiều"", ""ít"", ""không""], ""đường"": [""nhiều"", ""ít"", ""không""]}","Trà lá sen thanh mát, hỗ trợ giảm mỡ máu và thư giãn. Không phù hợp người tiểu đường nếu dùng nhiều mật ong.","{""type"":""thức uống"",""taste"":[""light"",""herbal"",""sweet""],""ingredients"":[""lá sen tươi"",""trà xanh"",""mật ong"",""đường""],""options"":[""mật ong (Nhiều/Ít/Không)"",""đường (Nhiều/Ít/Không)""],""suitable_for"":[""need_relax"",""high_cholesterol""],""avoid_for"":[""diabetes""]}","{""good_for"":[""need_relax"",""high_cholesterol""],""bad_for"":[""diabetes""]}","{""morning"":true,""noon"":true,""evening"":true,""midnight"":false,""hot_weather"":false,""cold_weather"":true,""rainy"":true,""sunny_strong"":false,""pre_work"":true,""post_work"":false,""post_workout"":false,""light_meal"":true,""want_hot_food"":true,""want_cold_food"":false,""in_a_hurry"":true,""on_the_go"":true,""with_friends"":true,""need_relax"":true,""portable"":true,""short_lunch_break"":true}",
363,Chè bí đỏ đậu xanh,đồ ăn,"Bí đỏ, Đậu xanh, Nước cốt dừa","Đậu xanh (Nhiều/Ít), Nước cốt dừa (Nhiều/Ít)","{""đậu_xanh"": [""nhiều"", ""ít""], ""nước_cốt_dừa"": [""nhiều"", ""ít""]}","Chè bí đỏ đậu xanh béo nhẹ, tốt cho tiêu hóa. Không phù hợp người tiểu đường hoặc gan nhiễm mỡ.","{""type"":""đồ ăn"",""taste"":[""sweet"",""creamy""],""ingredients"":[""bí đỏ"",""đậu xanh"",""nước cốt dừa""],""options"":[""đậu xanh (Nhiều/Ít)"",""nước cốt dừa (Nhiều/Ít)""],""suitable_for"":[""poor_digestive_system""],""avoid_for"":[""diabetes"",""fatty_liver""]}","{""good_for"":[""poor_digestive_system""],""bad_for"":[""diabetes"",""fatty_liver""]}","{""morning"":false,""noon"":true,""evening"":true,""midnight"":false,""hot_weather"":false,""cold_weather"":true,""rainy"":false,""sunny_strong"":false,""pre_work"":false,""post_work"":true,""post_workout"":false,""light_meal"":false,""want_hot_food"":true,""want_cold_food"":false,""in_a_hurry"":false,""on_the_go"":false,""with_friends"":true,""need_relax"":false,""portable"":false,""short_lunch_break"":false}",
364,Bánh tráng nướng tỏi ớt,đồ ăn,"Bánh tráng, Tỏi, Ớt, Muối","Tỏi (Nhiều/Ít), Ớt (Nhiều/Ít/Không), Muối (Nhiều/Ít/Không)","{""tỏi"": [""nhiều"", ""ít""], ""ớt"": [""nhiều"", ""ít"", ""không""], ""muối"": [""nhiều"", ""ít"", ""không""]}","Bánh tráng nướng tỏi ớt giòn, cay và đậm vị. Không phù hợp người đau dạ dày hoặc cao huyết áp.","{""type"":""đồ ăn"",""taste"":[""spicy"",""salty""],""ingredients"":[""bánh tráng"",""tỏi"",""ớt"",""muối""],""options"":[""tỏi (Nhiều/Ít)"",""ớt (Nhiều/Ít/Không)"",""muối (Nhiều/Ít/Không)""],""suitable_for"":[""snack_time""],""avoid_for"":[""gastritis"",""high_blood_pressure"",""weak_stomach""]}","{""good_for"":[""snack_time""],""bad_for"":[""gastritis"",""high_blood_pressure"",""weak_stomach""]}","{""morning"":false,""noon"":true,""evening"":true,""midnight"":true,""hot_weather"":false,""cold_weather"":true,""rainy"":true,""sunny_strong"":false,""pre_work"":false,""post_work"":true,""post_workout"":false,""light_meal"":false,""want_hot_food"":true,""want_cold_food"":false,""in_a_hurry"":true,""on_the_go"":true,""with_friends"":true,""need_relax"":false,""portable"":true,""short_lunch_break"":true}",
365,Nước ép ổi lê,thức uống,"Ổi, Lê, Muối, Ớt","Muối (Nhiều/Ít/Không), Ớt (Nhiều/Ít/Không)","{""muối"": [""nhiều"", ""ít"", ""không""], ""ớt"": [""nhiều"", ""ít"", ""không""]}","Nước ép ổi lê chua nhẹ, thanh mát, giàu vitamin. Không phù hợp người đau dạ dày.","{""type"":""thức uống"",""taste"":[""sour"",""fresh"",""light""],""ingredients"":[""ổi"",""lê"",""muối"",""ớt""],""options"":[""muối (Nhiều/Ít/Không)"",""ớt (Nhiều/Ít/Không)""],""suitable_for"":[""vitamin_boost"",""hot_weather""],""avoid_for"":[""gastritis"",""weak_stomach""]}","{""good_for"":[""vitamin_boost"",""hot_weather""],""bad_for"":[""gastritis"",""weak_stomach""]}","{""morning"":false,""noon"":true,""evening"":true,""midnight"":false,""hot_weather"":true,""cold_weather"":false,""rainy"":false,""sunny_strong"":true,""pre_work"":false,""post_work"":true,""post_workout"":true,""light_meal"":true,""want_hot_food"":false,""want_cold_food"":true,""in_a_hurry"":true,""on_the_go"":true,""with_friends"":true,""need_relax"":false,""portable"":true,""short_lunch_break"":true}",
366,Bánh căn hến,đồ ăn,"Bột gạo, Hến, Hành phi","Hến (Nhiều/Ít), Hành phi (Nhiều/Ít/Không)","{""hến"": [""nhiều"", ""ít""], ""hành_phi"": [""nhiều"", ""ít"", ""không""]}","Bánh căn hến thanh nhẹ, ít dầu, giàu đạm. Không phù hợp người dị ứng hải sản.","{""type"":""đồ ăn"",""taste"":[""savory"",""light""],""ingredients"":[""bột gạo"",""hến"",""hành phi""],""options"":[""hến (Nhiều/Ít)"",""hành phi (Nhiều/Ít/Không)""],""suitable_for"":[""light_meal"",""high_protein""],""avoid_for"":[""seafood_allergy""]}","{""good_for"":[""light_meal"",""high_protein""],""bad_for"":[""seafood_allergy""]}","{""morning"":true,""noon"":true,""evening"":false,""midnight"":false,""hot_weather"":false,""cold_weather"":true,""rainy"":true,""sunny_strong"":false,""pre_work"":true,""post_work"":false,""post_workout"":false,""light_meal"":true,""want_hot_food"":true,""want_cold_food"":false,""in_a_hurry"":false,""on_the_go"":false,""with_friends"":true,""need_relax"":false,""portable"":false,""short_lunch_break"":true}",
367,Chè thạch rau câu,đồ ăn,"Thạch rau câu, Nước cốt dừa, Siro","Đường (Nhiều/Ít), Nước cốt dừa (Nhiều/Ít), Siro (Nhiều/Ít)","{""đường"": [""nhiều"", ""ít""], ""nước_cốt_dừa"": [""nhiều"", ""ít""], ""siro"": [""nhiều"", ""ít""]}","Chè thạch rau câu ngọt mát, dễ ăn. Không phù hợp người tiểu đường.","{""type"":""đồ ăn"",""taste"":[""sweet"",""refreshing""],""ingredients"":[""thạch rau câu"",""nước cốt dừa"",""siro""],""options"":[""đường (Nhiều/Ít)"",""nước cốt dừa (Nhiều/Ít)"",""siro (Nhiều/Ít)""],""suitable_for"":[""light_dessert""],""avoid_for"":[""diabetes"",""obesity""]}","{""good_for"":[""light_dessert""],""bad_for"":[""diabetes"",""obesity""]}","{""morning"":false,""noon"":true,""evening"":true,""midnight"":false,""hot_weather"":true,""cold_weather"":false,""rainy"":false,""sunny_strong"":true,""pre_work"":false,""post_work"":true,""post_workout"":false,""light_meal"":false,""want_hot_food"":false,""want_cold_food"":true,""in_a_hurry"":false,""on_the_go"":false,""with_friends"":true,""need_relax"":false,""portable"":true,""short_lunch_break"":false}",
368,Sinh tố dừa xiêm,thức uống,"Dừa xiêm, Sữa tươi, Đường","Sữa tươi (Nhiều/Ít/Không), Đường (Nhiều/Ít)","{""sữa_tươi"": [""nhiều"", ""ít"", ""không""], ""đường"": [""nhiều"", ""ít""]}","Sinh tố dừa xiêm béo nhẹ, mát, bổ dưỡng. Không phù hợp người tiểu đường hoặc gan nhiễm mỡ.","{""type"":""thức uống"",""taste"":[""sweet"",""creamy"",""fresh""],""ingredients"":[""dừa xiêm"",""sữa tươi"",""đường""],""options"":[""sữa tươi (Nhiều/Ít/Không)"",""đường (Nhiều/Ít)""],""suitable_for"":[""need_energy""],""avoid_for"":[""diabetes"",""fatty_liver"",""obesity""]}","{""good_for"":[""need_energy""],""bad_for"":[""diabetes"",""fatty_liver"",""obesity""]}","{""morning"":true,""noon"":true,""evening"":true,""midnight"":false,""hot_weather"":true,""cold_weather"":false,""rainy"":false,""sunny_strong"":true,""pre_work"":false,""post_work"":true,""post_workout"":false,""light_meal"":false,""want_hot_food"":false,""want_cold_food"":true,""in_a_hurry"":false,""on_the_go"":true,""with_friends"":true,""need_relax"":false,""portable"":true,""short_lunch_break"":false}",
369,Trà hoa cúc mật ong chanh,thức uống,"Hoa cúc, Mật ong, Chanh, Đá","Mật ong (Nhiều/Ít), Chanh (Nhiều/Ít/Không), Đá (Nhiều/Ít/Không)","{""mật_ong"": [""nhiều"", ""ít""], ""chanh"": [""nhiều"", ""ít"", ""không""], ""đá"": [""nhiều"", ""ít"", ""không""]}","Trà hoa cúc mật ong chanh thanh nhẹ, giúp thư giãn và giải cảm nhẹ. Không phù hợp người tiểu đường nếu dùng nhiều mật ong.","{""type"":""thức uống"",""taste"":[""light"",""sour"",""sweet""],""ingredients"":[""hoa cúc"",""mật ong"",""chanh"",""đá""],""options"":[""mật ong (Nhiều/Ít)"",""chanh (Nhiều/Ít/Không)"",""đá (Nhiều/Ít/Không)""],""suitable_for"":[""need_relax"",""mild_cold""],""avoid_for"":[""diabetes""]}","{""good_for"":[""need_relax"",""mild_cold""],""bad_for"":[""diabetes""]}","{""morning"":true,""noon"":true,""evening"":true,""midnight"":false,""hot_weather"":false,""cold_weather"":true,""rainy"":true,""sunny_strong"":false,""pre_work"":false,""post_work"":true,""post_workout"":false,""light_meal"":true,""want_hot_food"":true,""want_cold_food"":false,""in_a_hurry"":true,""on_the_go"":true,""with_friends"":true,""need_relax"":true,""portable"":true,""short_lunch_break"":true}",
370,Bánh khúc tôm đất,đồ ăn,"Bột gạo, Lá khúc, Tôm đất","Lá khúc (Nhiều/Ít/Không), Tôm đất (Nhiều/Ít)","{""lá_khúc"": [""nhiều"", ""ít"", ""không""], ""tôm_đất"": [""nhiều"", ""ít""]}","Bánh khúc tôm đất thơm đặc trưng, béo nhẹ và giàu đạm. Không phù hợp người dị ứng hải sản.","{""type"":""đồ ăn"",""taste"":[""savory"",""herbal""],""ingredients"":[""bột gạo"",""lá khúc"",""tôm đất""],""options"":[""lá khúc (Nhiều/Ít/Không)"",""tôm đất (Nhiều/Ít)""],""suitable_for"":[""high_protein""],""avoid_for"":[""seafood_allergy""]}","{""good_for"":[""high_protein""],""bad_for"":[""seafood_allergy""]}","{""morning"":true,""noon"":true,""evening"":false,""midnight"":false,""hot_weather"":false,""cold_weather"":true,""rainy"":true,""sunny_strong"":false,""pre_work"":true,""post_work"":false,""post_workout"":false,""light_meal"":true,""want_hot_food"":true,""want_cold_food"":false,""in_a_hurry"":false,""on_the_go"":false,""with_friends"":true,""need_relax"":false,""portable"":false,""short_lunch_break"":false}",
371,Chè khoai môn hạt sen,đồ ăn,"khoai môn, hạt sen, nước cốt dừa","khoai môn (nhiều/ít), hạt sen (có/không), nước cốt dừa (nhiều/ít), đường (nhiều/ít)","{""khoai_môn"": [""nhiều"", ""ít""], ""hạt_sen"": [""có"", ""không""], ""nước_cốt_dừa"": [""nhiều"", ""ít""], ""đường"": [""nhiều"", ""ít""]}","Chè khoai môn hạt sen béo nhẹ, bùi, giúp an thần. Không phù hợp người tiểu đường hoặc gan nhiễm mỡ.","{""type"":""đồ ăn"",""taste"":[""sweet"",""creamy""],""ingredients"":[""khoai môn"",""hạt sen"",""nước cốt dừa""],""options"":[""khoai môn (nhiều/ít)"",""hạt sen (có/không)"",""nước cốt dừa (nhiều/ít)"",""đường (nhiều/ít)""],""suitable_for"":[""need_relax"",""insomnia""],""avoid_for"":[""diabetes"",""fatty_liver"",""obesity""]}","{""good_for"":[""need_relax"",""insomnia""],""bad_for"":[""diabetes"",""fatty_liver"",""obesity""]}","{""morning"":false,""noon"":true,""evening"":true,""midnight"":false,""hot_weather"":false,""cold_weather"":true,""rainy"":false,""sunny_strong"":false,""pre_work"":false,""post_work"":true,""post_workout"":false,""light_meal"":false,""want_hot_food"":true,""want_cold_food"":false,""in_a_hurry"":false,""on_the_go"":false,""with_friends"":true,""need_relax"":true,""portable"":false,""short_lunch_break"":false}",
372,Bánh tráng nướng chấm mắm ruốc,đồ ăn,"Bánh tráng, Mắm ruốc, Trứng","Mắm ruốc (Nhiều/Ít), Trứng (Nhiều/Ít/Không)","{""mắm_ruốc"": [""nhiều"", ""ít""], ""trứng"": [""nhiều"", ""ít"", ""không""]}","Bánh tráng nướng chấm mắm ruốc đậm vị, mặn và thơm mạnh. Không phù hợp người dạ dày yếu hoặc cao huyết áp.","{""type"":""đồ ăn"",""taste"":[""salty"",""savory""],""ingredients"":[""bánh tráng"",""mắm ruốc"",""trứng""],""options"":[""mắm ruốc (Nhiều/Ít)"",""trứng (Nhiều/Ít/Không)""],""suitable_for"":[""snack_time""],""avoid_for"":[""gastritis"",""weak_stomach"",""high_blood_pressure""]}","{""good_for"":[""snack_time""],""bad_for"":[""gastritis"",""weak_stomach"",""high_blood_pressure""]}","{""morning"":false,""noon"":true,""evening"":true,""midnight"":true,""hot_weather"":false,""cold_weather"":true,""rainy"":true,""sunny_strong"":false,""pre_work"":false,""post_work"":true,""post_workout"":false,""light_meal"":false,""want_hot_food"":true,""want_cold_food"":false,""in_a_hurry"":true,""on_the_go"":true,""with_friends"":true,""need_relax"":false,""portable"":true,""short_lunch_break"":true}",
373,Nước ép cà rốt táo,thức uống,"Cà rốt, Táo, Mật ong, Đá, đường","Mật ong (Nhiều/Ít/Không), Đá (Nhiều/Ít/Không), đường (nhiều/ít)","{""mật_ong"": [""nhiều"", ""ít"", ""không""], ""đá"": [""nhiều"", ""ít"", ""không""], ""đường"": [""nhiều"", ""ít""]}","Nước ép cà rốt táo giàu vitamin, ngọt nhẹ và tốt cho mắt. Không phù hợp người tiểu đường nếu dùng nhiều mật ong hoặc đường.","{""type"":""thức uống"",""taste"":[""sweet"",""fresh"",""light""],""ingredients"":[""cà rốt"",""táo"",""mật ong"",""đá"",""đường""],""options"":[""mật ong (Nhiều/Ít/Không)"",""đá (Nhiều/Ít/Không)"",""đường (nhiều/ít)""],""suitable_for"":[""vitamin_boost""],""avoid_for"":[""diabetes""]}","{""good_for"":[""vitamin_boost""],""bad_for"":[""diabetes""]}","{""morning"":true,""noon"":true,""evening"":true,""midnight"":false,""hot_weather"":true,""cold_weather"":false,""rainy"":false,""sunny_strong"":true,""pre_work"":true,""post_work"":false,""post_workout"":true,""light_meal"":true,""want_hot_food"":false,""want_cold_food"":true,""in_a_hurry"":true,""on_the_go"":true,""with_friends"":true,""need_relax"":false,""portable"":true,""short_lunch_break"":true}",
374,Bánh căn trứng vịt,đồ ăn,"Bột gạo, Trứng vịt, Tôm khô","Trứng vịt (Nhiều/Ít/Không), Tôm khô (Nhiều/Ít)","{""trứng_vịt"": [""nhiều"", ""ít"", ""không""], ""tôm_khô"": [""nhiều"", ""ít""]}","Bánh căn trứng vịt đậm vị, béo nhẹ và giàu năng lượng. Không phù hợp người cholesterol cao.","{""type"":""đồ ăn"",""taste"":[""savory"",""fatty""],""ingredients"":[""bột gạo"",""trứng vịt"",""tôm khô""],""options"":[""trứng vịt (Nhiều/Ít/Không)"",""tôm khô (Nhiều/Ít)""],""suitable_for"":[""high_energy""],""avoid_for"":[""high_cholesterol"",""heart_disease""]}","{""good_for"":[""high_energy""],""bad_for"":[""high_cholesterol"",""heart_disease""]}","{""morning"":true,""noon"":true,""evening"":false,""midnight"":false,""hot_weather"":false,""cold_weather"":true,""rainy"":true,""sunny_strong"":false,""pre_work"":true,""post_work"":false,""post_workout"":false,""light_meal"":false,""want_hot_food"":true,""want_cold_food"":false,""in_a_hurry"":false,""on_the_go"":false,""with_friends"":true,""need_relax"":false,""portable"":false,""short_lunch_break"":true}",
375,Chè đậu trắng hạt sen,đồ ăn,"Đậu trắng, Hạt sen, Nước cốt dừa","Hạt sen (Nhiều/Ít), đậu trắng (Nhiều/Ít), Nước cốt dừa (Nhiều/Ít)","{""hạt_sen"": [""nhiều"", ""ít""], ""đậu_trắng"": [""nhiều"", ""ít""], ""nước_cốt_dừa"": [""nhiều"", ""ít""]}","Chè đậu trắng hạt sen thanh nhẹ, thơm và giúp an thần. Không phù hợp người tiểu đường.","{""type"":""đồ ăn"",""taste"":[""sweet"",""light""],""ingredients"":[""đậu trắng"",""hạt sen"",""nước cốt dừa""],""options"":[""hạt sen (Nhiều/Ít)"",""đậu trắng (Nhiều/Ít)"",""nước cốt dừa (Nhiều/Ít)""],""suitable_for"":[""insomnia"",""need_relax""],""avoid_for"":[""diabetes"",""obesity""]}","{""good_for"":[""insomnia"",""need_relax""],""bad_for"":[""diabetes"",""obesity""]}","{""morning"":false,""noon"":true,""evening"":true,""midnight"":false,""hot_weather"":false,""cold_weather"":true,""rainy"":false,""sunny_strong"":false,""pre_work"":false,""post_work"":true,""post_workout"":false,""light_meal"":false,""want_hot_food"":false,""want_cold_food"":true,""in_a_hurry"":false,""on_the_go"":false,""with_friends"":true,""need_relax"":true,""portable"":false,""short_lunch_break"":false}",
376,Sinh tố thanh long ruột đỏ,thức uống,"Thanh long ruột đỏ, Sữa chua, Đường","Sữa chua (Nhiều/Ít/Không), Đường (Nhiều/Ít)","{""sữa_chua"": [""nhiều"", ""ít"", ""không""], ""đường"": [""nhiều"", ""ít""]}","Sinh tố thanh long ruột đỏ mát, chua nhẹ, giàu chất xơ. Không phù hợp người đau dạ dày hoặc tiểu đường.","{""type"":""thức uống"",""taste"":[""fresh"",""sweet"",""sour""],""ingredients"":[""thanh long ruột đỏ"",""sữa chua"",""đường""],""options"":[""sữa chua (Nhiều/Ít/Không)"",""đường (Nhiều/Ít)""],""suitable_for"":[""hot_weather"",""vitamin_boost""],""avoid_for"":[""diabetes"",""gastritis"",""weak_stomach""]}","{""good_for"":[""hot_weather"",""vitamin_boost""],""bad_for"":[""diabetes"",""gastritis"",""weak_stomach""]}","{""morning"":false,""noon"":true,""evening"":true,""midnight"":false,""hot_weather"":true,""cold_weather"":false,""rainy"":false,""sunny_strong"":true,""pre_work"":false,""post_work"":true,""post_workout"":true,""light_meal"":false,""want_hot_food"":false,""want_cold_food"":true,""in_a_hurry"":false,""on_the_go"":false,""with_friends"":true,""need_relax"":false,""portable"":false,""short_lunch_break"":false}",
377,Trà atiso đường phèn,đồ ăn,"Atiso, Đường phèn, Đá","Đường phèn (Nhiều/Ít), Đá (Nhiều/Ít/Không)","{""đường_phèn"": [""nhiều"", ""ít""], ""đá"": [""nhiều"", ""ít"", ""không""]}","Trà atiso đường phèn thanh mát, hỗ trợ gan và giải nhiệt. Không phù hợp người tiểu đường.","{""type"":""đồ ăn"",""taste"":[""light"",""sweet""],""ingredients"":[""atiso"",""đường phèn"",""đá""],""options"":[""đường phèn (Nhiều/Ít)"",""đá (Nhiều/Ít/Không)""],""suitable_for"":[""liver_support"",""need_relax""],""avoid_for"":[""diabetes""]}","{""good_for"":[""liver_support"",""need_relax""],""bad_for"":[""diabetes""]}","{""morning"":true,""noon"":true,""evening"":true,""midnight"":false,""hot_weather"":true,""cold_weather"":false,""rainy"":false,""sunny_strong"":true,""pre_work"":false,""post_work"":true,""post_workout"":false,""light_meal"":true,""want_hot_food"":false,""want_cold_food"":true,""in_a_hurry"":true,""on_the_go"":true,""with_friends"":true,""need_relax"":true,""portable"":true,""short_lunch_break"":true}",
378,Bánh khọt cua đồng,đồ ăn,"Bột gạo, Cua đồng, Nước cốt dừa","thịt Cua đồng (Nhiều/Ít), Nước chấm (cay/Không cay), Hành (Nhiều/Ít/Không)","{""thịt_cua_đồng"": [""nhiều"", ""ít""], ""nước_chấm"": [""cay"", ""không cay""], ""hành"": [""nhiều"", ""ít"", ""không""]}","Bánh khọt cua đồng thơm béo, đậm vị và giàu đạm. Không phù hợp người dị ứng hải sản hoặc gan nhiễm mỡ.","{""type"":""đồ ăn"",""taste"":[""savory"",""fatty""],""ingredients"":[""bột gạo"",""cua đồng"",""nước cốt dừa""],""options"":[""thịt Cua đồng (Nhiều/Ít)"",""nước chấm (cay/Không cay)"",""hành (Nhiều/Ít/Không)""],""suitable_for"":[""high_protein""],""avoid_for"":[""seafood_allergy"",""fatty_liver""]}","{""good_for"":[""high_protein""],""bad_for"":[""seafood_allergy"",""fatty_liver""]}","{""morning"":false,""noon"":true,""evening"":true,""midnight"":false,""hot_weather"":false,""cold_weather"":true,""rainy"":true,""sunny_strong"":false,""pre_work"":false,""post_work"":true,""post_workout"":false,""light_meal"":false,""want_hot_food"":true,""want_cold_food"":false,""in_a_hurry"":false,""on_the_go"":false,""with_friends"":true,""need_relax"":false,""portable"":false,""short_lunch_break"":false}",
379,Chè bí đỏ hạt chia,đồ ăn,"Bí đỏ, Hạt chia, Nước cốt dừa","Hạt chia (Nhiều/Ít), Nước cốt dừa (Nhiều/Ít/Không)","{""hạt_chia"": [""nhiều"", ""ít""], ""nước_cốt_dừa"": [""nhiều"", ""ít"", ""không""]}","Chè bí đỏ hạt chia thanh nhẹ, tốt cho tiêu hóa. Không phù hợp người tiểu đường hoặc gan nhiễm mỡ.","{""type"":""đồ ăn"",""taste"":[""sweet"",""light""],""ingredients"":[""bí đỏ"",""hạt chia"",""nước cốt dừa""],""options"":[""hạt chia (Nhiều/Ít)"",""nước cốt dừa (Nhiều/Ít/Không)""],""suitable_for"":[""poor_digestive_system""],""avoid_for"":[""diabetes"",""fatty_liver"",""obesity""]}","{""good_for"":[""poor_digestive_system""],""bad_for"":[""diabetes"",""fatty_liver"",""obesity""]}","{""morning"":false,""noon"":true,""evening"":true,""midnight"":false,""hot_weather"":false,""cold_weather"":true,""rainy"":false,""sunny_strong"":false,""pre_work"":false,""post_work"":true,""post_workout"":false,""light_meal"":true,""want_hot_food"":false,""want_cold_food"":true,""in_a_hurry"":false,""on_the_go"":false,""with_friends"":true,""need_relax"":false,""portable"":true,""short_lunch_break"":false}",
380,Bánh tráng cuốn cá nướng,đồ ăn,"Bánh tráng, Cá nướng, Rau thơm","Cá nướng (Nhiều/Ít), Rau thơm (Nhiều/Ít/Không)","{""cá_nướng"": [""nhiều"", ""ít""], ""rau_thơm"": [""nhiều"", ""ít"", ""không""]}","Bánh tráng cuốn cá nướng thanh nhẹ, giàu đạm và ít dầu mỡ. Không phù hợp người dị ứng hải sản.","{""type"":""đồ ăn"",""taste"":[""fresh"",""savory""],""ingredients"":[""bánh tráng"",""cá nướng"",""rau thơm""],""options"":[""cá nướng (Nhiều/Ít)"",""rau thơm (Nhiều/Ít/Không)""],""suitable_for"":[""light_meal"",""high_protein""],""avoid_for"":[""seafood_allergy""]}","{""good_for"":[""light_meal"",""high_protein""],""bad_for"":[""seafood_allergy""]}","{""morning"":false,""noon"":true,""evening"":true,""midnight"":false,""hot_weather"":true,""cold_weather"":false,""rainy"":false,""sunny_strong"":true,""pre_work"":false,""post_work"":true,""post_workout"":false,""light_meal"":true,""want_hot_food"":false,""want_cold_food"":true,""in_a_hurry"":false,""on_the_go"":false,""with_friends"":true,""need_relax"":false,""portable"":true,""short_lunch_break"":false}",
381,Nước ép bắp cải tím,thức uống,"Bắp cải tím, Táo, Chanh, Mật ong","Chanh (Nhiều/Ít/Không), Mật ong (Nhiều/Ít/Không)","{""chanh"": [""nhiều"", ""ít"", ""không""], ""mật_ong"": [""nhiều"", ""ít"", ""không""]}","Nước ép bắp cải tím giàu chất chống oxy hóa, thanh nhẹ và tốt cho tiêu hóa. Không phù hợp người đau dạ dày nếu thêm nhiều chanh.","{""type"":""thức uống"",""taste"":[""fresh"",""sour"",""sweet""],""ingredients"":[""bắp cải tím"",""táo"",""chanh"",""mật ong""],""options"":[""chanh (Nhiều/Ít/Không)"",""mật ong (Nhiều/Ít/Không)""],""suitable_for"":[""detox"",""vitamin_boost""],""avoid_for"":[""gastritis"",""weak_stomach""]}","{""good_for"":[""detox"",""vitamin_boost""],""bad_for"":[""gastritis"",""weak_stomach""]}","{""morning"":true,""noon"":true,""evening"":false,""midnight"":false,""hot_weather"":true,""cold_weather"":false,""rainy"":false,""sunny_strong"":true,""pre_work"":true,""post_work"":false,""post_workout"":true,""light_meal"":true,""want_hot_food"":false,""want_cold_food"":true,""in_a_hurry"":true,""on_the_go"":true,""with_friends"":true,""need_relax"":false,""portable"":true,""short_lunch_break"":true}",
382,Bánh căn tôm đồng,đồ ăn,"Bột gạo, Tôm đồng, Hành lá",Hành lá (Nhiều/Ít/Không),"{""hành_lá"": [""nhiều"", ""ít"", ""không""]}","Bánh căn tôm đồng thanh nhẹ, giàu đạm, ít dầu. Không phù hợp người dị ứng hải sản.","{""type"":""đồ ăn"",""taste"":[""savory"",""light""],""ingredients"":[""bột gạo"",""tôm đồng"",""hành lá""],""options"":[""hành lá (Nhiều/Ít/Không)""],""suitable_for"":[""high_protein"",""light_meal""],""avoid_for"":[""seafood_allergy""]}","{""good_for"":[""high_protein"",""light_meal""],""bad_for"":[""seafood_allergy""]}","{""morning"":true,""noon"":true,""evening"":false,""midnight"":false,""hot_weather"":false,""cold_weather"":true,""rainy"":true,""sunny_strong"":false,""pre_work"":true,""post_work"":false,""post_workout"":false,""light_meal"":true,""want_hot_food"":true,""want_cold_food"":false,""in_a_hurry"":false,""on_the_go"":false,""with_friends"":true,""need_relax"":false,""portable"":false,""short_lunch_break"":true}",
383,Chè thạch lá nếp,đồ ăn,"Thạch lá nếp, Nước cốt dừa, Đường","Nước cốt dừa (Nhiều/Ít/Không), Đường (Nhiều/Ít)","{""nước_cốt_dừa"": [""nhiều"", ""ít"", ""không""], ""đường"": [""nhiều"", ""ít""]}","Chè thạch lá nếp ngọt mát, thơm nhẹ. Không phù hợp người tiểu đường hoặc béo phì.","{""type"":""đồ ăn"",""taste"":[""sweet"",""refreshing""],""ingredients"":[""thạch lá nếp"",""nước cốt dừa"",""đường""],""options"":[""nước cốt dừa (Nhiều/Ít/Không)"",""đường (Nhiều/Ít)""],""suitable_for"":[""light_dessert""],""avoid_for"":[""diabetes"",""obesity"",""fatty_liver""]}","{""good_for"":[""light_dessert""],""bad_for"":[""diabetes"",""obesity"",""fatty_liver""]}","{""morning"":false,""noon"":true,""evening"":true,""midnight"":false,""hot_weather"":true,""cold_weather"":false,""rainy"":false,""sunny_strong"":true,""pre_work"":false,""post_work"":true,""post_workout"":false,""light_meal"":false,""want_hot_food"":false,""want_cold_food"":true,""in_a_hurry"":false,""on_the_go"":false,""with_friends"":true,""need_relax"":false,""portable"":true,""short_lunch_break"":false}",
384,Sinh tố dừa sáp,thức uống,"Dừa sáp, Sữa tươi, Mật ong","Sữa tươi (Nhiều/Ít/Không), Mật ong (Nhiều/Ít)","{""sữa_tươi"": [""nhiều"", ""ít"", ""không""], ""mật_ong"": [""nhiều"", ""ít""]}","Sinh tố dừa sáp béo, đặc và nhiều năng lượng. Không phù hợp người béo phì hoặc tiểu đường.","{""type"":""thức uống"",""taste"":[""sweet"",""fatty""],""ingredients"":[""dừa sáp"",""sữa tươi"",""mật ong""],""options"":[""sữa tươi (Nhiều/Ít/Không)"",""mật ong (Nhiều/Ít)""],""suitable_for"":[""need_energy""],""avoid_for"":[""diabetes"",""obesity"",""fatty_liver""]}","{""good_for"":[""need_energy""],""bad_for"":[""diabetes"",""obesity"",""fatty_liver""]}","{""morning"":true,""noon"":true,""evening"":true,""midnight"":false,""hot_weather"":false,""cold_weather"":true,""rainy"":false,""sunny_strong"":false,""pre_work"":false,""post_work"":true,""post_workout"":false,""light_meal"":false,""want_hot_food"":false,""want_cold_food"":true,""in_a_hurry"":false,""on_the_go"":true,""with_friends"":true,""need_relax"":false,""portable"":true,""short_lunch_break"":false}",
385,Trà hoa cúc mật ong gừng,thức uống,"Hoa cúc, Mật ong, Gừng","Mật ong (Nhiều/Ít), Gừng (Nhiều/Ít/Không)","{""mật_ong"": [""nhiều"", ""ít""], ""gừng"": [""nhiều"", ""ít"", ""không""]}","Trà hoa cúc mật ong gừng ấm nhẹ, tốt cho tiêu hóa và thư giãn. Không phù hợp người tiểu đường nếu dùng nhiều mật ong.","{""type"":""thức uống"",""taste"":[""light"",""warm"",""sweet""],""ingredients"":[""hoa cúc"",""mật ong"",""gừng""],""options"":[""mật ong (Nhiều/Ít)"",""gừng (Nhiều/Ít/Không)""],""suitable_for"":[""need_relax"",""poor_digestive_system"",""mild_cold""],""avoid_for"":[""diabetes""]}","{""good_for"":[""need_relax"",""poor_digestive_system"",""mild_cold""],""bad_for"":[""diabetes""]}","{""morning"":true,""noon"":true,""evening"":true,""midnight"":false,""hot_weather"":false,""cold_weather"":true,""rainy"":true,""sunny_strong"":false,""pre_work"":false,""post_work"":true,""post_workout"":false,""light_meal"":true,""want_hot_food"":true,""want_cold_food"":false,""in_a_hurry"":true,""on_the_go"":true,""with_friends"":true,""need_relax"":true,""portable"":true,""short_lunch_break"":true}",
386,Chè khoai lang vàng,đồ ăn,"Khoai lang vàng, Nước cốt dừa, Đường","Nước cốt dừa (Nhiều/Ít/Không), Đường (Nhiều/Ít)","{""nước_cốt_dừa"": [""nhiều"", ""ít"", ""không""], ""đường"": [""nhiều"", ""ít""]}","Chè khoai lang vàng ngọt, bùi và no lâu. Không phù hợp người tiểu đường hoặc béo phì.","{""type"":""đồ ăn"",""taste"":[""sweet"",""creamy""],""ingredients"":[""khoai lang vàng"",""nước cốt dừa"",""đường""],""options"":[""nước cốt dừa (Nhiều/Ít/Không)"",""đường (Nhiều/Ít)""],""suitable_for"":[""need_energy""],""avoid_for"":[""diabetes"",""obesity"",""fatty_liver""]}","{""good_for"":[""need_energy""],""bad_for"":[""diabetes"",""obesity"",""fatty_liver""]}","{""morning"":false,""noon"":true,""evening"":true,""midnight"":false,""hot_weather"":false,""cold_weather"":true,""rainy"":false,""sunny_strong"":false,""pre_work"":false,""post_work"":true,""post_workout"":false,""light_meal"":false,""want_hot_food"":false,""want_cold_food"":true,""in_a_hurry"":false,""on_the_go"":false,""with_friends"":true,""need_relax"":false,""portable"":false,""short_lunch_break"":false}",
387,Bánh tráng nướng mắm nêm,đồ ăn,"Bánh tráng, Mắm nêm, Trứng cút","Mắm nêm (Nhiều/Ít), Trứng cút (Nhiều/Ít/Không)","{""mắm_nêm"": [""nhiều"", ""ít""], ""trứng_cút"": [""nhiều"", ""ít"", ""không""]}","Bánh tráng nướng mắm nêm thơm mạnh, đậm vị. Không phù hợp người dạ dày yếu hoặc cao huyết áp.","{""type"":""đồ ăn"",""taste"":[""salty"",""savory""],""ingredients"":[""bánh tráng"",""mắm nêm"",""trứng cút""],""options"":[""mắm nêm (Nhiều/Ít)"",""trứng cút (Nhiều/Ít/Không)""],""suitable_for"":[""snack_time""],""avoid_for"":[""gastritis"",""weak_stomach"",""high_blood_pressure""]}","{""good_for"":[""snack_time""],""bad_for"":[""gastritis"",""weak_stomach"",""high_blood_pressure""]}","{""morning"":false,""noon"":true,""evening"":true,""midnight"":true,""hot_weather"":false,""cold_weather"":true,""rainy"":true,""sunny_strong"":false,""pre_work"":false,""post_work"":true,""post_workout"":false,""light_meal"":false,""want_hot_food"":true,""want_cold_food"":false,""in_a_hurry"":true,""on_the_go"":true,""with_friends"":true,""need_relax"":false,""portable"":true,""short_lunch_break"":true}",
388,Bánh căn tôm tép,đồ ăn,"Bột gạo, Tôm tép, Hành phi","Tôm tép (Nhiều/Ít), Hành phi (Nhiều/Ít/Không)","{""tôm_tép"": [""nhiều"", ""ít""], ""hành_phi"": [""nhiều"", ""ít"", ""không""]}","Bánh căn tôm tép thanh nhẹ, thơm và ít dầu. Không phù hợp người dị ứng hải sản.","{""type"":""đồ ăn"",""taste"":[""savory"",""light""],""ingredients"":[""bột gạo"",""tôm tép"",""hành phi""],""options"":[""tôm tép (Nhiều/Ít)"",""hành phi (Nhiều/Ít/Không)""],""suitable_for"":[""light_meal"",""high_protein""],""avoid_for"":[""seafood_allergy""]}","{""good_for"":[""light_meal"",""high_protein""],""bad_for"":[""seafood_allergy""]}","{""morning"":true,""noon"":true,""evening"":false,""midnight"":false,""hot_weather"":false,""cold_weather"":true,""rainy"":true,""sunny_strong"":false,""pre_work"":true,""post_work"":false,""post_workout"":false,""light_meal"":true,""want_hot_food"":true,""want_cold_food"":false,""in_a_hurry"":false,""on_the_go"":false,""with_friends"":true,""need_relax"":false,""portable"":false,""short_lunch_break"":true}",
389,Chè đậu đỏ hạt chia,đồ ăn,"Đậu đỏ, Hạt chia, Nước cốt dừa, Đường","Hạt chia (Nhiều/Ít/Không), Nước cốt dừa (Nhiều/Ít), Đường (Nhiều/Ít)","{""hạt_chia"": [""nhiều"", ""ít"", ""không""], ""nước_cốt_dừa"": [""nhiều"", ""ít""], ""đường"": [""nhiều"", ""ít""]}","Chè đậu đỏ hạt chia mát, bổ máu nhưng giàu đường. Không phù hợp người tiểu đường.","{""type"":""đồ ăn"",""taste"":[""sweet"",""refreshing""],""ingredients"":[""đậu đỏ"",""hạt chia"",""nước cốt dừa"",""đường""],""options"":[""hạt chia (Nhiều/Ít/Không)"",""nước cốt dừa (Nhiều/Ít)"",""đường (Nhiều/Ít)""],""suitable_for"":[""anemia""],""avoid_for"":[""diabetes"",""obesity""]}","{""good_for"":[""anemia""],""bad_for"":[""diabetes"",""obesity""]}","{""morning"":false,""noon"":true,""evening"":true,""midnight"":false,""hot_weather"":true,""cold_weather"":false,""rainy"":false,""sunny_strong"":true,""pre_work"":false,""post_work"":true,""post_workout"":false,""light_meal"":false,""want_hot_food"":false,""want_cold_food"":true,""in_a_hurry"":false,""on_the_go"":false,""with_friends"":true,""need_relax"":false,""portable"":true,""short_lunch_break"":true}",
390,Sinh tố quả việt quất,thức uống,"Việt quất, Sữa chua, Mật ong","Sữa chua (Nhiều/Ít/Không), Mật ong (Nhiều/Ít)","{""sữa_chua"": [""nhiều"", ""ít"", ""không""], ""mật_ong"": [""nhiều"", ""ít""]}","Sinh tố việt quất giàu chất chống oxy hóa, tốt cho da và miễn dịch. Không phù hợp người tiểu đường nếu dùng nhiều mật ong.","{""type"":""thức uống"",""taste"":[""sweet"",""tart"",""refreshing""],""ingredients"":[""việt quất"",""sữa chua"",""mật ong""],""options"":[""sữa chua (Nhiều/Ít/Không)"",""mật ong (Nhiều/Ít)""],""suitable_for"":[""skin_health"",""immune_boost""],""avoid_for"":[""diabetes""]}","{""good_for"":[""skin_health"",""immune_boost""],""bad_for"":[""diabetes""]}","{""morning"":true,""noon"":true,""evening"":true,""midnight"":false,""hot_weather"":true,""cold_weather"":false,""rainy"":false,""sunny_strong"":true,""pre_work"":false,""post_work"":true,""post_workout"":true,""light_meal"":false,""want_hot_food"":false,""want_cold_food"":true,""in_a_hurry"":false,""on_the_go"":false,""with_friends"":true,""need_relax"":false,""portable"":false,""short_lunch_break"":false}",
391,Trà hoa hồng gừng,thức uống,"Hoa hồng, Gừng, Mật ong","Gừng (Nhiều/Ít/Không), Mật ong (Nhiều/Ít/Không)","{""gừng"": [""nhiều"", ""ít"", ""không""], ""mật_ong"": [""nhiều"", ""ít"", ""không""]}","Trà hoa hồng gừng thơm nhẹ, ấm, giúp thư giãn và làm ấm bụng. Không phù hợp người tiểu đường nếu thêm nhiều mật ong.","{""type"":""thức uống"",""taste"":[""light"",""warm"",""floral""],""ingredients"":[""hoa hồng"",""gừng"",""mật ong""],""options"":[""gừng (Nhiều/Ít/Không)"",""mật ong (Nhiều/Ít/Không)""],""suitable_for"":[""need_relax"",""poor_digestive_system"",""mild_cold""],""avoid_for"":[""diabetes""]}","{""good_for"":[""need_relax"",""poor_digestive_system"",""mild_cold""],""bad_for"":[""diabetes""]}","{""morning"":true,""noon"":true,""evening"":true,""midnight"":false,""hot_weather"":false,""cold_weather"":true,""rainy"":true,""sunny_strong"":false,""pre_work"":false,""post_work"":true,""post_workout"":false,""light_meal"":true,""want_hot_food"":true,""want_cold_food"":false,""in_a_hurry"":true,""on_the_go"":true,""with_friends"":true,""need_relax"":true,""portable"":true,""short_lunch_break"":true}",
392,Chè bưởi da xanh hạt sen,đồ ăn,"Bưởi da xanh, Hạt sen, Nước cốt dừa","Hạt sen (Nhiều/Ít/Không), Nước cốt dừa (Nhiều/Ít)","{""hạt_sen"": [""nhiều"", ""ít"", ""không""], ""nước_cốt_dừa"": [""nhiều"", ""ít""]}","Chè bưởi da xanh hạt sen thanh nhẹ, thơm và dễ tiêu. Không phù hợp người tiểu đường.","{""type"":""đồ ăn"",""taste"":[""sweet"",""light""],""ingredients"":[""bưởi da xanh"",""hạt sen"",""nước cốt dừa""],""options"":[""hạt sen (Nhiều/Ít/Không)"",""nước cốt dừa (Nhiều/Ít)""],""suitable_for"":[""need_relax"",""weak_stomach""],""avoid_for"":[""diabetes"",""obesity""]}","{""good_for"":[""need_relax"",""weak_stomach""],""bad_for"":[""diabetes"",""obesity""]}","{""morning"":false,""noon"":true,""evening"":true,""midnight"":false,""hot_weather"":true,""cold_weather"":false,""rainy"":false,""sunny_strong"":true,""pre_work"":false,""post_work"":true,""post_workout"":false,""light_meal"":true,""want_hot_food"":false,""want_cold_food"":true,""in_a_hurry"":false,""on_the_go"":false,""with_friends"":true,""need_relax"":true,""portable"":true,""short_lunch_break"":false}",
393,Bánh tráng nướng mắm ruốc,đồ ăn,"Bánh tráng, mắm Ruốc, Trứng, Hành","mắm Ruốc (Nhiều/Ít), Trứng (Nhiều/Ít/Không), Hành (Nhiều/Ít/Không)","{""mắm_ruốc"": [""nhiều"", ""ít""], ""trứng"": [""nhiều"", ""ít"", ""không""], ""hành"": [""nhiều"", ""ít"", ""không""]}","Bánh tráng nướng mắm ruốc đậm vị, thơm mạnh. Không phù hợp người dạ dày yếu hoặc cao huyết áp.","{""type"":""đồ ăn"",""taste"":[""salty"",""savory""],""ingredients"":[""bánh tráng"",""mắm ruốc"",""trứng"",""hành""],""options"":[""mắm Ruốc (Nhiều/Ít)"",""trứng (Nhiều/Ít/Không)"",""hành (Nhiều/Ít/Không)""],""suitable_for"":[""snack_time""],""avoid_for"":[""gastritis"",""weak_stomach"",""high_blood_pressure""]}","{""good_for"":[""snack_time""],""bad_for"":[""gastritis"",""weak_stomach"",""high_blood_pressure""]}","{""morning"":false,""noon"":true,""evening"":true,""midnight"":true,""hot_weather"":false,""cold_weather"":true,""rainy"":true,""sunny_strong"":false,""pre_work"":false,""post_work"":true,""post_workout"":false,""light_meal"":false,""want_hot_food"":true,""want_cold_food"":false,""in_a_hurry"":true,""on_the_go"":true,""with_friends"":true,""need_relax"":false,""portable"":true,""short_lunch_break"":true}",
394,Nước ép súp lơ xanh,thức uống,"Súp lơ xanh, Táo, Chanh, Gừng","Táo (Nhiều/Ít/Không), Chanh (Nhiều/Ít/Không), Gừng (Nhiều/Ít/Không)","{""táo"": [""nhiều"", ""ít"", ""không""], ""chanh"": [""nhiều"", ""ít"", ""không""], ""gừng"": [""nhiều"", ""ít"", ""không""]}","Nước ép súp lơ xanh detox tốt, vị thanh và hơi chua. Không phù hợp người đau dạ dày.","{""type"":""thức uống"",""taste"":[""fresh"",""sour"",""light""],""ingredients"":[""súp lơ xanh"",""táo"",""chanh"",""gừng""],""options"":[""táo (Nhiều/Ít/Không)"",""chanh (Nhiều/Ít/Không)"",""gừng (Nhiều/Ít/Không)""],""suitable_for"":[""detox"",""vitamin_boost""],""avoid_for"":[""gastritis"",""weak_stomach""]}","{""good_for"":[""detox"",""vitamin_boost""],""bad_for"":[""gastritis"",""weak_stomach""]}","{""morning"":true,""noon"":true,""evening"":false,""midnight"":false,""hot_weather"":true,""cold_weather"":false,""rainy"":false,""sunny_strong"":true,""pre_work"":true,""post_work"":false,""post_workout"":true,""light_meal"":true,""want_hot_food"":false,""want_cold_food"":true,""in_a_hurry"":true,""on_the_go"":true,""with_friends"":true,""need_relax"":false,""portable"":true,""short_lunch_break"":true}",
395,Bánh căn tôm rang,đồ ăn,"Bột gạo, Tôm rang, Hành lá",Hành lá (Nhiều/Ít/Không),"{""hành_lá"": [""nhiều"", ""ít"", ""không""]}","Bánh căn tôm rang thơm nhẹ, ít dầu. Không phù hợp người dị ứng hải sản.","{""type"":""đồ ăn"",""taste"":[""savory"",""light""],""ingredients"":[""bột gạo"",""tôm rang"",""hành lá""],""options"":[""hành lá (Nhiều/Ít/Không)""],""suitable_for"":[""light_meal"",""high_protein""],""avoid_for"":[""seafood_allergy""]}","{""good_for"":[""light_meal"",""high_protein""],""bad_for"":[""seafood_allergy""]}","{""morning"":true,""noon"":true,""evening"":false,""midnight"":false,""hot_weather"":false,""cold_weather"":true,""rainy"":true,""sunny_strong"":false,""pre_work"":true,""post_work"":false,""post_workout"":false,""light_meal"":true,""want_hot_food"":true,""want_cold_food"":false,""in_a_hurry"":false,""on_the_go"":false,""with_friends"":true,""need_relax"":false,""portable"":false,""short_lunch_break"":true}",
396,Trà lá vối,thức uống,"Lá vối, Mật ong, Chanh","Mật ong (Nhiều/Ít/Không), Chanh (Nhiều/Ít/Không)","{""mật_ong"": [""nhiều"", ""ít"", ""không""], ""chanh"": [""nhiều"", ""ít"", ""không""]}","Trà lá vối thanh mát, hỗ trợ tiêu hóa và giải nhiệt. Không phù hợp người tiểu đường nếu dùng nhiều mật ong.","{""type"":""thức uống"",""taste"":[""light"",""fresh""],""ingredients"":[""lá vối"",""mật ong"",""chanh""],""options"":[""mật ong (Nhiều/Ít/Không)"",""chanh (Nhiều/Ít/Không)""],""suitable_for"":[""poor_digestive_system"",""hot_weather""],""avoid_for"":[""diabetes""]}","{""good_for"":[""poor_digestive_system"",""hot_weather""],""bad_for"":[""diabetes""]}","{""morning"":true,""noon"":true,""evening"":true,""midnight"":false,""hot_weather"":true,""cold_weather"":false,""rainy"":false,""sunny_strong"":true,""pre_work"":false,""post_work"":true,""post_workout"":false,""light_meal"":true,""want_hot_food"":false,""want_cold_food"":true,""in_a_hurry"":true,""on_the_go"":true,""with_friends"":true,""need_relax"":true,""portable"":true,""short_lunch_break"":true}",
397,Chè khoai môn bạc hà,đồ ăn,"khoai môn, bạc hà, nước cốt dừa, đá","nước cốt dừa (nhiều/ít/không), đá (nhiều/ít/không), đường (nhiều/ít)","{""nước_cốt_dừa"": [""nhiều"", ""ít"", ""không""], ""đá"": [""nhiều"", ""ít"", ""không""], ""đường"": [""nhiều"", ""ít""]}","Chè khoai môn bạc hà béo nhẹ, mát và thơm. Không phù hợp người tiểu đường hoặc gan nhiễm mỡ.","{""type"":""đồ ăn"",""taste"":[""sweet"",""cool"",""creamy""],""ingredients"":[""khoai môn"",""bạc hà"",""nước cốt dừa"",""đá""],""options"":[""nước cốt dừa (nhiều/ít/không)"",""đá (nhiều/ít/không)"",""đường (nhiều/ít)""],""suitable_for"":[""hot_weather"",""need_relax""],""avoid_for"":[""diabetes"",""fatty_liver"",""obesity""]}","{""good_for"":[""hot_weather"",""need_relax""],""bad_for"":[""diabetes"",""fatty_liver"",""obesity""]}","{""morning"":false,""noon"":true,""evening"":true,""midnight"":false,""hot_weather"":true,""cold_weather"":false,""rainy"":false,""sunny_strong"":true,""pre_work"":false,""post_work"":true,""post_workout"":false,""light_meal"":false,""want_hot_food"":false,""want_cold_food"":true,""in_a_hurry"":false,""on_the_go"":false,""with_friends"":true,""need_relax"":true,""portable"":false,""short_lunch_break"":false}",
398,bánh tráng cuốn nem nướng,đồ ăn,"bánh tráng, nem nướng, rau, đồ chua","rau (nhiều/ít/không), nước chấm (cay/không cay)","{""rau"": [""nhiều"", ""ít"", ""không""], ""nước_chấm"": [""cay"", ""không cay""]}",Bánh tráng cuốn nem nướng thanh nhẹ nhưng đậm vị. Không phù hợp người dạ dày yếu nếu nước chấm quá cay.,"{""type"":""đồ ăn"",""taste"":[""savory"",""fresh""],""ingredients"":[""bánh tráng"",""nem nướng"",""rau"",""đồ chua""],""options"":[""rau (nhiều/ít/không)"",""nước chấm (cay/không cay)""],""suitable_for"":[""light_meal""],""avoid_for"":[""gastritis"",""weak_stomach""]}","{""good_for"":[""light_meal""],""bad_for"":[""gastritis"",""weak_stomach""]}","{""morning"":false,""noon"":true,""evening"":true,""midnight"":false,""hot_weather"":true,""cold_weather"":false,""rainy"":false,""sunny_strong"":true,""pre_work"":false,""post_work"":true,""post_workout"":false,""light_meal"":true,""want_hot_food"":false,""want_cold_food"":true,""in_a_hurry"":false,""on_the_go"":false,""with_friends"":true,""need_relax"":false,""portable"":true,""short_lunch_break"":false}",
399,nước ép rau củ cải,thức uống,rau củ cải ép,"đá (nhiều/ít/không), đường (nhiều/ít/không)","{""đá"": [""nhiều"", ""ít"", ""không""], ""đường"": [""nhiều"", ""ít"", ""không""]}","Nước ép rau củ cải thanh lọc, giàu vitamin, tốt cho gan. Không phù hợp người dạ dày yếu nếu uống quá lạnh.","{""type"":""thức uống"",""taste"":[""fresh"",""earthy"",""light""],""ingredients"":[""rau củ cải ép""],""options"":[""đá (nhiều/ít/không)"",""đường (nhiều/ít/không)""],""suitable_for"":[""detox"",""liver_support""],""avoid_for"":[""weak_stomach"",""gastritis""]}","{""good_for"":[""detox"",""liver_support""],""bad_for"":[""weak_stomach"",""gastritis""]}","{""morning"":true,""noon"":true,""evening"":false,""midnight"":false,""hot_weather"":true,""cold_weather"":false,""rainy"":false,""sunny_strong"":true,""pre_work"":true,""post_work"":false,""post_workout"":true,""light_meal"":true,""want_hot_food"":false,""want_cold_food"":true,""in_a_hurry"":true,""on_the_go"":true,""with_friends"":true,""need_relax"":false,""portable"":true,""short_lunch_break"":true}",
400,chè đậu ngự hạt sen,đồ ăn,"đậu ngự, hạt sen, nước cốt dừa, đá","nước cốt dừa (nhiều/ít/không), đá (nhiều/ít/không), đường (nhiều/ít)","{""nước_cốt_dừa"": [""nhiều"", ""ít"", ""không""], ""đá"": [""nhiều"", ""ít"", ""không""], ""đường"": [""nhiều"", ""ít""]}","Chè đậu ngự hạt sen là món ngọt thanh, béo nhẹ, giúp an thần và hỗ trợ giấc ngủ. Phù hợp người mất ngủ; không phù hợp người tiểu đường.","{""type"":""đồ ăn"",""taste"":[""sweet""],""ingredients"":[""đậu ngự"",""hạt sen"",""nước cốt dừa"",""đá""],""options"":[""nước cốt dừa (nhiều/ít/không)"",""đá (nhiều/ít/không)"",""đường (nhiều/ít)""],""suitable_for"":[""insomnia""],""avoid_for"":[""diabetes"",""obesity""]}","{""good_for"":[""insomnia""],""bad_for"":[""diabetes"",""obesity""]}","{""morning"":false,""noon"":true,""evening"":true,""midnight"":false,""hot_weather"":true,""cold_weather"":false,""rainy"":true,""sunny_strong"":false,""want_cold_food"":true,""light_meal"":true,""in_a_hurry"":true}",
401,sinh tố dưa gang,thức uống,"dưa gang, sữa, đường, đá","đá (nhiều/ít/không), sữa (nhiều/ít), đường (nhiều/ít)","{""đá"": [""nhiều"", ""ít"", ""không""], ""sữa"": [""nhiều"", ""ít""], ""đường"": [""nhiều"", ""ít""]}","Sinh tố dưa gang là thức uống ngọt, mát và dễ uống. Phù hợp người nóng trong người; không phù hợp người tiểu đường.","{""type"":""thức uống"",""taste"":[""sweet""],""ingredients"":[""dưa gang"",""sữa"",""đường"",""đá""],""options"":[""đá (nhiều/ít/không)"",""sữa (nhiều/ít)"",""đường (nhiều/ít)""],""suitable_for"":[""body_heat""],""avoid_for"":[""diabetes""]}","{""good_for"":[""body_heat""],""bad_for"":[""diabetes""]}","{""morning"":true,""noon"":true,""evening"":true,""midnight"":false,""hot_weather"":true,""cold_weather"":false,""rainy"":true,""sunny_strong"":true,""want_cold_food"":true,""in_a_hurry"":true}",
402,trà hoa lavender mật ong,thức uống,"trà lavender, mật ong, đá","đá (nhiều/ít/không), mật ong (nhiều/ít), đường (nhiều/ít/không)","{""đá"": [""nhiều"", ""ít"", ""không""], ""mật_ong"": [""nhiều"", ""ít""], ""đường"": [""nhiều"", ""ít"", ""không""]}","Trà hoa lavender mật ong là thức uống thư giãn, giúp giảm căng thẳng và dễ ngủ. Phù hợp người mất ngủ hoặc stress; không phù hợp người tiểu đường.","{""type"":""thức uống"",""taste"":[""sweet"",""floral""],""ingredients"":[""trà lavender"",""mật ong"",""đá""],""options"":[""đá (nhiều/ít/không)"",""mật ong (nhiều/ít)"",""đường (nhiều/ít/không)""],""suitable_for"":[""insomnia"",""stress_relief""],""avoid_for"":[""diabetes""]}","{""good_for"":[""insomnia"",""stress_relief""],""bad_for"":[""diabetes""]}","{""morning"":false,""noon"":true,""evening"":true,""midnight"":false,""hot_weather"":true,""rainy"":true,""need_relax"":true,""want_cold_food"":true}",
403,chè bí đỏ thạch,đồ ăn,"bí đỏ, thạch, nước cốt dừa, đá","nước cốt dừa (nhiều/ít/không), đá (nhiều/ít/không), đường (nhiều/ít)","{""nước_cốt_dừa"": [""nhiều"", ""ít"", ""không""], ""đá"": [""nhiều"", ""ít"", ""không""], ""đường"": [""nhiều"", ""ít""]}","Chè bí đỏ thạch là món ngọt thanh, giàu vitamin A và dễ tiêu. Phù hợp người hệ tiêu hóa kém; không phù hợp người tiểu đường.","{""type"":""đồ ăn"",""taste"":[""sweet""],""ingredients"":[""bí đỏ"",""thạch"",""nước cốt dừa"",""đá""],""options"":[""nước cốt dừa (nhiều/ít/không)"",""đá (nhiều/ít/không)"",""đường (nhiều/ít)""],""suitable_for"":[""poor_digestive_system""],""avoid_for"":[""diabetes""]}","{""good_for"":[""poor_digestive_system""],""bad_for"":[""diabetes""]}","{""morning"":false,""noon"":true,""evening"":true,""hot_weather"":true,""want_cold_food"":true,""light_meal"":true}",
404,nước ép cải thìa,thức uống,cải thìa ép,"đá (nhiều/ít/không), đường (nhiều/ít/không)","{""đá"": [""nhiều"", ""ít"", ""không""], ""đường"": [""nhiều"", ""ít"", ""không""]}","Nước ép cải thìa là thức uống thanh mát, hỗ trợ giải nhiệt và giàu khoáng. Phù hợp người nóng trong người và thiếu máu nhẹ.","{""type"":""thức uống"",""taste"":[""fresh"",""slightly_bitter""],""ingredients"":[""cải thìa ép""],""options"":[""đá (nhiều/ít/không)"",""đường (nhiều/ít/không)""],""suitable_for"":[""body_heat"",""anemia""],""avoid_for"":[]}","{""good_for"":[""body_heat"",""anemia""],""bad_for"":[]}","{""morning"":true,""noon"":true,""evening"":true,""hot_weather"":true,""want_cold_food"":true,""light_meal"":true,""in_a_hurry"":true}",
405,chè đậu xanh bạc hà,đồ ăn,"đậu xanh, bạc hà, nước cốt dừa, đá","nước cốt dừa (nhiều/ít/không), đá (nhiều/ít/không), đường (nhiều/ít)","{""nước_cốt_dừa"": [""nhiều"", ""ít"", ""không""], ""đá"": [""nhiều"", ""ít"", ""không""], ""đường"": [""nhiều"", ""ít""]}","Chè đậu xanh bạc hà là món ngọt mát, hỗ trợ tiêu hóa và thanh nhiệt. Phù hợp người nóng trong người; không phù hợp người tiểu đường.","{""type"":""đồ ăn"",""taste"":[""sweet"",""minty""],""ingredients"":[""đậu xanh"",""bạc hà"",""nước cốt dừa"",""đá""],""options"":[""nước cốt dừa (nhiều/ít/không)"",""đá (nhiều/ít/không)"",""đường (nhiều/ít)""],""suitable_for"":[""body_heat"",""poor_digestive_system""],""avoid_for"":[""diabetes""]}","{""good_for"":[""body_heat"",""poor_digestive_system""],""bad_for"":[""diabetes""]}","{""morning"":false,""noon"":true,""evening"":true,""hot_weather"":true,""want_cold_food"":true}",
406,sinh tố mận,thức uống,"mận, sữa, đường, đá","đá (nhiều/ít/không), sữa (nhiều/ít), đường (nhiều/ít)","{""đá"": [""nhiều"", ""ít"", ""không""], ""sữa"": [""nhiều"", ""ít""], ""đường"": [""nhiều"", ""ít""]}","Sinh tố mận là thức uống chua thanh, giàu vitamin C và chất xơ, hỗ trợ tiêu hóa. Phù hợp người táo bón; không phù hợp người dạ dày yếu.","{""type"":""thức uống"",""taste"":[""sweet"",""sour""],""ingredients"":[""mận"",""sữa"",""đường"",""đá""],""options"":[""đá (nhiều/ít/không)"",""sữa (nhiều/ít)"",""đường (nhiều/ít)""],""suitable_for"":[""constipation""],""avoid_for"":[""weak_stomach"",""gastritis""]}","{""good_for"":[""constipation""],""bad_for"":[""weak_stomach"",""gastritis""]}","{""morning"":true,""noon"":true,""evening"":true,""hot_weather"":true,""want_cold_food"":true}",
407,trà hoa cúc chanh mật ong,thức uống,"cúc, chanh, mật ong, đá","đá (nhiều/ít/không), mật ong (nhiều/ít), đường (nhiều/ít/không)","{""đá"": [""nhiều"", ""ít"", ""không""], ""mật_ong"": [""nhiều"", ""ít""], ""đường"": [""nhiều"", ""ít"", ""không""]}","Trà hoa cúc chanh mật ong là thức uống thanh mát, hỗ trợ giảm căng thẳng và giải nhiệt. Phù hợp người nóng trong người hoặc stress.","{""type"":""thức uống"",""taste"":[""sweet"",""sour"",""floral""],""ingredients"":[""cúc"",""chanh"",""mật ong"",""đá""],""options"":[""đá (nhiều/ít/không)"",""mật ong (nhiều/ít)"",""đường (nhiều/ít/không)""],""suitable_for"":[""body_heat"",""stress_relief""],""avoid_for"":[""diabetes""]}","{""good_for"":[""body_heat"",""stress_relief""],""bad_for"":[""diabetes""]}","{""morning"":true,""noon"":true,""evening"":true,""hot_weather"":true,""want_cold_food"":true,""need_relax"":true}",
408,nước ép ngó sen,thức uống,ngó sen ép,"đá (nhiều/ít/không), đường (nhiều/ít/không)","{""đá"": [""nhiều"", ""ít"", ""không""], ""đường"": [""nhiều"", ""ít"", ""không""]}","Nước ép ngó sen là thức uống thanh lọc cơ thể, lợi tiểu nhẹ và mát. Phù hợp người nóng trong người hoặc khó tiêu nhẹ.","{""type"":""thức uống"",""taste"":[""fresh""],""ingredients"":[""ngó sen ép""],""options"":[""đá (nhiều/ít/không)"",""đường (nhiều/ít/không)""],""suitable_for"":[""body_heat"",""poor_digestive_system""],""avoid_for"":[]}","{""good_for"":[""body_heat"",""poor_digestive_system""],""bad_for"":[]}","{""morning"":true,""noon"":true,""evening"":true,""hot_weather"":true,""want_cold_food"":true,""light_meal"":true}",
409,chè thạch dừa,đồ ăn,"thạch dừa, nước cốt dừa, đá","nước cốt dừa (nhiều/ít/không), đá (nhiều/ít/không), đường (nhiều/ít)","{""nước_cốt_dừa"": [""nhiều"", ""ít"", ""không""], ""đá"": [""nhiều"", ""ít"", ""không""], ""đường"": [""nhiều"", ""ít""]}","Chè thạch dừa là món giải khát, mát và dễ ăn. Phù hợp người nóng trong người; không phù hợp người tiểu đường.","{""type"":""đồ ăn"",""taste"":[""sweet""],""ingredients"":[""thạch dừa"",""nước cốt dừa"",""đá""],""options"":[""nước cốt dừa (nhiều/ít/không)"",""đá (nhiều/ít/không)"",""đường (nhiều/ít)""],""suitable_for"":[""body_heat""],""avoid_for"":[""diabetes""]}","{""good_for"":[""body_heat""],""bad_for"":[""diabetes""]}","{""morning"":false,""noon"":true,""evening"":true,""hot_weather"":true,""want_cold_food"":true}",
410,sinh tố táo,thức uống,"táo, sữa, đường, đá","đá (nhiều/ít/không), sữa (nhiều/ít), đường (nhiều/ít)","{""đá"": [""nhiều"", ""ít"", ""không""], ""sữa"": [""nhiều"", ""ít""], ""đường"": [""nhiều"", ""ít""]}","Sinh tố táo là thức uống ngọt nhẹ, giàu vitamin C và chất xơ, hỗ trợ tiêu hóa. Phù hợp người táo bón; không phù hợp người tiểu đường.","{""type"":""thức uống"",""taste"":[""sweet"",""fresh""],""ingredients"":[""táo"",""sữa"",""đường"",""đá""],""options"":[""đá (nhiều/ít/không)"",""sữa (nhiều/ít)"",""đường (nhiều/ít)""],""suitable_for"":[""constipation""],""avoid_for"":[""diabetes""]}","{""good_for"":[""constipation""],""bad_for"":[""diabetes""]}","{""morning"":true,""noon"":true,""evening"":true,""hot_weather"":true,""want_cold_food"":true,""in_a_hurry"":true}",
411,ram cuốn cải,đồ ăn,"ram, cải, rau thơm, nước chấm","rau (nhiều/ít/không), nước chấm (cay/không cay)","{""rau"": [""nhiều"", ""ít"", ""không""], ""nước_chấm"": [""cay"", ""không cay""]}","Ram cuốn cải là món chiên nhưng được ăn kèm cải và rau, giúp cân bằng dầu mỡ. Phù hợp người cần món giàu năng lượng; không phù hợp người béo phì.","{""type"":""đồ ăn"",""taste"":[""salty"",""savory""],""ingredients"":[""ram"",""cải"",""rau thơm"",""nước chấm""],""options"":[""rau (nhiều/ít/không)"",""nước chấm (cay/không cay)""],""suitable_for"":[""weight_gain""],""avoid_for"":[""obesity"",""heart_disease""]}","{""good_for"":[""weight_gain""],""bad_for"":[""obesity"",""heart_disease""]}","{""morning"":false,""noon"":true,""evening"":true,""hot_weather"":false,""cold_weather"":true,""with_friends"":true,""on_the_go"":true,""in_a_hurry"":true}",
412,cơm tấm sườn bì chả,đồ ăn,"cơm tấm, sườn, bì, chả, mỡ hành","sườn (nhiều/ít), bì (nhiều/ít), chả (nhiều/ít), mỡ hành (nhiều/ít/không), nước mắm (cay/không cay), đồ chua (nhiều/ít)","{""sườn"": [""nhiều"", ""ít""], ""bì"": [""nhiều"", ""ít""], ""chả"": [""nhiều"", ""ít""], ""mỡ_hành"": [""nhiều"", ""ít"", ""không""], ""nước_mắm"": [""cay"", ""không cay""], ""đồ_chua"": [""nhiều"", ""ít""]}","Cơm tấm sườn bì chả là món giàu năng lượng và chất béo. Phù hợp người cần bổ sung năng lượng; không phù hợp cao huyết áp, béo phì và tim mạch.","{""type"":""đồ ăn"",""taste"":[""savory"",""salty""],""ingredients"":[""cơm tấm"",""sườn"",""bì"",""chả"",""mỡ hành""],""options"":[""sườn (nhiều/ít)"",""bì (nhiều/ít)"",""chả (nhiều/ít)"",""mỡ hành (nhiều/ít/không)"",""nước mắm (cay/không cay)"",""đồ chua (nhiều/ít)""],""suitable_for"":[""weight_gain""],""avoid_for"":[""high_blood_pressure"",""obesity"",""heart_disease"",""fatty_liver""]}","{""good_for"":[""weight_gain""],""bad_for"":[""high_blood_pressure"",""obesity"",""heart_disease"",""fatty_liver""]}","{""morning"":false,""noon"":true,""evening"":true,""hot_weather"":false,""cold_weather"":true,""post_work"":true}",
413,bánh tráng trộn,đồ ăn,"bánh tráng, bò khô, trứng cút, sa tế, đậu phộng, hành phi","sa tế (nhiều/ít/không), bò khô (nhiều/ít), đậu phộng (nhiều/ít), hành phi (nhiều/ít)","{""sa_tế"": [""nhiều"", ""ít"", ""không""], ""bò_khô"": [""nhiều"", ""ít""], ""đậu_phộng"": [""nhiều"", ""ít""], ""hành_phi"": [""nhiều"", ""ít""]}","Bánh tráng trộn là món ăn vặt đậm vị, cay nhẹ và giàu năng lượng. Phù hợp người cần ăn nhẹ giàu năng lượng; không phù hợp người đau dạ dày.","{""type"":""đồ ăn"",""taste"":[""spicy"",""savory"",""sweet""],""ingredients"":[""bánh tráng"",""bò khô"",""trứng cút"",""sa tế"",""đậu phộng"",""hành phi""],""options"":[""sa tế (nhiều/ít/không)"",""bò khô (nhiều/ít)"",""đậu phộng (nhiều/ít)"",""hành phi (nhiều/ít)""],""suitable_for"":[""weight_gain""],""avoid_for"":[""gastritis"",""weak_stomach""]}","{""good_for"":[""weight_gain""],""bad_for"":[""gastritis"",""weak_stomach""]}","{""morning"":false,""noon"":true,""evening"":true,""with_friends"":true,""on_the_go"":true}",
414,bắp xào tôm khô,đồ ăn,"bắp, tôm khô, mỡ hành, bơ","tôm khô (nhiều/ít), mỡ hành (nhiều/ít/không), ớt (nhiều/ít/không)","{""tôm_khô"": [""nhiều"", ""ít""], ""mỡ_hành"": [""nhiều"", ""ít"", ""không""], ""ớt"": [""nhiều"", ""ít"", ""không""]}","Bắp xào tôm khô là món béo, mặn nhẹ và có độ ngọt tự nhiên từ bắp. Phù hợp người cần tăng năng lượng; không phù hợp người cao huyết áp.","{""type"":""đồ ăn"",""taste"":[""savory"",""salty"",""sweet""],""ingredients"":[""bắp"",""tôm khô"",""mỡ hành"",""bơ""],""options"":[""tôm khô (nhiều/ít)"",""mỡ hành (nhiều/ít/không)"",""ớt (nhiều/ít/không)""],""suitable_for"":[""weight_gain""],""avoid_for"":[""high_blood_pressure""]}","{""good_for"":[""weight_gain""],""bad_for"":[""high_blood_pressure""]}","{""morning"":false,""noon"":true,""evening"":true,""hot_weather"":false,""with_friends"":true}",
415,bún riêu,đồ ăn,"bún, riêu cua, đậu hũ, hành, cà chua, huyết, rau","riêu (nhiều/ít), huyết (có/không), đậu hũ (nhiều/ít/không), cà chua (nhiều/ít), hành (nhiều/ít/không), rau (nhiều/ít/không), mắm tôm (có/không), ớt (nhiều/ít/không)","{""riêu"": [""nhiều"", ""ít""], ""huyết"": [""có"", ""không""], ""đậu_hũ"": [""nhiều"", ""ít"", ""không""], ""cà_chua"": [""nhiều"", ""ít""], ""hành"": [""nhiều"", ""ít"", ""không""], ""rau"": [""nhiều"", ""ít"", ""không""], ""mắm_tôm"": [""có"", ""không""], ""ớt"": [""nhiều"", ""ít"", ""không""]}","Bún riêu là món nước thanh, giàu đạm và dễ tiêu. Phù hợp người tiêu hóa kém; không phù hợp người gout hoặc huyết áp cao nếu dùng nhiều mắm tôm.","{""type"":""đồ ăn"",""taste"":[""savory"",""sour""],""ingredients"":[""bún"",""riêu cua"",""đậu hũ"",""hành"",""cà chua"",""huyết"",""rau""],""options"":[""riêu (nhiều/ít)"",""huyết (có/không)"",""đậu hũ (nhiều/ít/không)"",""cà chua (nhiều/ít)"",""hành (nhiều/ít/không)"",""rau (nhiều/ít/không)"",""mắm tôm (có/không)"",""ớt (nhiều/ít/không)""],""suitable_for"":[""poor_digestive_system""],""avoid_for"":[""gout"",""high_blood_pressure""]}","{""good_for"":[""poor_digestive_system""],""bad_for"":[""gout"",""high_blood_pressure""]}","{""morning"":true,""noon"":true,""evening"":true,""hot_weather"":true,""rainy"":true,""want_hot_food"":true}",
416,bánh tráng cuốn,đồ ăn,"bánh tráng, rau, đồ chua, thịt/tôm (tuỳ loại)","rau (nhiều/ít/không), nước chấm (cay/không cay), đồ chua (nhiều/ít)","{""rau"": [""nhiều"", ""ít"", ""không""], ""nước_chấm"": [""cay"", ""không cay""], ""đồ_chua"": [""nhiều"", ""ít""]}","Bánh tráng cuốn là món ít béo, thanh nhẹ và dễ tiêu. Phù hợp người đang giảm cân hoặc hệ tiêu hóa kém.","{""type"":""đồ ăn"",""taste"":[""fresh"",""savory""],""ingredients"":[""bánh tráng"",""rau"",""đồ chua"",""thịt/tôm""],""options"":[""rau (nhiều/ít/không)"",""nước chấm (cay/không cay)"",""đồ chua (nhiều/ít)""],""suitable_for"":[""obesity"",""poor_digestive_system""],""avoid_for"":[]}","{""good_for"":[""obesity"",""poor_digestive_system""],""bad_for"":[]}","{""morning"":true,""noon"":true,""evening"":true,""hot_weather"":true,""on_the_go"":true,""light_meal"":true}",
417,Cá viên chiên,đồ ăn,"cá viên, tương ớt, tương cà, mayonnaise","cá viên (nhiều/ít), sốt (nhiều/ít), ớt (nhiều/ít/không)","{""cá_viên"": [""nhiều"", ""ít""], ""sốt"": [""nhiều"", ""ít""], ""ớt"": [""nhiều"", ""ít"", ""không""]}","Cá viên chiên là món chiên dầu, giàu natri và chất béo. Không phù hợp hầu hết tình trạng sức khỏe.","{""type"":""đồ ăn"",""taste"":[""savory"",""salty""],""ingredients"":[""cá viên"",""tương ớt"",""tương cà"",""mayonnaise""],""options"":[""cá viên (nhiều/ít)"",""sốt (nhiều/ít)"",""ớt (nhiều/ít/không)""],""suitable_for"":[],""avoid_for"":[""obesity"",""high_blood_pressure"",""heart_disease""]}","{""good_for"":[],""bad_for"":[""obesity"",""high_blood_pressure"",""heart_disease""]}","{""morning"":false,""noon"":true,""evening"":true,""with_friends"":true,""on_the_go"":true}",
418,gỏi gà xé phay,đồ ăn,"gà xé, rau thơm, hành tây, đậu phộng","đậu phộng (nhiều/ít/không), rau (nhiều/ít/không), nước chấm (cay/không cay)","{""đậu_phộng"": [""nhiều"", ""ít"", ""không""], ""rau"": [""nhiều"", ""ít"", ""không""], ""nước_chấm"": [""cay"", ""không cay""]}","Gỏi gà xé phay là món ít béo, giàu đạm và thanh mát. Phù hợp người béo phì hoặc cần tiêu hóa nhẹ; không phù hợp người dị ứng đậu phộng.","{""type"":""đồ ăn"",""taste"":[""fresh"",""savory""],""ingredients"":[""gà xé"",""rau thơm"",""hành tây"",""đậu phộng""],""options"":[""đậu phộng (nhiều/ít/không)"",""rau (nhiều/ít/không)"",""nước chấm (cay/không cay)""],""suitable_for"":[""obesity"",""poor_digestive_system""],""avoid_for"":[""nut_allergy""]}","{""good_for"":[""obesity"",""poor_digestive_system""],""bad_for"":[""nut_allergy""]}","{""morning"":true,""noon"":true,""evening"":true,""hot_weather"":true}",
419,gỏi ngó sen tôm thịt,đồ ăn,"ngó sen, tôm, thịt, rau thơm, đậu phộng","đậu phộng (nhiều/ít/không), rau (nhiều/ít/không), nước chấm (cay/không cay)","{""đậu_phộng"": [""nhiều"", ""ít"", ""không""], ""rau"": [""nhiều"", ""ít"", ""không""], ""nước_chấm"": [""cay"", ""không cay""]}","Gỏi ngó sen tôm thịt là món thanh mát, ít béo và giàu chất xơ. Phù hợp người táo bón, béo phì hoặc đang cần ăn nhẹ.","{""type"":""đồ ăn"",""taste"":[""fresh"",""savory""],""ingredients"":[""ngó sen"",""tôm"",""thịt"",""rau thơm"",""đậu phộng""],""options"":[""đậu phộng (nhiều/ít/không)"",""rau (nhiều/ít/không)"",""nước chấm (cay/không cay)""],""suitable_for"":[""constipation"",""obesity""],""avoid_for"":[""seafood_allergy"",""nut_allergy""]}","{""good_for"":[""constipation"",""obesity""],""bad_for"":[""seafood_allergy"",""nut_allergy""]}","{""morning"":true,""noon"":true,""evening"":true,""hot_weather"":true}",
420,hủ tiếu,đồ ăn,"hủ tiếu, thịt, hành, rau","thịt (nhiều/ít), hành (nhiều/ít/không), rau (nhiều/ít/không), ớt (có/không)","{""thịt"": [""nhiều"", ""ít""], ""hành"": [""nhiều"", ""ít"", ""không""], ""rau"": [""nhiều"", ""ít"", ""không""], ""ớt"": [""có"", ""không""]}","Hủ tiếu là món nước thanh, dễ tiêu và ít béo. Phù hợp người hệ tiêu hóa kém; không phù hợp người cao huyết áp nếu dùng nhiều nước mắm.","{""type"":""đồ ăn"",""taste"":[""savory""],""ingredients"":[""hủ tiếu"",""thịt"",""hành"",""rau""],""options"":[""thịt (nhiều/ít)"",""hành (nhiều/ít/không)"",""rau (nhiều/ít/không)"",""ớt (có/không)""],""suitable_for"":[""poor_digestive_system""],""avoid_for"":[""high_blood_pressure""]}","{""good_for"":[""poor_digestive_system""],""bad_for"":[""high_blood_pressure""]}","{""morning"":true,""noon"":true,""evening"":true,""hot_weather"":true,""want_hot_food"":true}",
421,bánh canh giò heo,đồ ăn,"bánh canh, giò heo, hành, rau","giò heo (nhiều/ít), hành (nhiều/ít/không), rau (nhiều/ít/không), ớt (có/không)","{""giò_heo"": [""nhiều"", ""ít""], ""hành"": [""nhiều"", ""ít"", ""không""], ""rau"": [""nhiều"", ""ít"", ""không""], ""ớt"": [""có"", ""không""]}","Bánh canh giò heo là món nước béo, giàu năng lượng và đạm. Phù hợp người cần tăng cân; không phù hợp người cao huyết áp và tim mạch.","{""type"":""đồ ăn"",""taste"":[""savory""],""ingredients"":[""bánh canh"",""giò heo"",""hành"",""rau""],""options"":[""giò heo (nhiều/ít)"",""hành (nhiều/ít/không)"",""rau (nhiều/ít/không)"",""ớt (có/không)""],""suitable_for"":[""weight_gain""],""avoid_for"":[""high_blood_pressure"",""heart_disease"",""high_cholesterol""]}","{""good_for"":[""weight_gain""],""bad_for"":[""high_blood_pressure"",""heart_disease"",""high_cholesterol""]}","{""morning"":false,""noon"":true,""evening"":true,""cold_weather"":true,""want_hot_food"":true}",
422,mì hoành thánh,đồ ăn,"mì, hoành thánh, rau, hành","hoành thánh (nhiều/ít), hành (nhiều/ít/không), rau (nhiều/ít/không), ớt (có/không)","{""hoành_thánh"": [""nhiều"", ""ít""], ""hành"": [""nhiều"", ""ít"", ""không""], ""rau"": [""nhiều"", ""ít"", ""không""], ""ớt"": [""có"", ""không""]}","Mì hoành thánh là món nước thanh nhẹ, dễ tiêu. Phù hợp người hệ tiêu hóa kém; không phù hợp người cao huyết áp nếu dùng nhiều nước mắm.","{""type"":""đồ ăn"",""taste"":[""savory""],""ingredients"":[""mì"",""hoành thánh"",""rau"",""hành""],""options"":[""hoành thánh (nhiều/ít)"",""hành (nhiều/ít/không)"",""rau (nhiều/ít/không)"",""ớt (có/không)""],""suitable_for"":[""poor_digestive_system""],""avoid_for"":[""high_blood_pressure""]}","{""good_for"":[""poor_digestive_system""],""bad_for"":[""high_blood_pressure""]}","{""morning"":true,""noon"":true,""evening"":true,""want_hot_food"":true}",
423,mì xá xíu,đồ ăn,"mì, thịt xá xíu, rau, hành","xá xíu (nhiều/ít), hành (nhiều/ít/không), rau (nhiều/ít/không), ớt (có/không)","{""xá_xíu"": [""nhiều"", ""ít""], ""hành"": [""nhiều"", ""ít"", ""không""], ""rau"": [""nhiều"", ""ít"", ""không""], ""ớt"": [""có"", ""không""]}","Mì xá xíu là món khô hoặc nước đậm vị, giàu đạm và béo nhẹ. Phù hợp người thiếu máu; không phù hợp người cao huyết áp.","{""type"":""đồ ăn"",""taste"":[""savory"",""sweet""],""ingredients"":[""mì"",""thịt xá xíu"",""rau"",""hành""],""options"":[""xá xíu (nhiều/ít)"",""hành (nhiều/ít/không)"",""rau (nhiều/ít/không)"",""ớt (có/không)""],""suitable_for"":[""anemia""],""avoid_for"":[""high_blood_pressure"",""obesity""]}","{""good_for"":[""anemia""],""bad_for"":[""high_blood_pressure"",""obesity""]}","{""morning"":true,""noon"":true,""evening"":true}",
424,phở bò tái,đồ ăn,"bánh phở, bò tái, hành, rau","bò tái (nhiều/ít), hành (nhiều/ít/không), rau (nhiều/ít/không), ớt (có/không), chanh (có/không)","{""bò_tái"": [""nhiều"", ""ít""], ""hành"": [""nhiều"", ""ít"", ""không""], ""rau"": [""nhiều"", ""ít"", ""không""], ""ớt"": [""có"", ""không""], ""chanh"": [""có"", ""không""]}","Phở bò tái là món nước thanh, giàu đạm và dễ tiêu. Phù hợp người thiếu máu; không phù hợp người cao huyết áp nếu dùng nhiều nước mắm.","{""type"":""đồ ăn"",""taste"":[""savory""],""ingredients"":[""bánh phở"",""bò tái"",""hành"",""rau""],""options"":[""bò tái (nhiều/ít)"",""hành (nhiều/ít/không)"",""rau (nhiều/ít/không)"",""ớt (có/không)"",""chanh (có/không)""],""suitable_for"":[""anemia"",""poor_digestive_system""],""avoid_for"":[""high_blood_pressure""]}","{""good_for"":[""anemia"",""poor_digestive_system""],""bad_for"":[""high_blood_pressure""]}","{""morning"":true,""noon"":true,""evening"":true,""want_hot_food"":true}",
425,cơm gà luộc,đồ ăn,"cơm, gà luộc, rau răm, hành","gà (nhiều/ít), rau răm (nhiều/ít/không), hành (nhiều/ít/không), nước mắm (cay/không cay)","{""gà"": [""nhiều"", ""ít""], ""rau_răm"": [""nhiều"", ""ít"", ""không""], ""hành"": [""nhiều"", ""ít"", ""không""], ""nước_mắm"": [""cay"", ""không cay""]}","Cơm gà luộc là món ít béo, thanh và dễ tiêu. Phù hợp người béo phì hoặc hệ tiêu hóa kém; không phù hợp người cao huyết áp nếu dùng nước mắm nhiều.","{""type"":""đồ ăn"",""taste"":[""savory""],""ingredients"":[""cơm"",""gà luộc"",""rau răm"",""hành""],""options"":[""gà (nhiều/ít)"",""rau răm (nhiều/ít/không)"",""hành (nhiều/ít/không)"",""nước mắm (cay/không cay)""],""suitable_for"":[""obesity"",""poor_digestive_system""],""avoid_for"":[""high_blood_pressure""]}","{""good_for"":[""obesity"",""poor_digestive_system""],""bad_for"":[""high_blood_pressure""]}","{""morning"":true,""noon"":true,""evening"":true}",
426,cơm chiên trứng,đồ ăn,"cơm chiên, trứng, rau củ","trứng (nhiều/ít), rau củ (nhiều/ít/không), cơm (nhiều/ít)","{""trứng"": [""nhiều"", ""ít""], ""rau_củ"": [""nhiều"", ""ít"", ""không""], ""cơm"": [""nhiều"", ""ít""]}",Cơm chiên trứng là món giàu năng lượng và dễ ăn. Phù hợp người cần bổ sung năng lượng; không phù hợp người béo phì.,"{""type"":""đồ ăn"",""taste"":[""savory""],""ingredients"":[""cơm chiên"",""trứng"",""rau củ""],""options"":[""trứng (nhiều/ít)"",""rau củ (nhiều/ít/không)"",""cơm (nhiều/ít)""],""suitable_for"":[""weight_gain""],""avoid_for"":[""obesity"",""high_cholesterol""]}","{""good_for"":[""weight_gain""],""bad_for"":[""obesity"",""high_cholesterol""]}","{""morning"":false,""noon"":true,""evening"":true}",
427,cơm sườn nướng,đồ ăn,"cơm, sườn nướng, đồ chua, mỡ hành","sườn (nhiều/ít), mỡ hành (nhiều/ít/không), đồ chua (nhiều/ít), nước mắm (cay/không cay)","{""sườn"": [""nhiều"", ""ít""], ""mỡ_hành"": [""nhiều"", ""ít"", ""không""], ""đồ_chua"": [""nhiều"", ""ít""], ""nước_mắm"": [""cay"", ""không cay""]}","Cơm sườn nướng là món đậm vị, giàu năng lượng. Phù hợp người cần tăng năng lượng; không phù hợp người béo phì hoặc cao huyết áp.","{""type"":""đồ ăn"",""taste"":[""savory"",""sweet""],""ingredients"":[""cơm"",""sườn nướng"",""đồ chua"",""mỡ hành""],""options"":[""sườn (nhiều/ít)"",""mỡ hành (nhiều/ít/không)"",""đồ chua (nhiều/ít)"",""nước mắm (cay/không cay)""],""suitable_for"":[""weight_gain""],""avoid_for"":[""high_blood_pressure"",""obesity""]}","{""good_for"":[""weight_gain""],""bad_for"":[""high_blood_pressure"",""obesity""]}","{""morning"":false,""noon"":true,""evening"":true}",
428,cơm bò lúc lắc,đồ ăn,"cơm, bò lúc lắc, ớt chuông, hành tây","bò (nhiều/ít), rau củ (nhiều/ít/không), nước mắm (cay/không cay)","{""bò"": [""nhiều"", ""ít""], ""rau_củ"": [""nhiều"", ""ít"", ""không""], ""nước_mắm"": [""cay"", ""không cay""]}","Cơm bò lúc lắc là món giàu đạm, ít béo và cân bằng. Phù hợp người thiếu máu; không phù hợp người huyết áp cao.","{""type"":""đồ ăn"",""taste"":[""savory""],""ingredients"":[""cơm"",""bò lúc lắc"",""ớt chuông"",""hành tây""],""options"":[""bò (nhiều/ít)"",""rau củ (nhiều/ít/không)"",""nước mắm (cay/không cay)""],""suitable_for"":[""anemia""],""avoid_for"":[""high_blood_pressure""]}","{""good_for"":[""anemia""],""bad_for"":[""high_blood_pressure""]}","{""morning"":true,""noon"":true,""evening"":true}",
429,cơm cá kho,đồ ăn,"cơm, cá kho, dưa leo, rau thơm","cá (nhiều/ít), rau (nhiều/ít/không), ớt (nhiều/ít/không)","{""cá"": [""nhiều"", ""ít""], ""rau"": [""nhiều"", ""ít"", ""không""], ""ớt"": [""nhiều"", ""ít"", ""không""]}","Cơm cá kho là món đậm vị, giàu đạm và dễ tiêu. Phù hợp người thiếu máu; không phù hợp người cao huyết áp nếu kho quá mặn.","{""type"":""đồ ăn"",""taste"":[""savory"",""salty""],""ingredients"":[""cơm"",""cá kho"",""dưa leo"",""rau thơm""],""options"":[""cá (nhiều/ít)"",""rau (nhiều/ít/không)"",""ớt (nhiều/ít/không)""],""suitable_for"":[""anemia"",""poor_digestive_system""],""avoid_for"":[""high_blood_pressure""]}","{""good_for"":[""anemia"",""poor_digestive_system""],""bad_for"":[""high_blood_pressure""]}","{""morning"":true,""noon"":true,""evening"":true}",
430,cơm chiên trứng muối,đồ ăn,"cơm chiên, trứng muối, trứng, rau củ","trứng muối (nhiều/ít), trứng (nhiều/ít), rau củ (nhiều/ít/không), cơm (nhiều/ít)","{""trứng_muối"": [""nhiều"", ""ít""], ""trứng"": [""nhiều"", ""ít""], ""rau_củ"": [""nhiều"", ""ít"", ""không""], ""cơm"": [""nhiều"", ""ít""]}","Cơm chiên trứng muối là món béo, mặn và nhiều năng lượng. Phù hợp người cần tăng cân; không phù hợp người cao huyết áp hoặc béo phì.","{""type"":""đồ ăn"",""taste"":[""savory"",""salty""],""ingredients"":[""cơm chiên"",""trứng muối"",""trứng"",""rau củ""],""options"":[""trứng muối (nhiều/ít)"",""trứng (nhiều/ít)"",""rau củ (nhiều/ít/không)"",""cơm (nhiều/ít)""],""suitable_for"":[""weight_gain""],""avoid_for"":[""high_blood_pressure"",""obesity"",""high_cholesterol""]}","{""good_for"":[""weight_gain""],""bad_for"":[""high_blood_pressure"",""obesity"",""high_cholesterol""]}","{""morning"":false,""noon"":true,""evening"":true}",
431,cơm gà rô ti,đồ ăn,"cơm, gà rô ti, dưa leo, đồ chua","gà rô ti (nhiều/ít), đồ chua (nhiều/ít), nước mắm (cay/không cay)","{""gà_rô_ti"": [""nhiều"", ""ít""], ""đồ_chua"": [""nhiều"", ""ít""], ""nước_mắm"": [""cay"", ""không cay""]}","Cơm gà rô ti là món đậm vị, giàu đạm và năng lượng. Phù hợp người cần ăn tăng năng lượng; không phù hợp người cao huyết áp do độ mặn và béo.","{""type"":""đồ ăn"",""taste"":[""savory"",""sweet""],""ingredients"":[""cơm"",""gà rô ti"",""dưa leo"",""đồ chua""],""options"":[""gà rô ti (nhiều/ít)"",""đồ chua (nhiều/ít)"",""nước mắm (cay/không cay)""],""suitable_for"":[""weight_gain"",""anemia""],""avoid_for"":[""high_blood_pressure"",""obesity""]}","{""good_for"":[""weight_gain"",""anemia""],""bad_for"":[""high_blood_pressure"",""obesity""]}","{""morning"":false,""noon"":true,""evening"":true}",
432,cơm hải sản,đồ ăn,"cơm, tôm, mực, cá, rau củ","tôm (nhiều/ít), mực (nhiều/ít), cá (nhiều/ít), rau củ (nhiều/ít/không)","{""tôm"": [""nhiều"", ""ít""], ""mực"": [""nhiều"", ""ít""], ""cá"": [""nhiều"", ""ít""], ""rau_củ"": [""nhiều"", ""ít"", ""không""]}","Cơm hải sản là món giàu đạm, ít béo và thanh. Phù hợp người thiếu máu hoặc đang giảm cân; không phù hợp người dị ứng hải sản.","{""type"":""đồ ăn"",""taste"":[""savory""],""ingredients"":[""cơm"",""tôm"",""mực"",""cá"",""rau củ""],""options"":[""tôm (nhiều/ít)"",""mực (nhiều/ít)"",""cá (nhiều/ít)"",""rau củ (nhiều/ít/không)""],""suitable_for"":[""anemia"",""obesity""],""avoid_for"":[""seafood_allergy""]}","{""good_for"":[""anemia"",""obesity""],""bad_for"":[""seafood_allergy""]}","{""morning"":true,""noon"":true,""evening"":true}",
433,cơm chay thập cẩm,đồ ăn,"cơm, đậu hũ, rau củ, nấm","đậu hũ (nhiều/ít), rau củ (nhiều/ít), nấm (nhiều/ít)","{""đậu_hũ"": [""nhiều"", ""ít""], ""rau_củ"": [""nhiều"", ""ít""], ""nấm"": [""nhiều"", ""ít""]}","Cơm chay thập cẩm là món ít béo, giàu chất xơ và dễ tiêu. Phù hợp người béo phì hoặc nóng trong người.","{""type"":""đồ ăn"",""taste"":[""fresh"",""savory""],""ingredients"":[""cơm"",""đậu hũ"",""rau củ"",""nấm""],""options"":[""đậu hũ (nhiều/ít)"",""rau củ (nhiều/ít)"",""nấm (nhiều/ít)""],""suitable_for"":[""obesity"",""body_heat"",""poor_digestive_system""],""avoid_for"":[]}","{""good_for"":[""obesity"",""body_heat"",""poor_digestive_system""],""bad_for"":[]}","{""morning"":true,""noon"":true,""evening"":true}",
434,nem nướng,đồ ăn,"nem nướng, bánh tráng, rau, đồ chua, nước chấm","rau (nhiều/ít/không), đồ chua (nhiều/ít), nước chấm (cay/không cay)","{""rau"": [""nhiều"", ""ít"", ""không""], ""đồ_chua"": [""nhiều"", ""ít""], ""nước_chấm"": [""cay"", ""không cay""]}","Nem nướng là món đậm vị, giàu đạm và dễ ăn. Phù hợp người cần năng lượng; không phù hợp cao huyết áp.","{""type"":""đồ ăn"",""taste"":[""savory"",""sweet""],""ingredients"":[""nem nướng"",""bánh tráng"",""rau"",""đồ chua"",""nước chấm""],""options"":[""rau (nhiều/ít/không)"",""đồ chua (nhiều/ít)"",""nước chấm (cay/không cay)""],""suitable_for"":[""weight_gain""],""avoid_for"":[""high_blood_pressure""]}","{""good_for"":[""weight_gain""],""bad_for"":[""high_blood_pressure""]}","{""morning"":false,""noon"":true,""evening"":true,""with_friends"":true}",
435,bò bía,đồ ăn,"bánh tráng, lạp xưởng, trứng, rau thơm","rau (nhiều/ít/không), nước chấm (cay/không cay)","{""rau"": [""nhiều"", ""ít"", ""không""], ""nước_chấm"": [""cay"", ""không cay""]}",Bò bía là món cuốn thanh nhẹ nhưng có lạp xưởng hơi béo. Phù hợp người cần năng lượng nhẹ; không phù hợp người béo phì.,"{""type"":""đồ ăn"",""taste"":[""savory"",""sweet""],""ingredients"":[""bánh tráng"",""lạp xưởng"",""trứng"",""rau thơm""],""options"":[""rau (nhiều/ít/không)"",""nước chấm (cay/không cay)""],""suitable_for"":[""weight_gain""],""avoid_for"":[""obesity""]}","{""good_for"":[""weight_gain""],""bad_for"":[""obesity""]}","{""morning"":true,""noon"":true,""evening"":true,""on_the_go"":true}",
436,bánh mì thịt nướng,đồ ăn,"bánh mì, thịt nướng, rau, đồ chua, ớt","thịt (nhiều/ít), rau (nhiều/ít/không), ớt (nhiều/ít/không)","{""thịt"": [""nhiều"", ""ít""], ""rau"": [""nhiều"", ""ít"", ""không""], ""ớt"": [""nhiều"", ""ít"", ""không""]}","Bánh mì thịt nướng là món đậm vị, nhiều năng lượng. Phù hợp người hoạt động nhiều; không phù hợp cao huyết áp và béo phì.","{""type"":""đồ ăn"",""taste"":[""savory"",""sweet""],""ingredients"":[""bánh mì"",""thịt nướng"",""rau"",""đồ chua"",""ớt""],""options"":[""thịt (nhiều/ít)"",""rau (nhiều/ít/không)"",""ớt (nhiều/ít/không)""],""suitable_for"":[""weight_gain""],""avoid_for"":[""high_blood_pressure"",""obesity""]}","{""good_for"":[""weight_gain""],""bad_for"":[""high_blood_pressure"",""obesity""]}","{""morning"":true,""noon"":true,""evening"":true,""on_the_go"":true}",
437,bánh mì xíu mại,đồ ăn,"bánh mì, xíu mại, rau, đồ chua, ớt","xíu mại (nhiều/ít), rau (nhiều/ít/không), ớt (nhiều/ít/không)","{""xíu_mại"": [""nhiều"", ""ít""], ""rau"": [""nhiều"", ""ít"", ""không""], ""ớt"": [""nhiều"", ""ít"", ""không""]}","Bánh mì xíu mại là món nóng, mềm, dễ ăn. Phù hợp người tiêu hóa kém; không phù hợp cao huyết áp do sốt mặn.","{""type"":""đồ ăn"",""taste"":[""savory""],""ingredients"":[""bánh mì"",""xíu mại"",""rau"",""đồ chua"",""ớt""],""options"":[""xíu mại (nhiều/ít)"",""rau (nhiều/ít/không)"",""ớt (nhiều/ít/không)""],""suitable_for"":[""poor_digestive_system""],""avoid_for"":[""high_blood_pressure""]}","{""good_for"":[""poor_digestive_system""],""bad_for"":[""high_blood_pressure""]}","{""morning"":true,""noon"":true,""evening"":true}",
438,bánh mì ốp la,đồ ăn,"bánh mì, trứng ốp la, rau, pate","trứng (nhiều/ít), pate (nhiều/ít/không), rau (nhiều/ít/không), ớt (nhiều/ít/không)","{""trứng"": [""nhiều"", ""ít""], ""pate"": [""nhiều"", ""ít"", ""không""], ""rau"": [""nhiều"", ""ít"", ""không""], ""ớt"": [""nhiều"", ""ít"", ""không""]}","Bánh mì ốp la là món giàu đạm, béo nhẹ. Phù hợp người cần năng lượng buổi sáng; không phù hợp người cholesterol cao.","{""type"":""đồ ăn"",""taste"":[""savory""],""ingredients"":[""bánh mì"",""trứng ốp la"",""rau"",""pate""],""options"":[""trứng (nhiều/ít)"",""pate (nhiều/ít/không)"",""rau (nhiều/ít/không)"",""ớt (nhiều/ít/không)""],""suitable_for"":[""weight_gain"",""anemia""],""avoid_for"":[""high_cholesterol""]}","{""good_for"":[""weight_gain"",""anemia""],""bad_for"":[""high_cholesterol""]}","{""morning"":true,""noon"":true,""evening"":false}",
439,bún bò khô,đồ ăn,"bún, bò, rau, hành, đậu phộng","bò (nhiều/ít), rau (nhiều/ít/không), hành (nhiều/ít/không), đậu phộng (nhiều/ít/không), ớt (có/không)","{""bò"": [""nhiều"", ""ít""], ""rau"": [""nhiều"", ""ít"", ""không""], ""hành"": [""nhiều"", ""ít"", ""không""], ""đậu_phộng"": [""nhiều"", ""ít"", ""không""], ""ớt"": [""có"", ""không""]}","Bún bò khô là món đậm vị, giàu đạm và béo nhẹ từ đậu phộng. Phù hợp người thiếu máu; không phù hợp người dị ứng đậu phộng.","{""type"":""đồ ăn"",""taste"":[""savory"",""spicy""],""ingredients"":[""bún"",""bò"",""rau"",""hành"",""đậu phộng""],""options"":[""bò (nhiều/ít)"",""rau (nhiều/ít/không)"",""hành (nhiều/ít/không)"",""đậu phộng (nhiều/ít/không)"",""ớt (có/không)""],""suitable_for"":[""anemia""],""avoid_for"":[""nut_allergy""]}","{""good_for"":[""anemia""],""bad_for"":[""nut_allergy""]}","{""morning"":true,""noon"":true,""evening"":true}",
440,bún gà xé,đồ ăn,"bún, gà xé, rau, hành","gà (nhiều/ít), rau (nhiều/ít/không), hành (nhiều/ít/không), ớt (có/không)","{""gà"": [""nhiều"", ""ít""], ""rau"": [""nhiều"", ""ít"", ""không""], ""hành"": [""nhiều"", ""ít"", ""không""], ""ớt"": [""có"", ""không""]}","Bún gà xé là món thanh nhẹ, ít béo và dễ tiêu. Phù hợp người tiêu hóa kém và béo phì; hầu như không có chống chỉ định.","{""type"":""đồ ăn"",""taste"":[""savory""],""ingredients"":[""bún"",""gà xé"",""rau"",""hành""],""options"":[""gà (nhiều/ít)"",""rau (nhiều/ít/không)"",""hành (nhiều/ít/không)"",""ớt (có/không)""],""suitable_for"":[""poor_digestive_system"",""obesity""],""avoid_for"":[]}","{""good_for"":[""poor_digestive_system"",""obesity""],""bad_for"":[]}","{""morning"":true,""noon"":true,""evening"":true}",
441,bún thịt luộc,đồ ăn,"bún, thịt luộc, rau, mắm nêm/nước mắm","thịt (nhiều/ít), rau (nhiều/ít/không), nước mắm (cay/không cay)","{""thịt"": [""nhiều"", ""ít""], ""rau"": [""nhiều"", ""ít"", ""không""], ""nước_mắm"": [""cay"", ""không cay""]}","Bún thịt luộc là món thanh nhẹ, ít béo, dễ tiêu. Phù hợp người béo phì hoặc hệ tiêu hóa kém; không phù hợp người cao huyết áp nếu dùng mắm nêm nhiều.","{""type"":""đồ ăn"",""taste"":[""savory""],""ingredients"":[""bún"",""thịt luộc"",""rau"",""mắm nêm/nước mắm""],""options"":[""thịt (nhiều/ít)"",""rau (nhiều/ít/không)"",""nước mắm (cay/không cay)""],""suitable_for"":[""obesity"",""poor_digestive_system""],""avoid_for"":[""high_blood_pressure""]}","{""good_for"":[""obesity"",""poor_digestive_system""],""bad_for"":[""high_blood_pressure""]}","{""morning"":true,""noon"":true,""evening"":true}",
442,miến trộn,đồ ăn,"miến, thịt/đậu hũ, rau, hành phi","thịt/đậu hũ (nhiều/ít), rau (nhiều/ít/không), hành phi (nhiều/ít/không), ớt (có/không)","{""thịt_đậu_hũ"": [""nhiều"", ""ít""], ""rau"": [""nhiều"", ""ít"", ""không""], ""hành_phi"": [""nhiều"", ""ít"", ""không""], ""ớt"": [""có"", ""không""]}","Miến trộn là món nhẹ bụng, dễ tiêu, ít béo. Phù hợp người hệ tiêu hóa kém; không phù hợp người huyết áp cao nếu mặn.","{""type"":""đồ ăn"",""taste"":[""savory""],""ingredients"":[""miến"",""thịt/đậu hũ"",""rau"",""hành phi""],""options"":[""thịt/đậu hũ (nhiều/ít)"",""rau (nhiều/ít/không)"",""hành phi (nhiều/ít/không)"",""ớt (có/không)""],""suitable_for"":[""poor_digestive_system""],""avoid_for"":[""high_blood_pressure""]}","{""good_for"":[""poor_digestive_system""],""bad_for"":[""high_blood_pressure""]}","{""morning"":true,""noon"":true,""evening"":true}",
443,mì cay,đồ ăn,"mì, hải sản/thịt, rau, ớt, hành","topping chính (nhiều/ít), rau (nhiều/ít/không), mức cay (1-5)","{""topping_chính"": [""nhiều"", ""ít""], ""rau"": [""nhiều"", ""ít"", ""không""], ""mức_cay"": [""1-5""]}","Mì cay là món đậm vị, kích thích tiêu hóa nhưng cay mạnh. Phù hợp người muốn ăn kích thích; không phù hợp người đau dạ dày hoặc cao huyết áp.","{""type"":""đồ ăn"",""taste"":[""spicy"",""savory""],""ingredients"":[""mì"",""hải sản/thịt"",""rau"",""ớt"",""hành""],""options"":[""topping chính (nhiều/ít)"",""rau (nhiều/ít/không)"",""mức cay (1-5)""],""suitable_for"":[""poor_digestive_system""],""avoid_for"":[""gastritis"",""weak_stomach"",""high_blood_pressure""]}","{""good_for"":[""poor_digestive_system""],""bad_for"":[""gastritis"",""weak_stomach"",""high_blood_pressure""]}","{""morning"":false,""noon"":true,""evening"":true}",
444,hủ tiếu khô,đồ ăn,"hủ tiếu, thịt, rau, hành","thịt (nhiều/ít), rau (nhiều/ít/không), hành (nhiều/ít/không), ớt (có/không)","{""thịt"": [""nhiều"", ""ít""], ""rau"": [""nhiều"", ""ít"", ""không""], ""hành"": [""nhiều"", ""ít"", ""không""], ""ớt"": [""có"", ""không""]}","Hủ tiếu khô là món ít béo, thanh và dễ tiêu. Phù hợp người đang giảm cân và tiêu hóa kém.","{""type"":""đồ ăn"",""taste"":[""savory""],""ingredients"":[""hủ tiếu"",""thịt"",""rau"",""hành""],""options"":[""thịt (nhiều/ít)"",""rau (nhiều/ít/không)"",""hành (nhiều/ít/không)"",""ớt (có/không)""],""suitable_for"":[""obesity"",""poor_digestive_system""],""avoid_for"":[]}","{""good_for"":[""obesity"",""poor_digestive_system""],""bad_for"":[]}","{""morning"":true,""noon"":true,""evening"":true}",
445,mì quảng trộn,đồ ăn,"mì quảng, thịt/tôm, rau, đậu phộng","thịt/tôm (nhiều/ít), rau (nhiều/ít/không), đậu phộng (nhiều/ít/không), ớt (có/không)","{""thịt_tôm"": [""nhiều"", ""ít""], ""rau"": [""nhiều"", ""ít"", ""không""], ""đậu_phộng"": [""nhiều"", ""ít"", ""không""], ""ớt"": [""có"", ""không""]}","Mì quảng trộn là món đậm vị, ít nước, dễ tiêu. Phù hợp người thiếu máu; không phù hợp người dị ứng đậu phộng.","{""type"":""đồ ăn"",""taste"":[""savory""],""ingredients"":[""mì quảng"",""thịt/tôm"",""rau"",""đậu phộng""],""options"":[""thịt/tôm (nhiều/ít)"",""rau (nhiều/ít/không)"",""đậu phộng (nhiều/ít/không)"",""ớt (có/không)""],""suitable_for"":[""anemia""],""avoid_for"":[""nut_allergy"",""seafood_allergy""]}","{""good_for"":[""anemia""],""bad_for"":[""nut_allergy"",""seafood_allergy""]}","{""morning"":true,""noon"":true,""evening"":true}",
446,cơm chiên gà xối mỡ,đồ ăn,"cơm chiên, gà xối mỡ, rau, hành","gà (nhiều/ít), hành (nhiều/ít/không), rau (nhiều/ít/không)","{""gà"": [""nhiều"", ""ít""], ""hành"": [""nhiều"", ""ít"", ""không""], ""rau"": [""nhiều"", ""ít"", ""không""]}",Cơm chiên gà xối mỡ là món rất nhiều năng lượng và béo. Phù hợp người cần tăng cân; không phù hợp người béo phì và tim mạch.,"{""type"":""đồ ăn"",""taste"":[""savory""],""ingredients"":[""cơm chiên"",""gà xối mỡ"",""rau"",""hành""],""options"":[""gà (nhiều/ít)"",""hành (nhiều/ít/không)"",""rau (nhiều/ít/không)""],""suitable_for"":[""weight_gain""],""avoid_for"":[""obesity"",""heart_disease"",""high_cholesterol""]}","{""good_for"":[""weight_gain""],""bad_for"":[""obesity"",""heart_disease"",""high_cholesterol""]}","{""morning"":false,""noon"":true,""evening"":true}",
447,Cơm thịt nướng,đồ ăn,"Cơm, Thịt nướng, Đồ chua, Nước mắm","Thịt nướng (Nhiều/Ít), Nước mắm (Nhiều/Ít)","{""thịt_nướng"": [""nhiều"", ""ít""], ""nước_mắm"": [""nhiều"", ""ít""]}","Cơm thịt nướng là món đậm vị, giàu năng lượng. Phù hợp người cần ăn tăng năng lượng; không phù hợp người cao huyết áp.","{""type"":""đồ ăn"",""taste"":[""savory"",""sweet""],""ingredients"":[""cơm"",""thịt nướng"",""đồ chua"",""nước mắm""],""options"":[""Thịt nướng (Nhiều/Ít)"",""Nước mắm (Nhiều/Ít)""],""suitable_for"":[""weight_gain""],""avoid_for"":[""high_blood_pressure"",""obesity""]}","{""good_for"":[""weight_gain""],""bad_for"":[""high_blood_pressure"",""obesity""]}","{""morning"":false,""noon"":true,""evening"":true}",
448,Cá kho tiêu,đồ ăn,"Cá, Tiêu, Nước mắm, Hành tỏi","Tiêu (Nhiều/Ít), Nước mắm (Nhiều/Ít), Hành tỏi (Nhiều/Ít/Không)","{""tiêu"": [""nhiều"", ""ít""], ""nước_mắm"": [""nhiều"", ""ít""], ""hành_tỏi"": [""nhiều"", ""ít"", ""không""]}","Cá kho tiêu là món đậm vị, giàu đạm và kích thích tiêu hóa. Phù hợp người thiếu máu; không phù hợp người cao huyết áp nếu kho quá mặn.","{""type"":""đồ ăn"",""taste"":[""savory"",""spicy""],""ingredients"":[""cá"",""tiêu"",""nước mắm"",""hành tỏi""],""options"":[""Tiêu (Nhiều/Ít)"",""Nước mắm (Nhiều/Ít)"",""Hành tỏi (Nhiều/Ít/Không)""],""suitable_for"":[""anemia"",""poor_digestive_system""],""avoid_for"":[""high_blood_pressure""]}","{""good_for"":[""anemia"",""poor_digestive_system""],""bad_for"":[""high_blood_pressure""]}","{""morning"":true,""noon"":true,""evening"":true}",
449,Bò kho,đồ ăn,"Thịt bò, Cà rốt, Hành, Bánh mì","Thịt bò (Nhiều/Ít), Cà rốt (Nhiều/Ít), Hành (Nhiều/Ít/Không)","{""thịt_bò"": [""nhiều"", ""ít""], ""cà_rốt"": [""nhiều"", ""ít""], ""hành"": [""nhiều"", ""ít"", ""không""]}","Bò kho là món giàu đạm, ấm và giàu năng lượng. Phù hợp người thiếu máu hoặc cần phục hồi sức khỏe; không phù hợp người cao huyết áp.","{""type"":""đồ ăn"",""taste"":[""savory"",""spicy""],""ingredients"":[""thịt bò"",""cà rốt"",""hành"",""bánh mì""],""options"":[""Thịt bò (Nhiều/Ít)"",""Cà rốt (Nhiều/Ít)"",""Hành (Nhiều/Ít/Không)""],""suitable_for"":[""anemia""],""avoid_for"":[""high_blood_pressure""]}","{""good_for"":[""anemia""],""bad_for"":[""high_blood_pressure""]}","{""morning"":false,""noon"":true,""evening"":true}",
450,Gà nướng mật ong,đồ ăn,"Gà, Mật ong, Tỏi, Ớt, Hành","Ớt (Nhiều/Ít/Không), Mật ong (Nhiều/Ít), Hành (Nhiều/Ít/Không)","{""ớt"": [""nhiều"", ""ít"", ""không""], ""mật_ong"": [""nhiều"", ""ít""], ""hành"": [""nhiều"", ""ít"", ""không""]}","Gà nướng mật ong có vị mặn ngọt và hơi cay, giàu chất béo. Không phù hợp người béo phì, tiểu đường hoặc cao huyết áp.","{""type"":""đồ ăn"",""taste"":[""salty"",""sweet"",""spicy""],""ingredients"":[""Gà"",""Mật ong"",""Tỏi"",""Ớt"",""Hành""],""options"":[""Ớt (Nhiều/Ít/Không)"",""Mật ong (Nhiều/Ít)"",""Hành (Nhiều/Ít/Không)""],""suitable_for"":[],""avoid_for"":[""diabetes"",""obesity"",""high_blood_pressure"",""fatty_liver""]}","{""good_for"":[],""bad_for"":[""diabetes"",""obesity"",""high_blood_pressure"",""fatty_liver""]}","{""morning"":false,""noon"":true,""evening"":true,""midnight"":false,""hot_weather"":false,""cold_weather"":true,""rainy"":false,""sunny_strong"":false,""pre_work"":false,""post_work"":true,""post_workout"":false,""light_meal"":false,""want_hot_food"":true,""want_cold_food"":false,""in_a_hurry"":false,""on_the_go"":false,""with_friends"":true,""need_relax"":false,""portable"":false,""short_lunch_break"":false}",
451,Canh bí đao nấu tôm,đồ ăn,"Bí đao, Tôm, Hành lá, Nước lèo","Tôm (Nhiều/Ít), Hành lá (Nhiều/Ít/Không), Nước lèo (Nhiều/Ít)","{""tôm"": [""nhiều"", ""ít""], ""hành_lá"": [""nhiều"", ""ít"", ""không""], ""nước_lèo"": [""nhiều"", ""ít""]}","Canh bí đao nấu tôm là món thanh mát, nhẹ bụng và ít béo. Phù hợp người cao huyết áp và nóng trong; không phù hợp người dị ứng hải sản.","{""type"":""đồ ăn"",""taste"":[""light""],""ingredients"":[""Bí đao"",""Tôm"",""Hành lá"",""Nước lèo""],""options"":[""Tôm (Nhiều/Ít)"",""Hành lá (Nhiều/Ít/Không)"",""Nước lèo (Nhiều/Ít)""],""suitable_for"":[""high_blood_pressure"",""body_heat""],""avoid_for"":[""seafood_allergy""]}","{""good_for"":[""high_blood_pressure"",""body_heat""],""bad_for"":[""seafood_allergy""]}","{""morning"":true,""noon"":true,""evening"":true,""midnight"":false,""hot_weather"":true,""cold_weather"":false,""rainy"":true,""sunny_strong"":true,""pre_work"":false,""post_work"":true,""post_workout"":true,""light_meal"":true,""want_hot_food"":true,""want_cold_food"":false,""in_a_hurry"":false,""on_the_go"":false,""with_friends"":false,""need_relax"":true,""portable"":false,""short_lunch_break"":false}",
452,Canh cải ngọt,đồ ăn,"Cải ngọt, Thịt bằm, Hành lá, Nước lèo","Thịt bằm (Nhiều/Ít/Không), Hành lá (Nhiều/Ít/Không), Nước lèo (Nhiều/Ít)","{""thịt_bằm"": [""nhiều"", ""ít"", ""không""], ""hành_lá"": [""nhiều"", ""ít"", ""không""], ""nước_lèo"": [""nhiều"", ""ít""]}","Canh cải ngọt là món thanh đạm, dễ tiêu và ít chất béo. Phù hợp người cao huyết áp, nóng trong và khó tiêu; không phù hợp người dị ứng đạm động vật.","{""type"":""đồ ăn"",""taste"":[""light""],""ingredients"":[""Cải ngọt"",""Thịt bằm"",""Hành lá"",""Nước lèo""],""options"":[""Thịt bằm (Nhiều/Ít/Không)"",""Hành lá (Nhiều/Ít/Không)"",""Nước lèo (Nhiều/Ít)""],""suitable_for"":[""high_blood_pressure"",""body_heat"",""indigestion""],""avoid_for"":[]}","{""good_for"":[""high_blood_pressure"",""body_heat"",""indigestion""],""bad_for"":[]}","{""morning"":true,""noon"":true,""evening"":true,""midnight"":false,""hot_weather"":true,""cold_weather"":false,""rainy"":true,""sunny_strong"":true,""pre_work"":false,""post_work"":true,""post_workout"":true,""light_meal"":true,""want_hot_food"":true,""want_cold_food"":false,""in_a_hurry"":false,""on_the_go"":false,""with_friends"":false,""need_relax"":true,""portable"":false,""short_lunch_break"":false}",
453,Canh rau dền,đồ ăn,"Rau dền, Tôm khô, Hành lá, Nước lèo","Tôm khô (Nhiều/Ít), Hành lá (Nhiều/Ít/Không), Nước lèo (Nhiều/Ít)","{""tôm_khô"": [""nhiều"", ""ít""], ""hành_lá"": [""nhiều"", ""ít"", ""không""], ""nước_lèo"": [""nhiều"", ""ít""]}","Canh rau dền là món thanh mát, dễ tiêu, giàu vi chất. Phù hợp người nóng trong và thiếu máu; không phù hợp người dị ứng hải sản.","{""type"":""đồ ăn"",""taste"":[""light""],""ingredients"":[""Rau dền"",""Tôm khô"",""Hành lá"",""Nước lèo""],""options"":[""Tôm khô (Nhiều/Ít)"",""Hành lá (Nhiều/Ít/Không)"",""Nước lèo (Nhiều/Ít)""],""suitable_for"":[""body_heat"",""anemia""],""avoid_for"":[""seafood_allergy""]}","{""good_for"":[""body_heat"",""anemia""],""bad_for"":[""seafood_allergy""]}","{""morning"":true,""noon"":true,""evening"":true,""midnight"":false,""hot_weather"":true,""cold_weather"":false,""rainy"":true,""sunny_strong"":true,""pre_work"":false,""post_work"":true,""post_workout"":true,""light_meal"":true,""want_hot_food"":true,""want_cold_food"":false,""in_a_hurry"":false,""on_the_go"":false,""with_friends"":false,""need_relax"":true,""portable"":false,""short_lunch_break"":false}",
454,Đậu hũ kho nấm,đồ ăn,"Đậu hũ, Nấm, Hành, Nước tương","Nấm (Nhiều/Ít), Nước tương (Nhiều/Ít), Hành (Nhiều/Ít/Không)","{""nấm"": [""nhiều"", ""ít""], ""nước_tương"": [""nhiều"", ""ít""], ""hành"": [""nhiều"", ""ít"", ""không""]}","Đậu hũ kho nấm là món thanh đạm, ít béo và dễ tiêu. Phù hợp người cao huyết áp và khó tiêu; không phù hợp người bị sỏi thận do oxalate trong nấm.","{""type"":""đồ ăn"",""taste"":[""salty""],""ingredients"":[""Đậu hũ"",""Nấm"",""Hành"",""Nước tương""],""options"":[""Nấm (Nhiều/Ít)"",""Nước tương (Nhiều/Ít)"",""Hành (Nhiều/Ít/Không)""],""suitable_for"":[""high_blood_pressure"",""indigestion""],""avoid_for"":[""kidney_stone""]}","{""good_for"":[""high_blood_pressure"",""indigestion""],""bad_for"":[""kidney_stone""]}","{""morning"":false,""noon"":true,""evening"":true,""midnight"":false,""hot_weather"":false,""cold_weather"":true,""rainy"":false,""sunny_strong"":false,""pre_work"":false,""post_work"":true,""post_workout"":false,""light_meal"":true,""want_hot_food"":true,""want_cold_food"":false,""in_a_hurry"":false,""on_the_go"":false,""with_friends"":false,""need_relax"":true,""portable"":false,""short_lunch_break"":false}",
455,Nấm rơm kho tiêu,đồ ăn,"Nấm rơm, Tiêu, Hành, Nước tương","Tiêu (Nhiều/Ít), Nước tương (Nhiều/Ít), Hành (Nhiều/Ít/Không)","{""tiêu"": [""nhiều"", ""ít""], ""nước_tương"": [""nhiều"", ""ít""], ""hành"": [""nhiều"", ""ít"", ""không""]}","Nấm rơm kho tiêu thơm nồng, hơi cay và mặn; tốt cho hệ tiêu hóa nhưng không phù hợp người viêm dạ dày hoặc sỏi thận.","{""type"":""đồ ăn"",""taste"":[""salty"",""spicy""],""ingredients"":[""Nấm rơm"",""Tiêu"",""Hành"",""Nước tương""],""options"":[""Tiêu (Nhiều/Ít)"",""Nước tương (Nhiều/Ít)"",""Hành (Nhiều/Ít/Không)""],""suitable_for"":[""indigestion""],""avoid_for"":[""gastritis"",""kidney_stone""]}","{""good_for"":[""indigestion""],""bad_for"":[""gastritis"",""kidney_stone""]}","{""morning"":false,""noon"":true,""evening"":true,""midnight"":false,""hot_weather"":false,""cold_weather"":true,""rainy"":false,""sunny_strong"":false,""pre_work"":false,""post_work"":true,""post_workout"":false,""light_meal"":false,""want_hot_food"":true,""want_cold_food"":false,""in_a_hurry"":false,""on_the_go"":false,""with_friends"":false,""need_relax"":false,""portable"":false,""short_lunch_break"":false}",
456,Bánh ít nhân dừa,đồ ăn,"Bột nếp, Nhân dừa, Đường thốt nốt","Nhân dừa (Nhiều/Ít), Đường thốt nốt (Nhiều/Ít)","{""nhân_dừa"": [""nhiều"", ""ít""], ""đường_thốt_nốt"": [""nhiều"", ""ít""]}","Bánh ít nhân dừa có vị ngọt và béo, dễ gây tăng đường huyết. Không phù hợp người tiểu đường, béo phì hoặc gan nhiễm mỡ.","{""type"":""đồ ăn"",""taste"":[""sweet""],""ingredients"":[""Bột nếp"",""Nhân dừa"",""Đường thốt nốt""],""options"":[""Nhân dừa (Nhiều/Ít)"",""Đường thốt nốt (Nhiều/Ít)""],""suitable_for"":[],""avoid_for"":[""diabetes"",""obesity"",""fatty_liver""]}","{""good_for"":[],""bad_for"":[""diabetes"",""obesity"",""fatty_liver""]}","{""morning"":false,""noon"":true,""evening"":true,""midnight"":false,""hot_weather"":false,""cold_weather"":true,""rainy"":false,""sunny_strong"":false,""pre_work"":false,""post_work"":false,""post_workout"":false,""light_meal"":false,""want_hot_food"":false,""want_cold_food"":false,""in_a_hurry"":false,""on_the_go"":false,""with_friends"":true,""need_relax"":true,""portable"":true,""short_lunch_break"":false}",
457,Bánh lọt nước cốt dừa,đồ ăn,"Bánh lọt, Nước cốt dừa, Đường, Đá","Nước cốt dừa (Nhiều/Ít), Đường (Nhiều/Ít), Đá (Nhiều/Ít/Không)","{""nước_cốt_dừa"": [""nhiều"", ""ít""], ""đường"": [""nhiều"", ""ít""], ""đá"": [""nhiều"", ""ít"", ""không""]}",Bánh lọt nước cốt dừa có vị ngọt béo và mát lạnh. Không phù hợp người tiểu đường hoặc béo phì do nhiều đường và chất béo.,"{""type"":""đồ ăn"",""taste"":[""sweet""],""ingredients"":[""Bánh lọt"",""Nước cốt dừa"",""Đường"",""Đá""],""options"":[""Nước cốt dừa (Nhiều/Ít)"",""Đường (Nhiều/Ít)"",""Đá (Nhiều/Ít/Không)""],""suitable_for"":[],""avoid_for"":[""diabetes"",""obesity"",""fatty_liver""]}","{""good_for"":[],""bad_for"":[""diabetes"",""obesity"",""fatty_liver""]}","{""morning"":false,""noon"":true,""evening"":true,""midnight"":false,""hot_weather"":true,""cold_weather"":false,""rainy"":false,""sunny_strong"":true,""pre_work"":false,""post_work"":false,""post_workout"":false,""light_meal"":false,""want_hot_food"":false,""want_cold_food"":true,""in_a_hurry"":false,""on_the_go"":false,""with_friends"":true,""need_relax"":true,""portable"":true,""short_lunch_break"":false}",
458,Chè bà ba,đồ ăn,"Khoai, Chuối, Nước cốt dừa, Đậu xanh","Nước cốt dừa (Nhiều/Ít/Không), Đường (Nhiều/Ít), Đá (Nhiều/Ít/Không)","{""nước_cốt_dừa"": [""nhiều"", ""ít"", ""không""], ""đường"": [""nhiều"", ""ít""], ""đá"": [""nhiều"", ""ít"", ""không""]}","Chè bà ba là món ngọt béo, nhiều tinh bột và đường. Không phù hợp người tiểu đường, béo phì hoặc men gan cao.","{""type"":""đồ ăn"",""taste"":[""sweet""],""ingredients"":[""Khoai"",""Chuối"",""Nước cốt dừa"",""Đậu xanh""],""options"":[""Nước cốt dừa (Nhiều/Ít/Không)"",""Đường (Nhiều/Ít)"",""Đá (Nhiều/Ít/Không)""],""suitable_for"":[],""avoid_for"":[""diabetes"",""obesity"",""high_liver_enzyme""]}","{""good_for"":[],""bad_for"":[""diabetes"",""obesity"",""high_liver_enzyme""]}","{""morning"":false,""noon"":true,""evening"":true,""midnight"":false,""hot_weather"":false,""cold_weather"":true,""rainy"":true,""sunny_strong"":false,""pre_work"":false,""post_work"":false,""post_workout"":false,""light_meal"":false,""want_hot_food"":true,""want_cold_food"":false,""in_a_hurry"":false,""on_the_go"":false,""with_friends"":true,""need_relax"":true,""portable"":false,""short_lunch_break"":false}",
459,Chè thạch trái cây,đồ ăn,"Thạch, Trái cây, Siro, Đá, Sữa","Trái cây (Nhiều/Ít), Siro (Nhiều/Ít), Sữa (Nhiều/Ít), Đá (Nhiều/Ít/Không)","{""trái_cây"": [""nhiều"", ""ít""], ""siro"": [""nhiều"", ""ít""], ""sữa"": [""nhiều"", ""ít""], ""đá"": [""nhiều"", ""ít"", ""không""]}",Chè thạch trái cây có vị ngọt mát và dễ ăn; tuy nhiên nhiều đường nên không phù hợp người tiểu đường hoặc béo phì.,"{""type"":""đồ ăn"",""taste"":[""sweet""],""ingredients"":[""Thạch"",""Trái cây"",""Siro"",""Đá"",""Sữa""],""options"":[""Trái cây (Nhiều/Ít)"",""Siro (Nhiều/Ít)"",""Sữa (Nhiều/Ít)"",""Đá (Nhiều/Ít/Không)""],""suitable_for"":[""body_heat""],""avoid_for"":[""diabetes"",""obesity""]}","{""good_for"":[""body_heat""],""bad_for"":[""diabetes"",""obesity""]}","{""morning"":false,""noon"":true,""evening"":true,""midnight"":false,""hot_weather"":true,""cold_weather"":false,""rainy"":false,""sunny_strong"":true,""pre_work"":false,""post_work"":false,""post_workout"":false,""light_meal"":true,""want_hot_food"":false,""want_cold_food"":true,""in_a_hurry"":false,""on_the_go"":true,""with_friends"":true,""need_relax"":true,""portable"":true,""short_lunch_break"":false}",
460,Rau câu dừa,đồ ăn,"rau câu, nước cốt dừa, đường","nước cốt dừa (nhiều/ít/không), đường (nhiều/ít)","{""nước_cốt_dừa"": [""nhiều"", ""ít"", ""không""], ""đường"": [""nhiều"", ""ít""]}","Rau câu dừa mát lạnh, béo nhẹ, dễ ăn. Không phù hợp người tiểu đường nếu thêm nhiều đường.","{""type"":""đồ ăn"",""taste"":[""sweet"",""refreshing""],""ingredients"":[""rau câu"",""nước cốt dừa"",""đường""],""options"":[""nước cốt dừa (nhiều/ít/không)"",""đường (nhiều/ít)""],""suitable_for"":[""hot_weather"",""light_meal""],""avoid_for"":[""diabetes""]}","{""good_for"":[""hot_weather"",""light_meal""],""bad_for"":[""diabetes""]}","{""morning"":false,""noon"":true,""evening"":true,""midnight"":true,""hot_weather"":true,""cold_weather"":false,""rainy"":false,""sunny_strong"":true,""pre_work"":false,""post_work"":true,""post_workout"":false,""light_meal"":true,""want_hot_food"":false,""want_cold_food"":true,""in_a_hurry"":true,""on_the_go"":true,""with_friends"":true,""need_relax"":false,""portable"":true,""short_lunch_break"":true}",
461,Sữa chua mít,đồ ăn,"sữa chua, mít, thạch, đá","mít (nhiều/ít), đường (nhiều/ít), đá (nhiều/ít/không)","{""mít"": [""nhiều"", ""ít""], ""đường"": [""nhiều"", ""ít""], ""đá"": [""nhiều"", ""ít"", ""không""]}","Sữa chua mít mát, thơm và dễ ăn. Không phù hợp người tiểu đường nếu thêm nhiều đường.","{""type"":""đồ ăn"",""taste"":[""sweet"",""refreshing"",""fruity""],""ingredients"":[""sữa chua"",""mít"",""thạch"",""đá""],""options"":[""mít (nhiều/ít)"",""đường (nhiều/ít)"",""đá (nhiều/ít/không)""],""suitable_for"":[""hot_weather"",""light_meal""],""avoid_for"":[""diabetes""]}","{""good_for"":[""hot_weather"",""light_meal""],""bad_for"":[""diabetes""]}","{""morning"":false,""noon"":true,""evening"":true,""midnight"":true,""hot_weather"":true,""cold_weather"":false,""rainy"":false,""sunny_strong"":true,""pre_work"":false,""post_work"":true,""post_workout"":false,""light_meal"":true,""want_hot_food"":false,""want_cold_food"":true,""in_a_hurry"":true,""on_the_go"":false,""with_friends"":true,""need_relax"":false,""portable"":false,""short_lunch_break"":true}",
462,Sinh tố xoài,thức uống,"xoài, sữa đặc, đá, đường","sữa đặc (nhiều/ít), đường (nhiều/ít), đá (nhiều/ít/không)","{""sữa_đặc"": [""nhiều"", ""ít""], ""đường"": [""nhiều"", ""ít""], ""đá"": [""nhiều"", ""ít"", ""không""]}","Sinh tố xoài dày mịn, ngọt và giàu vitamin. Không phù hợp người tiểu đường.","{""type"":""thức uống"",""taste"":[""sweet"",""creamy"",""fruity""],""ingredients"":[""xoài"",""sữa đặc"",""đá"",""đường""],""options"":[""sữa đặc (nhiều/ít)"",""đường (nhiều/ít)"",""đá (nhiều/ít/không)""],""suitable_for"":[""vitamin_boost"",""high_energy""],""avoid_for"":[""diabetes""]}","{""good_for"":[""vitamin_boost"",""high_energy""],""bad_for"":[""diabetes""]}","{""morning"":true,""noon"":true,""evening"":true,""midnight"":false,""hot_weather"":true,""cold_weather"":false,""rainy"":false,""sunny_strong"":true,""pre_work"":true,""post_work"":true,""post_workout"":false,""light_meal"":false,""want_hot_food"":false,""want_cold_food"":true,""in_a_hurry"":false,""on_the_go"":false,""with_friends"":true,""need_relax"":false,""portable"":false,""short_lunch_break"":false}",
463,Sinh tố dứa,thức uống,"dứa, sữa đặc, đá, đường","sữa đặc (nhiều/ít), đường (nhiều/ít), đá (nhiều/ít/không)","{""sữa_đặc"": [""nhiều"", ""ít""], ""đường"": [""nhiều"", ""ít""], ""đá"": [""nhiều"", ""ít"", ""không""]}","Sinh tố dứa chua nhẹ, thơm và giải nhiệt. Không phù hợp người dạ dày yếu.","{""type"":""thức uống"",""taste"":[""tangy"",""sweet"",""refreshing""],""ingredients"":[""dứa"",""sữa đặc"",""đá"",""đường""],""options"":[""sữa đặc (nhiều/ít)"",""đường (nhiều/ít)"",""đá (nhiều/ít/không)""],""suitable_for"":[""hot_weather"",""vitamin_boost""],""avoid_for"":[""weak_stomach"",""diabetes""]}","{""good_for"":[""hot_weather"",""vitamin_boost""],""bad_for"":[""weak_stomach"",""diabetes""]}","{""morning"":true,""noon"":true,""evening"":true,""midnight"":false,""hot_weather"":true,""cold_weather"":false,""rainy"":false,""sunny_strong"":true,""pre_work"":true,""post_work"":true,""post_workout"":false,""light_meal"":false,""want_hot_food"":false,""want_cold_food"":true,""in_a_hurry"":false,""on_the_go"":false,""with_friends"":true,""need_relax"":false,""portable"":false,""short_lunch_break"":false}",
464,Sinh tố cà rốt,thức uống,"cà rốt, sữa, đá, đường","sữa (nhiều/ít), đường (nhiều/ít), đá (nhiều/ít/không)","{""sữa"": [""nhiều"", ""ít""], ""đường"": [""nhiều"", ""ít""], ""đá"": [""nhiều"", ""ít"", ""không""]}",Sinh tố cà rốt tốt cho mắt và da. Không phù hợp người dạ dày yếu nếu uống khi đói.,"{""type"":""thức uống"",""taste"":[""sweet"",""light"",""creamy""],""ingredients"":[""cà rốt"",""sữa"",""đá"",""đường""],""options"":[""sữa (nhiều/ít)"",""đường (nhiều/ít)"",""đá (nhiều/ít/không)""],""suitable_for"":[""skin_health"",""vitamin_boost""],""avoid_for"":[""weak_stomach""]}","{""good_for"":[""skin_health"",""vitamin_boost""],""bad_for"":[""weak_stomach""]}","{""morning"":true,""noon"":true,""evening"":false,""midnight"":false,""hot_weather"":false,""cold_weather"":true,""rainy"":false,""sunny_strong"":false,""pre_work"":true,""post_work"":false,""post_workout"":true,""light_meal"":true,""want_hot_food"":false,""want_cold_food"":true,""in_a_hurry"":false,""on_the_go"":false,""with_friends"":false,""need_relax"":false,""portable"":false,""short_lunch_break"":false}",
465,Sinh tố cam,thức uống,"cam, sữa, đá, đường","sữa (nhiều/ít), đường (nhiều/ít), đá (nhiều/ít/không)","{""sữa"": [""nhiều"", ""ít""], ""đường"": [""nhiều"", ""ít""], ""đá"": [""nhiều"", ""ít"", ""không""]}","Sinh tố cam giàu vitamin C, giúp tăng đề kháng. Không phù hợp người dạ dày yếu.","{""type"":""thức uống"",""taste"":[""sweet"",""citrus"",""refreshing""],""ingredients"":[""cam"",""sữa"",""đá"",""đường""],""options"":[""sữa (nhiều/ít)"",""đường (nhiều/ít)"",""đá (nhiều/ít/không)""],""suitable_for"":[""immune_support"",""vitamin_boost""],""avoid_for"":[""weak_stomach"",""diabetes""]}","{""good_for"":[""immune_support"",""vitamin_boost""],""bad_for"":[""weak_stomach"",""diabetes""]}","{""morning"":true,""noon"":true,""evening"":false,""midnight"":false,""hot_weather"":true,""cold_weather"":false,""rainy"":false,""sunny_strong"":true,""pre_work"":true,""post_work"":false,""post_workout"":true,""light_meal"":true,""want_hot_food"":false,""want_cold_food"":true,""in_a_hurry"":false,""on_the_go"":false,""with_friends"":false,""need_relax"":false,""portable"":false,""short_lunch_break"":false}",
466,Nước ép ổi,thức uống,"ổi, đá, đường","đường (nhiều/ít/không), đá (nhiều/ít/không)","{""đường"": [""nhiều"", ""ít"", ""không""], ""đá"": [""nhiều"", ""ít"", ""không""]}","Nước ép ổi giàu vitamin C, tốt cho da. Không phù hợp người táo bón nặng.","{""type"":""thức uống"",""taste"":[""fresh"",""sweet""],""ingredients"":[""ổi"",""đá"",""đường""],""options"":[""đường (nhiều/ít/không)"",""đá (nhiều/ít/không)""],""suitable_for"":[""skin_health"",""vitamin_boost""],""avoid_for"":[""constipation""]}","{""good_for"":[""skin_health"",""vitamin_boost""],""bad_for"":[""constipation""]}","{""morning"":true,""noon"":true,""evening"":true,""midnight"":false,""hot_weather"":true,""cold_weather"":false,""rainy"":false,""sunny_strong"":true,""pre_work"":true,""post_work"":true,""post_workout"":false,""light_meal"":true,""want_hot_food"":false,""want_cold_food"":true,""in_a_hurry"":true,""on_the_go"":true,""with_friends"":false,""need_relax"":false,""portable"":true,""short_lunch_break"":true}",
467,Trà chanh mật ong,thức uống,"trà, chanh, mật ong, đá","chanh (nhiều/ít), mật ong (nhiều/ít), đá (nhiều/ít/không)","{""chanh"": [""nhiều"", ""ít""], ""mật_ong"": [""nhiều"", ""ít""], ""đá"": [""nhiều"", ""ít"", ""không""]}","Trà chanh mật ong thanh mát, hỗ trợ miễn dịch. Không phù hợp người dạ dày yếu nếu nhiều chanh.","{""type"":""thức uống"",""taste"":[""sour"",""sweet"",""refreshing""],""ingredients"":[""trà"",""chanh"",""mật ong"",""đá""],""options"":[""chanh (nhiều/ít)"",""mật ong (nhiều/ít)"",""đá (nhiều/ít/không)""],""suitable_for"":[""immune_support"",""detox""],""avoid_for"":[""weak_stomach"",""diabetes""]}","{""good_for"":[""immune_support"",""detox""],""bad_for"":[""weak_stomach"",""diabetes""]}","{""morning"":true,""noon"":true,""evening"":true,""midnight"":false,""hot_weather"":true,""cold_weather"":false,""rainy"":false,""sunny_strong"":true,""pre_work"":true,""post_work"":true,""post_workout"":true,""light_meal"":true,""want_hot_food"":false,""want_cold_food"":true,""in_a_hurry"":true,""on_the_go"":true,""with_friends"":false,""need_relax"":true,""portable"":true,""short_lunch_break"":true}",
468,Sữa đậu nành,thức uống,"đậu nành, đường, đá","đường (nhiều/ít), đá (nhiều/ít/không)","{""đường"": [""nhiều"", ""ít""], ""đá"": [""nhiều"", ""ít"", ""không""]}","Sữa đậu nành lành tính, tốt cho tim mạch và tiêu hóa. Không phù hợp người không dung nạp đậu nành.","{""type"":""thức uống"",""taste"":[""light"",""sweet"",""creamy""],""ingredients"":[""đậu nành"",""đường"",""đá""],""options"":[""đường (nhiều/ít)"",""đá (nhiều/ít/không)""],""suitable_for"":[""heart_health"",""poor_digestive_system""],""avoid_for"":[""soy_intolerance"",""diabetes""]}","{""good_for"":[""heart_health"",""poor_digestive_system""],""bad_for"":[""soy_intolerance"",""diabetes""]}","{""morning"":true,""noon"":true,""evening"":false,""midnight"":false,""hot_weather"":false,""cold_weather"":true,""rainy"":false,""sunny_strong"":false,""pre_work"":true,""post_work"":false,""post_workout"":true,""light_meal"":true,""want_hot_food"":false,""want_cold_food"":true,""in_a_hurry"":false,""on_the_go"":false,""with_friends"":false,""need_relax"":false,""portable"":false,""short_lunch_break"":false}",
469,Cơm chiên dưa,đồ ăn,"cơm, dưa chua, trứng, hành lá","dưa chua (nhiều/ít), trứng (nhiều/ít), hành lá (nhiều/ít/không)","{""dưa_chua"": [""nhiều"", ""ít""], ""trứng"": [""nhiều"", ""ít""], ""hành_lá"": [""nhiều"", ""ít"", ""không""]}","Cơm chiên dưa chua mặn nhẹ, dễ ăn nhưng hơi dầu. Không phù hợp người cao huyết áp hoặc gan nhiễm mỡ.","{""type"":""đồ ăn"",""taste"":[""savory"",""sour""],""ingredients"":[""cơm"",""dưa chua"",""trứng"",""hành lá""],""options"":[""dưa chua (nhiều/ít)"",""trứng (nhiều/ít)"",""hành lá (nhiều/ít/không)""],""suitable_for"":[""quick_meal""],""avoid_for"":[""high_blood_pressure"",""fatty_liver""]}","{""good_for"":[""quick_meal""],""bad_for"":[""high_blood_pressure"",""fatty_liver""]}","{""morning"":false,""noon"":true,""evening"":true,""midnight"":false,""hot_weather"":false,""cold_weather"":true,""rainy"":true,""sunny_strong"":false,""pre_work"":false,""post_work"":true,""post_workout"":false,""light_meal"":false,""want_hot_food"":true,""want_cold_food"":false,""in_a_hurry"":true,""on_the_go"":false,""with_friends"":true,""need_relax"":false,""portable"":false,""short_lunch_break"":true}",
470,Gà hấp muối,đồ ăn,"gà, muối hột, gừng, sả","muối hột (nhiều/ít), gừng (nhiều/ít/không), sả (nhiều/ít/không)","{""muối_hột"": [""nhiều"", ""ít""], ""gừng"": [""nhiều"", ""ít"", ""không""], ""sả"": [""nhiều"", ""ít"", ""không""]}","Gà hấp muối thanh đạm, thơm gừng sả, tốt cho tiêu hóa. Không phù hợp người cao huyết áp vì lượng muối cao.","{""type"":""đồ ăn"",""taste"":[""savory"",""aromatic""],""ingredients"":[""gà"",""muối hột"",""gừng"",""sả""],""options"":[""muối hột (nhiều/ít)"",""gừng (nhiều/ít/không)"",""sả (nhiều/ít/không)""],""suitable_for"":[""poor_digestive_system"",""light_meal""],""avoid_for"":[""high_blood_pressure""]}","{""good_for"":[""poor_digestive_system"",""light_meal""],""bad_for"":[""high_blood_pressure""]}","{""morning"":true,""noon"":true,""evening"":true,""midnight"":false,""hot_weather"":false,""cold_weather"":true,""rainy"":true,""sunny_strong"":false,""pre_work"":false,""post_work"":true,""post_workout"":false,""light_meal"":true,""want_hot_food"":true,""want_cold_food"":false,""in_a_hurry"":false,""on_the_go"":false,""with_friends"":true,""need_relax"":false,""portable"":false,""short_lunch_break"":false}",
471,Gà chiên nước mắm,đồ ăn,"gà, nước mắm, tỏi, ớt","ớt (nhiều/ít/không), tỏi (nhiều/ít), nước mắm (nhiều/ít)","{""ớt"": [""nhiều"", ""ít"", ""không""], ""tỏi"": [""nhiều"", ""ít""], ""nước_mắm"": [""nhiều"", ""ít""]}","Gà chiên nước mắm đậm đà, thơm tỏi ớt, hơi mặn và dầu. Không phù hợp người cao huyết áp hoặc gan nhiễm mỡ.","{""type"":""đồ ăn"",""taste"":[""savory"",""salty"",""aromatic""],""ingredients"":[""gà"",""nước mắm"",""tỏi"",""ớt""],""options"":[""ớt (nhiều/ít/không)"",""tỏi (nhiều/ít)"",""nước mắm (nhiều/ít)""],""suitable_for"":[""with_friends""],""avoid_for"":[""high_blood_pressure"",""fatty_liver""]}","{""good_for"":[""with_friends""],""bad_for"":[""high_blood_pressure"",""fatty_liver""]}","{""morning"":false,""noon"":true,""evening"":true,""midnight"":false,""hot_weather"":false,""cold_weather"":true,""rainy"":true,""sunny_strong"":false,""pre_work"":false,""post_work"":true,""post_workout"":false,""light_meal"":false,""want_hot_food"":true,""want_cold_food"":false,""in_a_hurry"":false,""on_the_go"":false,""with_friends"":true,""need_relax"":false,""portable"":false,""short_lunch_break"":false}",
472,Gà kho gừng,đồ ăn,"gà, gừng, nước mắm, tiêu","gừng (nhiều/ít/không), tiêu (nhiều/ít/không), nước mắm (nhiều/ít)","{""gừng"": [""nhiều"", ""ít"", ""không""], ""tiêu"": [""nhiều"", ""ít"", ""không""], ""nước_mắm"": [""nhiều"", ""ít""]}","Gà kho gừng ấm, thơm và dễ tiêu. Không phù hợp người cao huyết áp nếu dùng nhiều nước mắm.","{""type"":""đồ ăn"",""taste"":[""aromatic"",""savory"",""warm""],""ingredients"":[""gà"",""gừng"",""nước mắm"",""tiêu""],""options"":[""gừng (nhiều/ít/không)"",""tiêu (nhiều/ít/không)"",""nước mắm (nhiều/ít)""],""suitable_for"":[""poor_digestive_system"",""cold_weather""],""avoid_for"":[""high_blood_pressure""]}","{""good_for"":[""poor_digestive_system"",""cold_weather""],""bad_for"":[""high_blood_pressure""]}","{""morning"":true,""noon"":true,""evening"":true,""midnight"":false,""hot_weather"":false,""cold_weather"":true,""rainy"":true,""sunny_strong"":false,""pre_work"":true,""post_work"":false,""post_workout"":false,""light_meal"":false,""want_hot_food"":true,""want_cold_food"":false,""in_a_hurry"":false,""on_the_go"":false,""with_friends"":false,""need_relax"":false,""portable"":false,""short_lunch_break"":false}",
473,Thịt ba chỉ kho trứng,đồ ăn,"thịt ba chỉ, trứng, nước dừa, hành","trứng (nhiều/ít/không), nước dừa (nhiều/ít)","{""trứng"": [""nhiều"", ""ít"", ""không""], ""nước_dừa"": [""nhiều"", ""ít""]}","Thịt kho trứng béo, đậm và nhiều năng lượng. Không phù hợp người béo phì, gan nhiễm mỡ hoặc cholesterol cao.","{""type"":""đồ ăn"",""taste"":[""rich"",""savory"",""fatty""],""ingredients"":[""thịt ba chỉ"",""trứng"",""nước dừa"",""hành""],""options"":[""trứng (nhiều/ít/không)"",""nước dừa (nhiều/ít)""],""suitable_for"":[""high_energy""],""avoid_for"":[""obesity"",""fatty_liver"",""high_cholesterol""]}","{""good_for"":[""high_energy""],""bad_for"":[""obesity"",""fatty_liver"",""high_cholesterol""]}","{""morning"":false,""noon"":true,""evening"":true,""midnight"":false,""hot_weather"":false,""cold_weather"":true,""rainy"":true,""sunny_strong"":false,""pre_work"":false,""post_work"":true,""post_workout"":false,""light_meal"":false,""want_hot_food"":true,""want_cold_food"":false,""in_a_hurry"":false,""on_the_go"":false,""with_friends"":true,""need_relax"":false,""portable"":false,""short_lunch_break"":false}",
474,Sườn non rim mặn,đồ ăn,"sườn non, nước mắm, tỏi, tiêu","nước mắm (nhiều/ít), tiêu (nhiều/ít/không)","{""nước_mắm"": [""nhiều"", ""ít""], ""tiêu"": [""nhiều"", ""ít"", ""không""]}","Sườn rim mặn đậm vị, ngon cơm nhưng mặn và dầu. Không phù hợp người cao huyết áp.","{""type"":""đồ ăn"",""taste"":[""savory"",""salty"",""aromatic""],""ingredients"":[""sườn non"",""nước mắm"",""tỏi"",""tiêu""],""options"":[""nước mắm (nhiều/ít)"",""tiêu (nhiều/ít/không)""],""suitable_for"":[""with_friends""],""avoid_for"":[""high_blood_pressure""]}","{""good_for"":[""with_friends""],""bad_for"":[""high_blood_pressure""]}","{""morning"":false,""noon"":true,""evening"":true,""midnight"":false,""hot_weather"":false,""cold_weather"":true,""rainy"":true,""sunny_strong"":false,""pre_work"":false,""post_work"":true,""post_workout"":false,""light_meal"":false,""want_hot_food"":true,""want_cold_food"":false,""in_a_hurry"":false,""on_the_go"":false,""with_friends"":true,""need_relax"":false,""portable"":false,""short_lunch_break"":false}",
475,Thịt bò kho gừng,đồ ăn,"thịt bò, gừng, hành, tiêu, nước mắm","gừng (nhiều/ít/không), tiêu (nhiều/ít/không), nước mắm (nhiều/ít)","{""gừng"": [""nhiều"", ""ít"", ""không""], ""tiêu"": [""nhiều"", ""ít"", ""không""], ""nước_mắm"": [""nhiều"", ""ít""]}","Thịt bò kho gừng ấm, thơm và tốt cho tiêu hóa. Không phù hợp người cao huyết áp nếu dùng nhiều nước mắm.","{""type"":""đồ ăn"",""taste"":[""warm"",""aromatic"",""savory""],""ingredients"":[""thịt bò"",""gừng"",""hành"",""tiêu"",""nước mắm""],""options"":[""gừng (nhiều/ít/không)"",""tiêu (nhiều/ít/không)"",""nước mắm (nhiều/ít)""],""suitable_for"":[""poor_digestive_system"",""cold_weather""],""avoid_for"":[""high_blood_pressure""]}","{""good_for"":[""poor_digestive_system"",""cold_weather""],""bad_for"":[""high_blood_pressure""]}","{""morning"":true,""noon"":true,""evening"":true,""midnight"":false,""hot_weather"":false,""cold_weather"":true,""rainy"":true,""sunny_strong"":false,""pre_work"":true,""post_work"":false,""post_workout"":false,""light_meal"":false,""want_hot_food"":true,""want_cold_food"":false,""in_a_hurry"":false,""on_the_go"":false,""with_friends"":false,""need_relax"":false,""portable"":false,""short_lunch_break"":false}",
476,Thịt heo xào đậu que,đồ ăn,"thịt heo, đậu que, tỏi, hành","đậu que (nhiều/ít), nước trộn (nhiều/ít)","{""đậu_que"": [""nhiều"", ""ít""], ""nước_trộn"": [""nhiều"", ""ít""]}","Món xào thanh nhẹ, không quá dầu mỡ, dễ ăn. Phù hợp người ăn uống nhẹ, tiêu hóa kém.","{""type"":""đồ ăn"",""taste"":[""light"",""savory""],""ingredients"":[""thịt heo"",""đậu que"",""tỏi"",""hành""],""options"":[""đậu que (nhiều/ít)"",""nước trộn (nhiều/ít)""],""suitable_for"":[""poor_digestive_system"",""light_meal""],""avoid_for"":[]}","{""good_for"":[""poor_digestive_system"",""light_meal""],""bad_for"":[]}","{""morning"":true,""noon"":true,""evening"":true,""midnight"":false,""hot_weather"":true,""cold_weather"":false,""rainy"":true,""sunny_strong"":false,""pre_work"":true,""post_work"":false,""post_workout"":true,""light_meal"":true,""want_hot_food"":true,""want_cold_food"":false,""in_a_hurry"":true,""on_the_go"":false,""with_friends"":false,""need_relax"":false,""portable"":false,""short_lunch_break"":true}",
477,Thịt bò xào ớt chuông,đồ ăn,"thịt bò, ớt chuông, hành tây","ớt chuông (nhiều/ít), hành tây (nhiều/ít)","{""ớt_chuông"": [""nhiều"", ""ít""], ""hành_tây"": [""nhiều"", ""ít""]}","Món xào dinh dưỡng, nhiều vitamin từ ớt chuông. Không phù hợp người dạ dày yếu vì hành tây.","{""type"":""đồ ăn"",""taste"":[""savory"",""aromatic""],""ingredients"":[""thịt bò"",""ớt chuông"",""hành tây""],""options"":[""ớt chuông (nhiều/ít)"",""hành tây (nhiều/ít)""],""suitable_for"":[""vitamin_boost""],""avoid_for"":[""weak_stomach""]}","{""good_for"":[""vitamin_boost""],""bad_for"":[""weak_stomach""]}","{""morning"":true,""noon"":true,""evening"":true,""midnight"":false,""hot_weather"":false,""cold_weather"":true,""rainy"":true,""sunny_strong"":false,""pre_work"":true,""post_work"":false,""post_workout"":false,""light_meal"":false,""want_hot_food"":true,""want_cold_food"":false,""in_a_hurry"":false,""on_the_go"":false,""with_friends"":false,""need_relax"":false,""portable"":false,""short_lunch_break"":false}",
478,Đậu hũ xào nấm,đồ ăn,"đậu hũ, nấm, hành, xì dầu","nấm (nhiều/ít), hành (nhiều/ít/không)","{""nấm"": [""nhiều"", ""ít""], ""hành"": [""nhiều"", ""ít"", ""không""]}","Món xào thanh đạm, ít dầu, phù hợp người ăn chay hoặc tiêu hóa kém.","{""type"":""đồ ăn"",""taste"":[""light"",""savory""],""ingredients"":[""đậu hũ"",""nấm"",""hành"",""xì dầu""],""options"":[""nấm (nhiều/ít)"",""hành (nhiều/ít/không)""],""suitable_for"":[""poor_digestive_system"",""vegetarian""],""avoid_for"":[]}","{""good_for"":[""poor_digestive_system"",""vegetarian""],""bad_for"":[]}","{""morning"":true,""noon"":true,""evening"":true,""midnight"":false,""hot_weather"":true,""cold_weather"":false,""rainy"":true,""sunny_strong"":false,""pre_work"":true,""post_work"":false,""post_workout"":true,""light_meal"":true,""want_hot_food"":true,""want_cold_food"":false,""in_a_hurry"":true,""on_the_go"":false,""with_friends"":false,""need_relax"":false,""portable"":false,""short_lunch_break"":true}",
479,Cơm sườn bì chả,đồ ăn,"cơm, sườn nướng, bì, chả trứng, nước mắm","bì (nhiều/ít/không), chả trứng (nhiều/ít), nước mắm (nhiều/ít)","{""bì"": [""nhiều"", ""ít"", ""không""], ""chả_trứng"": [""nhiều"", ""ít""], ""nước_mắm"": [""nhiều"", ""ít""]}",Món cơm đầy đủ dinh dưỡng nhưng nhiều dầu và mặn. Không phù hợp gan nhiễm mỡ hoặc cao huyết áp.,"{""type"":""đồ ăn"",""taste"":[""savory"",""rich""],""ingredients"":[""cơm"",""sườn nướng"",""bì"",""chả trứng"",""nước mắm""],""options"":[""bì (nhiều/ít/không)"",""chả trứng (nhiều/ít)"",""nước mắm (nhiều/ít)""],""suitable_for"":[""high_energy""],""avoid_for"":[""high_blood_pressure"",""fatty_liver""]}","{""good_for"":[""high_energy""],""bad_for"":[""high_blood_pressure"",""fatty_liver""]}","{""morning"":false,""noon"":true,""evening"":true,""midnight"":false,""hot_weather"":false,""cold_weather"":true,""rainy"":true,""sunny_strong"":false,""pre_work"":false,""post_work"":true,""post_workout"":false,""light_meal"":false,""want_hot_food"":true,""want_cold_food"":false,""in_a_hurry"":false,""on_the_go"":false,""with_friends"":true,""need_relax"":false,""portable"":false,""short_lunch_break"":false}",
480,Cơm tấm trứng ốp la,đồ ăn,"cơm, sườn, trứng ốp la, đồ chua, nước mắm","trứng ốp la (nhiều/ít/không), đồ chua (nhiều/ít/không), nước mắm (nhiều/ít)","{""trứng_ốp_la"": [""nhiều"", ""ít"", ""không""], ""đồ_chua"": [""nhiều"", ""ít"", ""không""], ""nước_mắm"": [""nhiều"", ""ít""]}","Cơm tấm trứng ốp la đơn giản, dễ ăn nhưng mặn và dầu. Không phù hợp người cao huyết áp.","{""type"":""đồ ăn"",""taste"":[""savory"",""rich""],""ingredients"":[""cơm"",""sườn"",""trứng ốp la"",""đồ chua"",""nước mắm""],""options"":[""trứng ốp la (nhiều/ít/không)"",""đồ chua (nhiều/ít/không)"",""nước mắm (nhiều/ít)""],""suitable_for"":[""quick_meal""],""avoid_for"":[""high_blood_pressure""]}","{""good_for"":[""quick_meal""],""bad_for"":[""high_blood_pressure""]}","{""morning"":true,""noon"":true,""evening"":true,""midnight"":false,""hot_weather"":false,""cold_weather"":true,""rainy"":true,""sunny_strong"":false,""pre_work"":true,""post_work"":false,""post_workout"":false,""light_meal"":false,""want_hot_food"":true,""want_cold_food"":false,""in_a_hurry"":true,""on_the_go"":true,""with_friends"":false,""need_relax"":false,""portable"":true,""short_lunch_break"":true}",
481,Bún bò Huế,đồ ăn,"bún, thịt bò, chả, hành, ớt, nước lèo","thịt bò/chả (nhiều/ít), hành (nhiều/ít/không), ớt (nhiều/ít/không)","{""thịt_bò_chả"": [""nhiều"", ""ít""], ""hành"": [""nhiều"", ""ít"", ""không""], ""ớt"": [""nhiều"", ""ít"", ""không""]}","Bún bò Huế đậm vị, hơi cay, nhiều đạm và mặn. Không phù hợp người cao huyết áp hoặc dạ dày yếu.","{""type"":""đồ ăn"",""taste"":[""spicy"",""savory"",""aromatic""],""ingredients"":[""bún"",""thịt bò"",""chả"",""hành"",""ớt"",""nước lèo""],""options"":[""thịt bò/chả (nhiều/ít)"",""hành (nhiều/ít/không)"",""ớt (nhiều/ít/không)""],""suitable_for"":[""high_energy""],""avoid_for"":[""high_blood_pressure"",""weak_stomach""]}","{""good_for"":[""high_energy""],""bad_for"":[""high_blood_pressure"",""weak_stomach""]}","{""morning"":true,""noon"":true,""evening"":true,""midnight"":false,""hot_weather"":false,""cold_weather"":true,""rainy"":true,""sunny_strong"":false,""pre_work"":false,""post_work"":true,""post_workout"":false,""light_meal"":false,""want_hot_food"":true,""want_cold_food"":false,""in_a_hurry"":false,""on_the_go"":false,""with_friends"":true,""need_relax"":false,""portable"":false,""short_lunch_break"":false}",
482,Phở bò,đồ ăn,"bánh phở, thịt bò, hành, nước lèo","hành (nhiều/ít/không), nước lèo (nhiều/ít)","{""hành"": [""nhiều"", ""ít"", ""không""], ""nước_lèo"": [""nhiều"", ""ít""]}","Phở bò nhẹ nhàng, dễ tiêu hơn bún bò. Không phù hợp người dạ dày yếu nếu thêm nhiều hành.","{""type"":""đồ ăn"",""taste"":[""savory"",""aromatic""],""ingredients"":[""bánh phở"",""thịt bò"",""hành"",""nước lèo""],""options"":[""hành (nhiều/ít/không)"",""nước lèo (nhiều/ít)""],""suitable_for"":[""light_meal""],""avoid_for"":[""weak_stomach""]}","{""good_for"":[""light_meal""],""bad_for"":[""weak_stomach""]}","{""morning"":true,""noon"":true,""evening"":true,""midnight"":false,""hot_weather"":false,""cold_weather"":true,""rainy"":true,""sunny_strong"":false,""pre_work"":true,""post_work"":false,""post_workout"":false,""light_meal"":true,""want_hot_food"":true,""want_cold_food"":false,""in_a_hurry"":true,""on_the_go"":false,""with_friends"":false,""need_relax"":false,""portable"":false,""short_lunch_break"":true}",
483,Cháo lòng,đồ ăn,"cháo, lòng heo, hành, tiêu","hành (nhiều/ít/không), tiêu (nhiều/ít/không)","{""hành"": [""nhiều"", ""ít"", ""không""], ""tiêu"": [""nhiều"", ""ít"", ""không""]}","Cháo lòng đậm vị, dễ tiêu nhưng nội tạng nhiều cholesterol. Không phù hợp người tim mạch, mỡ máu cao hoặc gout.","{""type"":""đồ ăn"",""taste"":[""savory"",""warm""],""ingredients"":[""cháo"",""lòng heo"",""hành"",""tiêu""],""options"":[""hành (nhiều/ít/không)"",""tiêu (nhiều/ít/không)""],""suitable_for"":[""poor_digestive_system""],""avoid_for"":[""heart_disease"",""high_cholesterol"",""gout""]}","{""good_for"":[""poor_digestive_system""],""bad_for"":[""heart_disease"",""high_cholesterol"",""gout""]}","{""morning"":true,""noon"":true,""evening"":false,""midnight"":false,""hot_weather"":false,""cold_weather"":true,""rainy"":true,""sunny_strong"":false,""pre_work"":true,""post_work"":false,""post_workout"":false,""light_meal"":true,""want_hot_food"":true,""want_cold_food"":false,""in_a_hurry"":true,""on_the_go"":false,""with_friends"":false,""need_relax"":false,""portable"":false,""short_lunch_break"":true}",
484,Cháo gà,đồ ăn,"cháo, thịt gà, hành, tiêu","hành (nhiều/ít/không), tiêu (nhiều/ít/không)","{""hành"": [""nhiều"", ""ít"", ""không""], ""tiêu"": [""nhiều"", ""ít"", ""không""]}","Cháo gà nhẹ, dễ tiêu, phù hợp người ốm hoặc tiêu hoá kém.","{""type"":""đồ ăn"",""taste"":[""light"",""warm""],""ingredients"":[""cháo"",""thịt gà"",""hành"",""tiêu""],""options"":[""hành (nhiều/ít/không)"",""tiêu (nhiều/ít/không)""],""suitable_for"":[""poor_digestive_system"",""sick_day""],""avoid_for"":[]}","{""good_for"":[""poor_digestive_system"",""sick_day""],""bad_for"":[]}","{""morning"":true,""noon"":true,""evening"":false,""midnight"":false,""hot_weather"":false,""cold_weather"":true,""rainy"":true,""sunny_strong"":false,""pre_work"":true,""post_work"":false,""post_workout"":false,""light_meal"":true,""want_hot_food"":true,""want_cold_food"":false,""in_a_hurry"":true,""on_the_go"":false,""with_friends"":false,""need_relax"":false,""portable"":false,""short_lunch_break"":true}",
485,Cháo cá lóc,đồ ăn,"cháo, cá lóc, hành, gừng","gừng (nhiều/ít/không), hành (nhiều/ít/không)","{""gừng"": [""nhiều"", ""ít"", ""không""], ""hành"": [""nhiều"", ""ít"", ""không""]}","Cháo cá lóc ấm, dễ tiêu, tốt cho người dạ dày kém.","{""type"":""đồ ăn"",""taste"":[""light"",""warm"",""aromatic""],""ingredients"":[""cháo"",""cá lóc"",""hành"",""gừng""],""options"":[""gừng (nhiều/ít/không)"",""hành (nhiều/ít/không)""],""suitable_for"":[""poor_digestive_system"",""weak_stomach""],""avoid_for"":[]}","{""good_for"":[""poor_digestive_system"",""weak_stomach""],""bad_for"":[]}","{""morning"":true,""noon"":true,""evening"":false,""midnight"":false,""hot_weather"":false,""cold_weather"":true,""rainy"":true,""sunny_strong"":false,""pre_work"":true,""post_work"":false,""post_workout"":false,""light_meal"":true,""want_hot_food"":true,""want_cold_food"":false,""in_a_hurry"":true,""on_the_go"":false,""with_friends"":false,""need_relax"":false,""portable"":false,""short_lunch_break"":true}",
486,Bánh mì thịt nguội,đồ ăn,"bánh mì, thịt nguội, pate, dưa leo, rau","pate (nhiều/ít/không), rau (nhiều/ít/không), ớt (nhiều/ít/không)","{""pate"": [""nhiều"", ""ít"", ""không""], ""rau"": [""nhiều"", ""ít"", ""không""], ""ớt"": [""nhiều"", ""ít"", ""không""]}",Bánh mì thịt nguội tiện lợi nhưng nhiều muối và chất bảo quản. Không phù hợp người cao huyết áp.,"{""type"":""đồ ăn"",""taste"":[""savory""],""ingredients"":[""bánh mì"",""thịt nguội"",""pate"",""dưa leo"",""rau""],""options"":[""pate (nhiều/ít/không)"",""rau (nhiều/ít/không)"",""ớt (nhiều/ít/không)""],""suitable_for"":[""on_the_go"",""quick_meal""],""avoid_for"":[""high_blood_pressure""]}","{""good_for"":[""on_the_go"",""quick_meal""],""bad_for"":[""high_blood_pressure""]}","{""morning"":true,""noon"":true,""evening"":true,""midnight"":false,""hot_weather"":true,""cold_weather"":false,""rainy"":false,""sunny_strong"":true,""pre_work"":true,""post_work"":false,""post_workout"":false,""light_meal"":false,""want_hot_food"":false,""want_cold_food"":false,""in_a_hurry"":true,""on_the_go"":true,""with_friends"":false,""need_relax"":false,""portable"":true,""short_lunch_break"":true}",
487,Bánh mì trứng ốp la,đồ ăn,"bánh mì, trứng, pate, dưa leo","trứng (nhiều/ít), pate (nhiều/ít/không), ớt (nhiều/ít/không)","{""trứng"": [""nhiều"", ""ít""], ""pate"": [""nhiều"", ""ít"", ""không""], ""ớt"": [""nhiều"", ""ít"", ""không""]}","Bánh mì trứng đơn giản, nhanh gọn, giàu năng lượng.","{""type"":""đồ ăn"",""taste"":[""savory""],""ingredients"":[""bánh mì"",""trứng"",""pate"",""dưa leo""],""options"":[""trứng (nhiều/ít)"",""pate (nhiều/ít/không)"",""ớt (nhiều/ít/không)""],""suitable_for"":[""quick_meal"",""on_the_go""],""avoid_for"":[]}","{""good_for"":[""quick_meal"",""on_the_go""],""bad_for"":[]}","{""morning"":true,""noon"":true,""evening"":true,""midnight"":false,""hot_weather"":true,""cold_weather"":false,""rainy"":false,""sunny_strong"":true,""pre_work"":true,""post_work"":false,""post_workout"":false,""light_meal"":false,""want_hot_food"":false,""want_cold_food"":false,""in_a_hurry"":true,""on_the_go"":true,""with_friends"":false,""need_relax"":false,""portable"":true,""short_lunch_break"":true}",
488,Bánh mì bì,đồ ăn,"bánh mì, bì heo, pate, đồ chua","pate (nhiều/ít), ớt (nhiều/ít/không)","{""pate"": [""nhiều"", ""ít""], ""ớt"": [""nhiều"", ""ít"", ""không""]}","Bánh mì bì dai giòn, thơm nhưng nhiều chất béo. Không phù hợp người gan nhiễm mỡ.","{""type"":""đồ ăn"",""taste"":[""savory"",""rich""],""ingredients"":[""bánh mì"",""bì heo"",""pate"",""đồ chua""],""options"":[""pate (nhiều/ít)"",""ớt (nhiều/ít/không)""],""suitable_for"":[""quick_meal""],""avoid_for"":[""fatty_liver""]}","{""good_for"":[""quick_meal""],""bad_for"":[""fatty_liver""]}","{""morning"":true,""noon"":true,""evening"":true,""midnight"":false,""hot_weather"":true,""cold_weather"":false,""rainy"":false,""sunny_strong"":true,""pre_work"":true,""post_work"":false,""post_workout"":false,""light_meal"":false,""want_hot_food"":false,""want_cold_food"":false,""in_a_hurry"":true,""on_the_go"":true,""with_friends"":false,""need_relax"":false,""portable"":true,""short_lunch_break"":true}",
489,Bánh mì heo quay,đồ ăn,"bánh mì, heo quay, đồ chua, nước sốt, nước mắm","nước mắm (cay/không cay), ớt (nhiều/ít/không)","{""nước_mắm"": [""cay"", ""không cay""], ""ớt"": [""nhiều"", ""ít"", ""không""]}","Bánh mì heo quay béo và mặn, da giòn. Không phù hợp béo phì hoặc cao huyết áp.","{""type"":""đồ ăn"",""taste"":[""savory"",""fatty"",""rich""],""ingredients"":[""bánh mì"",""heo quay"",""đồ chua"",""nước sốt"",""nước mắm""],""options"":[""nước mắm (cay/không cay)"",""ớt (nhiều/ít/không)""],""suitable_for"":[""high_energy""],""avoid_for"":[""high_blood_pressure"",""obesity""]}","{""good_for"":[""high_energy""],""bad_for"":[""high_blood_pressure"",""obesity""]}","{""morning"":true,""noon"":true,""evening"":true,""midnight"":false,""hot_weather"":true,""cold_weather"":false,""rainy"":false,""sunny_strong"":true,""pre_work"":false,""post_work"":true,""post_workout"":false,""light_meal"":false,""want_hot_food"":false,""want_cold_food"":false,""in_a_hurry"":true,""on_the_go"":true,""with_friends"":false,""need_relax"":false,""portable"":true,""short_lunch_break"":true}",
490,Trà sữa trân châu,thức uống,"trà, sữa, trân châu, đá, đường","đường (nhiều/ít), đá (nhiều/ít/không), trân châu (nhiều/ít/không)","{""đường"": [""nhiều"", ""ít""], ""đá"": [""nhiều"", ""ít"", ""không""], ""trân_châu"": [""nhiều"", ""ít"", ""không""]}","Trà sữa trân châu ngọt, béo, nhiều năng lượng. Không phù hợp người tiểu đường hoặc béo phì.","{""type"":""thức uống"",""taste"":[""sweet"",""creamy""],""ingredients"":[""trà"",""sữa"",""trân châu"",""đá"",""đường""],""options"":[""đường (nhiều/ít)"",""đá (nhiều/ít/không)"",""trân châu (nhiều/ít/không)""],""suitable_for"":[""high_energy"",""with_friends""],""avoid_for"":[""diabetes"",""obesity""]}","{""good_for"":[""high_energy"",""with_friends""],""bad_for"":[""diabetes"",""obesity""]}","{""morning"":false,""noon"":true,""evening"":true,""midnight"":false,""hot_weather"":false,""cold_weather"":true,""rainy"":false,""sunny_strong"":false,""pre_work"":false,""post_work"":true,""post_workout"":false,""light_meal"":false,""want_hot_food"":false,""want_cold_food"":true,""in_a_hurry"":false,""on_the_go"":false,""with_friends"":true,""need_relax"":true,""portable"":false,""short_lunch_break"":false}",
491,Trà sữa socola,thức uống,"trà, sữa, socola, trân châu, đường","đường (nhiều/ít), trân châu (nhiều/ít)","{""đường"": [""nhiều"", ""ít""], ""trân_châu"": [""nhiều"", ""ít""]}","Trà sữa socola béo đậm, ngọt nhiều. Không phù hợp người tiểu đường hoặc béo phì.","{""type"":""thức uống"",""taste"":[""sweet"",""chocolate"",""creamy""],""ingredients"":[""trà"",""sữa"",""socola"",""trân châu"",""đường""],""options"":[""đường (nhiều/ít)"",""trân châu (nhiều/ít)""],""suitable_for"":[""treat"",""with_friends""],""avoid_for"":[""diabetes"",""obesity""]}","{""good_for"":[""treat"",""with_friends""],""bad_for"":[""diabetes"",""obesity""]}","{""morning"":false,""noon"":true,""evening"":true,""midnight"":false,""hot_weather"":false,""cold_weather"":true,""rainy"":false,""sunny_strong"":false,""pre_work"":false,""post_work"":true,""post_workout"":false,""light_meal"":false,""want_hot_food"":false,""want_cold_food"":true,""in_a_hurry"":false,""on_the_go"":false,""with_friends"":true,""need_relax"":true,""portable"":false,""short_lunch_break"":false}",
492,Cà phê sữa đá,thức uống,"cà phê, sữa đặc, đá, đường","sữa đặc (nhiều/ít), đường (nhiều/ít), đá (nhiều/ít/không)","{""sữa_đặc"": [""nhiều"", ""ít""], ""đường"": [""nhiều"", ""ít""], ""đá"": [""nhiều"", ""ít"", ""không""]}","Cà phê sữa đá đậm, ngọt và nhiều năng lượng. Không phù hợp người mất ngủ hoặc tiểu đường.","{""type"":""thức uống"",""taste"":[""strong"",""sweet"",""creamy""],""ingredients"":[""cà phê"",""sữa đặc"",""đá"",""đường""],""options"":[""sữa đặc (nhiều/ít)"",""đường (nhiều/ít)"",""đá (nhiều/ít/không)""],""suitable_for"":[""morning_boost""],""avoid_for"":[""insomnia"",""diabetes""]}","{""good_for"":[""morning_boost""],""bad_for"":[""insomnia"",""diabetes""]}","{""morning"":true,""noon"":true,""evening"":false,""midnight"":false,""hot_weather"":true,""cold_weather"":false,""rainy"":false,""sunny_strong"":true,""pre_work"":true,""post_work"":false,""post_workout"":false,""light_meal"":false,""want_hot_food"":false,""want_cold_food"":true,""in_a_hurry"":false,""on_the_go"":true,""with_friends"":false,""need_relax"":false,""portable"":true,""short_lunch_break"":true}",
493,Tôm xào bông cải,đồ ăn,"tôm, bông cải, hành, tỏi","bông cải (nhiều/ít), ớt (nhiều/ít/không)","{""bông_cải"": [""nhiều"", ""ít""], ""ớt"": [""nhiều"", ""ít"", ""không""]}","Món xào giàu dinh dưỡng, ít dầu, tốt cho tiêu hóa.","{""type"":""đồ ăn"",""taste"":[""light"",""savory""],""ingredients"":[""tôm"",""bông cải"",""hành"",""tỏi""],""options"":[""bông cải (nhiều/ít)"",""ớt (nhiều/ít/không)""],""suitable_for"":[""healthy_diet"",""poor_digestive_system""],""avoid_for"":[]}","{""good_for"":[""healthy_diet"",""poor_digestive_system""],""bad_for"":[]}","{""morning"":false,""noon"":true,""evening"":true,""midnight"":false,""hot_weather"":true,""cold_weather"":false,""rainy"":false,""sunny_strong"":false,""pre_work"":false,""post_work"":true,""post_workout"":true,""light_meal"":true,""want_hot_food"":true,""want_cold_food"":false,""in_a_hurry"":true,""on_the_go"":false,""with_friends"":false,""need_relax"":false,""portable"":false,""short_lunch_break"":true}",
494,Bò xào tiêu đen,đồ ăn,"thịt bò, tiêu đen, hành tây, ớt","tiêu đen (nhiều/ít/không), hành tây (nhiều/ít), ớt (nhiều/ít/không)","{""tiêu_đen"": [""nhiều"", ""ít"", ""không""], ""hành_tây"": [""nhiều"", ""ít""], ""ớt"": [""nhiều"", ""ít"", ""không""]}","Món xào cay ấm, kích thích tiêu hóa. Không phù hợp người dạ dày yếu.","{""type"":""đồ ăn"",""taste"":[""spicy"",""aromatic"",""savory""],""ingredients"":[""thịt bò"",""tiêu đen"",""hành tây"",""ớt""],""options"":[""tiêu đen (nhiều/ít/không)"",""hành tây (nhiều/ít)"",""ớt (nhiều/ít/không)""],""suitable_for"":[""cold_weather"",""post_work""],""avoid_for"":[""weak_stomach""]}","{""good_for"":[""cold_weather"",""post_work""],""bad_for"":[""weak_stomach""]}","{""morning"":false,""noon"":true,""evening"":true,""midnight"":false,""hot_weather"":false,""cold_weather"":true,""rainy"":true,""sunny_strong"":false,""pre_work"":false,""post_work"":true,""post_workout"":false,""light_meal"":false,""want_hot_food"":true,""want_cold_food"":false,""in_a_hurry"":false,""on_the_go"":false,""with_friends"":true,""need_relax"":false,""portable"":false,""short_lunch_break"":false}",
495,Trứng chiên hành lá,đồ ăn,"trứng, hành lá, dầu ăn","trứng (nhiều/ít/không), hành lá (nhiều/ít/không)","{""trứng"": [""nhiều"", ""ít"", ""không""], ""hành_lá"": [""nhiều"", ""ít"", ""không""]}","Trứng chiên đơn giản, dễ ăn, giàu protein.","{""type"":""đồ ăn"",""taste"":[""savory""],""ingredients"":[""trứng"",""hành lá"",""dầu ăn""],""options"":[""trứng (nhiều/ít/không)"",""hành lá (nhiều/ít/không)""],""suitable_for"":[""quick_meal"",""light_meal""],""avoid_for"":[]}","{""good_for"":[""quick_meal"",""light_meal""],""bad_for"":[]}","{""morning"":true,""noon"":true,""evening"":true,""midnight"":false,""hot_weather"":true,""cold_weather"":false,""rainy"":false,""sunny_strong"":true,""pre_work"":true,""post_work"":false,""post_workout"":true,""light_meal"":true,""want_hot_food"":true,""want_cold_food"":false,""in_a_hurry"":true,""on_the_go"":true,""with_friends"":false,""need_relax"":false,""portable"":true,""short_lunch_break"":true}",
496,Đậu hũ chiên trứng muối,đồ ăn,"đậu hũ, trứng muối, bột chiên, hành","trứng muối (nhiều/ít), hành (nhiều/ít/không)","{""trứng_muối"": [""nhiều"", ""ít""], ""hành"": [""nhiều"", ""ít"", ""không""]}","Món chiên béo mặn, thơm trứng muối. Không phù hợp người cao huyết áp hoặc béo phì.","{""type"":""đồ ăn"",""taste"":[""savory"",""fatty"",""salty""],""ingredients"":[""đậu hũ"",""trứng muối"",""bột chiên"",""hành""],""options"":[""trứng muối (nhiều/ít)"",""hành (nhiều/ít/không)""],""suitable_for"":[""treat""],""avoid_for"":[""high_blood_pressure"",""obesity""]}","{""good_for"":[""treat""],""bad_for"":[""high_blood_pressure"",""obesity""]}","{""morning"":false,""noon"":true,""evening"":true,""midnight"":false,""hot_weather"":false,""cold_weather"":true,""rainy"":true,""sunny_strong"":false,""pre_work"":false,""post_work"":true,""post_workout"":false,""light_meal"":false,""want_hot_food"":true,""want_cold_food"":false,""in_a_hurry"":false,""on_the_go"":false,""with_friends"":true,""need_relax"":false,""portable"":false,""short_lunch_break"":false}",
497,Nấm xào chay,đồ ăn,"nấm, cà rốt, hành boa rô, nước tương","cà rốt (nhiều/ít), nước tương (nhiều/ít)","{""cà_rốt"": [""nhiều"", ""ít""], ""nước_tương"": [""nhiều"", ""ít""]}","Món xào chay nhẹ, ít dầu, tốt cho tiêu hóa.","{""type"":""đồ ăn"",""taste"":[""light"",""savory""],""ingredients"":[""nấm"",""cà rốt"",""hành boa rô"",""nước tương""],""options"":[""cà rốt (nhiều/ít)"",""nước tương (nhiều/ít)""],""suitable_for"":[""vegetarian"",""poor_digestive_system""],""avoid_for"":[]}","{""good_for"":[""vegetarian"",""poor_digestive_system""],""bad_for"":[]}","{""morning"":true,""noon"":true,""evening"":true,""midnight"":false,""hot_weather"":true,""cold_weather"":false,""rainy"":true,""sunny_strong"":false,""pre_work"":true,""post_work"":false,""post_workout"":true,""light_meal"":true,""want_hot_food"":true,""want_cold_food"":false,""in_a_hurry"":true,""on_the_go"":false,""with_friends"":false,""need_relax"":false,""portable"":false,""short_lunch_break"":true}",
498,Rau muống xào tỏi,đồ ăn,"rau muống, tỏi, dầu ăn",tỏi (nhiều/ít/không),"{""tỏi"": [""nhiều"", ""ít"", ""không""]}","Món xào phổ biến, nhiều xơ, tốt cho tiêu hóa. Không phù hợp người dạ dày yếu nếu nhiều tỏi.","{""type"":""đồ ăn"",""taste"":[""savory"",""aromatic""],""ingredients"":[""rau muống"",""tỏi"",""dầu ăn""],""options"":[""tỏi (nhiều/ít/không)""],""suitable_for"":[""healthy_diet""],""avoid_for"":[""weak_stomach""]}","{""good_for"":[""healthy_diet""],""bad_for"":[""weak_stomach""]}","{""morning"":false,""noon"":true,""evening"":true,""midnight"":false,""hot_weather"":true,""cold_weather"":false,""rainy"":false,""sunny_strong"":false,""pre_work"":false,""post_work"":true,""post_workout"":false,""light_meal"":true,""want_hot_food"":true,""want_cold_food"":false,""in_a_hurry"":true,""on_the_go"":false,""with_friends"":false,""need_relax"":false,""portable"":false,""short_lunch_break"":true}",
499,Cải thìa xào dầu hào,đồ ăn,"cải thìa, dầu hào, hành tỏi",hành tỏi (nhiều/ít/không),"{""hành_tỏi"": [""nhiều"", ""ít"", ""không""]}","Món xào đơn giản, đậm vị dầu hào, phù hợp ăn kèm cơm. Không phù hợp người cao huyết áp.","{""type"":""đồ ăn"",""taste"":[""savory""],""ingredients"":[""cải thìa"",""dầu hào"",""hành tỏi""],""options"":[""hành tỏi (nhiều/ít/không)""],""suitable_for"":[""healthy_diet""],""avoid_for"":[""high_blood_pressure""]}","{""good_for"":[""healthy_diet""],""bad_for"":[""high_blood_pressure""]}","{""morning"":false,""noon"":true,""evening"":true,""midnight"":false,""hot_weather"":true,""cold_weather"":false,""rainy"":false,""sunny_strong"":false,""pre_work"":false,""post_work"":true,""post_workout"":false,""light_meal"":true,""want_hot_food"":true,""want_cold_food"":false,""in_a_hurry"":true,""on_the_go"":false,""with_friends"":false,""need_relax"":false,""portable"":false,""short_lunch_break"":true}",
500,Miến xào hải sản,đồ ăn,"Miến, Tôm, Mực, Rau cải, Hành","Rau cải (Nhiều/Ít), Ớt (Nhiều/Ít/Không)","{""rau_cải"": [""nhiều"", ""ít""], ""ớt"": [""nhiều"", ""ít"", ""không""]}","Miến xào hải sản là món mặn cay nhẹ, nhiều đạm và dễ ăn. Không phù hợp người dị ứng hải sản hoặc cao huyết áp.","{""type"":""đồ ăn"",""taste"":[""salty"",""spicy""],""ingredients"":[""miến"",""tôm"",""mực"",""rau cải"",""hành""],""options"":[""Rau cải (Nhiều/Ít)"",""Ớt (Nhiều/Ít/Không)""],""suitable_for"":[""low_blood_pressure""],""avoid_for"":[""seafood_allergy"",""high_blood_pressure"",""gastritis""]}","{""good_for"":[""low_blood_pressure""],""bad_for"":[""seafood_allergy"",""high_blood_pressure"",""gastritis""]}","{""morning"":false,""noon"":true,""evening"":true,""midnight"":false,""hot_weather"":false,""cold_weather"":true,""rainy"":false,""sunny_strong"":false,""pre_work"":false,""post_work"":true,""post_workout"":false,""light_meal"":false,""want_hot_food"":true,""want_cold_food"":false,""in_a_hurry"":false,""on_the_go"":false,""with_friends"":true,""need_relax"":false,""portable"":false,""short_lunch_break"":false}",
501,Chè thập cẩm sữa dừa,đồ ăn,"Đậu, Thạch, Nước cốt dừa, Đá, Đường","Nước cốt dừa (Nhiều/Ít), sữa tươi(nhiều/ít), Đường (Nhiều/Ít), Đá (Nhiều/Ít/Không)","{""nước_cốt_dừa"": [""nhiều"", ""ít""], ""sữa_tươi"": [""nhiều"", ""ít""], ""đường"": [""nhiều"", ""ít""], ""đá"": [""nhiều"", ""ít"", ""không""]}","Chè thập cẩm sữa dừa là món ngọt béo, mát và dễ ăn. Phù hợp thời tiết nóng; không phù hợp người tiểu đường hoặc béo phì.","{""type"":""đồ ăn"",""taste"":[""sweet""],""ingredients"":[""đậu"",""thạch"",""nước cốt dừa"",""đá"",""đường""],""options"":[""Nước cốt dừa (Nhiều/Ít)"",""sữa tươi (nhiều/ít)"",""Đường (Nhiều/Ít)"",""Đá (Nhiều/Ít/Không)""],""suitable_for"":[""hot_weather""],""avoid_for"":[""diabetes"",""obesity"",""fatty_liver""]}","{""good_for"":[""hot_weather""],""bad_for"":[""diabetes"",""obesity"",""fatty_liver""]}","{""morning"":true,""noon"":true,""evening"":true,""midnight"":false,""hot_weather"":true,""cold_weather"":false,""rainy"":false,""sunny_strong"":true,""pre_work"":false,""post_work"":false,""post_workout"":false,""light_meal"":true,""want_hot_food"":false,""want_cold_food"":true,""in_a_hurry"":true,""on_the_go"":true,""with_friends"":true,""need_relax"":true,""portable"":true,""short_lunch_break"":true}",
502,Trà sữa bạc hà,thức uống,"Trà, Sữa, Bạc hà, Trân châu, Đường","Trân châu (Nhiều/Ít/Không), Đường (Nhiều/Ít)","{""trân_châu"": [""nhiều"", ""ít"", ""không""], ""đường"": [""nhiều"", ""ít""]}","Trà sữa bạc hà là thức uống ngọt béo, thơm bạc hà và giải nhiệt nhẹ. Không phù hợp người tiểu đường hoặc béo phì.","{""type"":""thức uống"",""taste"":[""sweet""],""ingredients"":[""trà"",""sữa"",""bạc hà"",""trân châu"",""đường""],""options"":[""Trân châu (Nhiều/Ít/Không)"",""Đường (Nhiều/Ít)""],""suitable_for"":[""hot_weather""],""avoid_for"":[""diabetes"",""obesity"",""fatty_liver""]}","{""good_for"":[""hot_weather""],""bad_for"":[""diabetes"",""obesity"",""fatty_liver""]}","{""morning"":true,""noon"":true,""evening"":true,""midnight"":false,""hot_weather"":true,""cold_weather"":false,""rainy"":false,""sunny_strong"":true,""pre_work"":false,""post_work"":false,""post_workout"":false,""light_meal"":false,""want_hot_food"":false,""want_cold_food"":true,""in_a_hurry"":true,""on_the_go"":true,""with_friends"":true,""need_relax"":true,""portable"":true,""short_lunch_break"":true}",
503,Nước ép dưa hấu,thức uống,"Dưa hấu, Đường, Đá","Đường (Nhiều/Ít), Đá (Nhiều/Ít/Không)","{""đường"": [""nhiều"", ""ít""], ""đá"": [""nhiều"", ""ít"", ""không""]}","Nước ép dưa hấu là thức uống ngọt, mát, nhiều nước. Không phù hợp người tiểu đường do lượng đường cao tự nhiên.","{""type"":""thức uống"",""taste"":[""sweet""],""ingredients"":[""dưa hấu"",""đường"",""đá""],""options"":[""đường (Nhiều/Ít)"",""đá (Nhiều/Ít/Không)""],""suitable_for"":[""body_heat""],""avoid_for"":[""diabetes""]}","{""good_for"":[""body_heat""],""bad_for"":[""diabetes""]}","{""morning"":true,""noon"":true,""evening"":true,""midnight"":false,""hot_weather"":true,""cold_weather"":false,""rainy"":true,""sunny_strong"":true,""pre_work"":false,""post_work"":true,""post_workout"":true,""light_meal"":true,""want_hot_food"":false,""want_cold_food"":true,""in_a_hurry"":true,""on_the_go"":true,""with_friends"":true,""need_relax"":true,""portable"":true,""short_lunch_break"":true}",
504,Nước ép cà chua,thức uống,"cà chua, đường, đá","đường (nhiều/ít), đá (nhiều/ít/không)","{""đường"": [""nhiều"", ""ít""], ""đá"": [""nhiều"", ""ít"", ""không""]}","Nước ép cà chua là thức uống chua nhẹ, giàu vitamin và mát. Phù hợp người thiếu vitamin; không phù hợp người dạ dày yếu.","{""type"":""thức uống"",""taste"":[""sour""],""ingredients"":[""cà chua"",""đường"",""đá""],""options"":[""đường (nhiều/ít)"",""đá (nhiều/ít/không)""],""suitable_for"":[""vitaminD_deficiency""],""avoid_for"":[""weak_stomach"",""gastritis""]}","{""good_for"":[""vitaminD_deficiency""],""bad_for"":[""weak_stomach"",""gastritis""]}","{""morning"":true,""noon"":true,""evening"":true,""midnight"":false,""hot_weather"":true,""cold_weather"":false,""rainy"":true,""sunny_strong"":true,""pre_work"":true,""post_work"":false,""post_workout"":true,""light_meal"":true,""want_hot_food"":false,""want_cold_food"":true,""in_a_hurry"":true,""on_the_go"":true,""with_friends"":true,""need_relax"":true,""portable"":true,""short_lunch_break"":true}",
505,Sinh tố bơ chuối,thức uống,"bơ, chuối, sữa, đá","đường (nhiều/ít), đá (nhiều/ít/không), sữa (nhiều/ít)","{""đường"": [""nhiều"", ""ít""], ""đá"": [""nhiều"", ""ít"", ""không""], ""sữa"": [""nhiều"", ""ít""]}","Sinh tố bơ chuối là thức uống sinh tố béo, ngọt và mát. Phù hợp thời tiết nóng và người huyết áp thấp (khi ít đường); không phù hợp người tiểu đường hoặc béo phì.","{""type"":""thức uống"",""taste"":[""sweet""],""ingredients"":[""bơ"",""chuối"",""sữa"",""đá""],""options"":[""đường (nhiều/ít)"",""đá (nhiều/ít/không)"",""sữa (nhiều/ít)""],""suitable_for"":[""hot_weather"",""low_blood_pressure""],""avoid_for"":[""diabetes"",""obesity"",""fatty_liver""]}","{""good_for"":[""low_blood_pressure"",""hot_weather""],""bad_for"":[""diabetes"",""obesity"",""fatty_liver""]}","{""morning"":true,""noon"":true,""evening"":true,""midnight"":false,""hot_weather"":true,""cold_weather"":false,""rainy"":false,""sunny_strong"":true,""pre_work"":false,""post_work"":false,""post_workout"":false,""light_meal"":true,""want_hot_food"":false,""want_cold_food"":true,""in_a_hurry"":true,""on_the_go"":true,""with_friends"":true,""need_relax"":true,""portable"":true,""short_lunch_break"":true}",
506,Cacao đá,thức uống,"bột cacao, sữa, đá, đường","đường (nhiều/ít), đá (nhiều/ít/không), sữa (nhiều/ít)","{""đường"": [""nhiều"", ""ít""], ""đá"": [""nhiều"", ""ít"", ""không""], ""sữa"": [""nhiều"", ""ít""]}","Cacao đá là thức uống cacao lạnh, vị ngọt và béo nhẹ. Phù hợp thời tiết nóng; không phù hợp người tiểu đường hoặc béo phì.","{""type"":""thức uống"",""taste"":[""sweet"",""bitter""],""caffeine"":""thấp"",""ingredients"":[""bột cacao"",""sữa"",""đá"",""đường""],""options"":[""đường (nhiều/ít)"",""đá (nhiều/ít/không)"",""sữa (nhiều/ít)""],""suitable_for"":[""hot_weather""],""avoid_for"":[""diabetes"",""obesity""]}","{""good_for"":[""hot_weather""],""bad_for"":[""diabetes"",""obesity""]}","{""morning"":true,""noon"":true,""evening"":true,""midnight"":false,""hot_weather"":true,""cold_weather"":false,""rainy"":false,""sunny_strong"":true,""pre_work"":false,""post_work"":false,""post_workout"":false,""light_meal"":false,""want_hot_food"":false,""want_cold_food"":true,""in_a_hurry"":true,""on_the_go"":true,""with_friends"":true,""need_relax"":true,""portable"":true,""short_lunch_break"":true}",
507,Cơm tấm chay,đồ ăn,"Cơm tấm, Chả chay, Bì chay, Đồ chua, Nước mắm chay","Chả chay (Nhiều/Ít), Bì chay (Nhiều/Ít/Không), Nước mắm chay (Nhiều/Ít)","{""chả_chay"": [""nhiều"", ""ít""], ""bì_chay"": [""nhiều"", ""ít"", ""không""], ""nước_mắm_chay"": [""nhiều"", ""ít""]}","Cơm tấm chay là món ăn mặn nhẹ, thanh hơn cơm tấm thường. Phù hợp người cần ăn nhẹ; không phù hợp người cao huyết áp nếu dùng nhiều nước mắm chay.","{""type"":""đồ ăn"",""taste"":[""salty"",""sweet""],""ingredients"":[""cơm tấm"",""chả chay"",""bì chay"",""đồ chua"",""nước mắm chay""],""options"":[""chả chay (Nhiều/Ít)"",""bì chay (Nhiều/Ít/Không)"",""nước mắm chay (Nhiều/Ít)""],""suitable_for"":[""vegetarian""],""avoid_for"":[""high_blood_pressure""]}","{""good_for"":[""vegetarian""],""bad_for"":[""high_blood_pressure""]}","{""morning"":false,""noon"":true,""evening"":true,""midnight"":false,""hot_weather"":false,""cold_weather"":true,""rainy"":false,""sunny_strong"":false,""pre_work"":false,""post_work"":true,""post_workout"":false,""light_meal"":false,""want_hot_food"":true,""want_cold_food"":false,""in_a_hurry"":false,""on_the_go"":false,""with_friends"":true,""need_relax"":false,""portable"":false,""short_lunch_break"":false}",
508,Cơm sườn trứng,đồ ăn,"Cơm, Sườn nướng, Trứng ốp la, Dưa leo, Nước mắm","Trứng (Nhiều/Ít), Nước mắm (Nhiều/Ít)","{""trứng"": [""nhiều"", ""ít""], ""nước_mắm"": [""nhiều"", ""ít""]}","Cơm sườn trứng là món ăn no năng lượng, đậm đà và giàu đạm. Phù hợp người thiếu máu hoặc huyết áp thấp; không phù hợp người cao huyết áp hoặc béo phì.","{""type"":""đồ ăn"",""taste"":[""salty"",""savory""],""ingredients"":[""cơm"",""sườn nướng"",""trứng ốp la"",""dưa leo"",""nước mắm""],""options"":[""Trứng (Nhiều/Ít)"",""Nước mắm (Nhiều/Ít)""],""suitable_for"":[""anemia"",""low_blood_pressure""],""avoid_for"":[""high_blood_pressure"",""obesity"",""fatty_liver"",""high_cholesterol""]}","{""good_for"":[""anemia"",""low_blood_pressure""],""bad_for"":[""high_blood_pressure"",""obesity"",""fatty_liver"",""high_cholesterol""]}","{""morning"":false,""noon"":true,""evening"":true,""midnight"":false,""hot_weather"":false,""cold_weather"":true,""rainy"":false,""sunny_strong"":false,""pre_work"":false,""post_work"":true,""post_workout"":false,""light_meal"":false,""want_hot_food"":true,""want_cold_food"":false,""in_a_hurry"":false,""on_the_go"":false,""with_friends"":true,""need_relax"":false,""portable"":false,""short_lunch_break"":false}",
509,Bún thịt nướng chả giò,đồ ăn,"Bún, Thịt nạc vai heo, Chả giò, Rau, Nước mắm","Chả giò (Nhiều/Ít), Rau (Nhiều/Ít/Không), Nước mắm (Nhiều/Ít)","{""chả_giò"": [""nhiều"", ""ít""], ""rau"": [""nhiều"", ""ít"", ""không""], ""nước_mắm"": [""nhiều"", ""ít""]}","Bún thịt nướng chả giò là món ăn mặn ngọt hài hòa, có thịt và chả giò chiên. Phù hợp người cần ăn no; không phù hợp người cao huyết áp hoặc béo phì.","{""type"":""đồ ăn"",""taste"":[""salty"",""sweet""],""ingredients"":[""bún"",""thịt nạc vai heo"",""chả giò"",""rau"",""nước mắm""],""options"":[""Chả giò (Nhiều/Ít)"",""Rau (Nhiều/Ít/Không)"",""Nước mắm (Nhiều/Ít)""],""suitable_for"":[],""avoid_for"":[""high_blood_pressure"",""obesity"",""fatty_liver"",""high_cholesterol""]}","{""good_for"":[],""bad_for"":[""high_blood_pressure"",""obesity"",""fatty_liver"",""high_cholesterol""]}","{""morning"":false,""noon"":true,""evening"":true,""midnight"":false,""hot_weather"":false,""cold_weather"":true,""rainy"":false,""sunny_strong"":false,""pre_work"":false,""post_work"":true,""post_workout"":false,""light_meal"":false,""want_hot_food"":false,""want_cold_food"":true,""in_a_hurry"":false,""on_the_go"":false,""with_friends"":true,""need_relax"":false,""portable"":false,""short_lunch_break"":false}",
510,Bún bò chay,đồ ăn,"Bún, Bò lát chay, Sả, Rau thơm","Sả (Nhiều/Ít/Không), Rau thơm (Nhiều/Ít/Không)","{""sả"": [""nhiều"", ""ít"", ""không""], ""rau_thơm"": [""nhiều"", ""ít"", ""không""]}","Bún bò chay là món nước thanh nhẹ, thơm mùi sả và ít béo. Phù hợp người ăn chay hoặc tiêu hóa kém; không phù hợp người cao huyết áp nếu nước dùng mặn.","{""type"":""đồ ăn"",""taste"":[""salty""],""ingredients"":[""bún"",""bò lát chay"",""sả"",""rau thơm""],""options"":[""sả (Nhiều/Ít/Không)"",""rau thơm (Nhiều/Ít/Không)""],""suitable_for"":[""vegetarian"",""poor_digestive_system""],""avoid_for"":[""high_blood_pressure""]}","{""good_for"":[""vegetarian"",""poor_digestive_system""],""bad_for"":[""high_blood_pressure""]}","{""morning"":true,""noon"":true,""evening"":true,""midnight"":false,""hot_weather"":true,""cold_weather"":false,""rainy"":true,""sunny_strong"":true,""pre_work"":true,""post_work"":false,""post_workout"":true,""light_meal"":true,""want_hot_food"":true,""want_cold_food"":false,""in_a_hurry"":true,""on_the_go"":true,""with_friends"":true,""need_relax"":true,""portable"":true,""short_lunch_break"":true}",
511,Bún đậu chay,đồ ăn,"Bún, Đậu hũ, Chả chay, Rau, Mắm tôm chay","Chả chay (Nhiều/Ít/Không), Mắm tôm chay (Nhiều/Ít)","{""chả_chay"": [""nhiều"", ""ít"", ""không""], ""mắm_tôm_chay"": [""nhiều"", ""ít""]}","Bún đậu chay là món mặn đặc trưng, có mắm tôm chay và đậu hũ chiên. Không phù hợp người cao huyết áp hoặc rối loạn tiêu hóa.","{""type"":""đồ ăn"",""taste"":[""salty""],""ingredients"":[""bún"",""đậu hũ"",""chả chay"",""rau"",""mắm tôm chay""],""options"":[""chả chay (Nhiều/Ít/Không)"",""mắm tôm chay (Nhiều/Ít)""],""suitable_for"":[""vegetarian""],""avoid_for"":[""high_blood_pressure"",""digestive_disorder"",""poor_digestive_system""]}","{""good_for"":[""vegetarian""],""bad_for"":[""high_blood_pressure"",""digestive_disorder"",""poor_digestive_system""]}","{""morning"":false,""noon"":true,""evening"":true,""midnight"":false,""hot_weather"":false,""cold_weather"":true,""rainy"":false,""sunny_strong"":false,""pre_work"":false,""post_work"":true,""post_workout"":false,""light_meal"":false,""want_hot_food"":false,""want_cold_food"":true,""in_a_hurry"":false,""on_the_go"":false,""with_friends"":true,""need_relax"":false,""portable"":false,""short_lunch_break"":false}",
512,Mì trộn trứng lòng đào,đồ ăn,"Mì, Trứng lòng đào, Hành phi, Rau","Hành phi (Nhiều/Ít/Không), Rau (Nhiều/Ít/Không)","{""hành_phi"": [""nhiều"", ""ít"", ""không""], ""rau"": [""nhiều"", ""ít"", ""không""]}","Mì trộn trứng lòng đào là món dễ ăn, béo nhẹ và thơm. Phù hợp người huyết áp thấp hoặc cần năng lượng nhanh; không phù hợp người béo phì.","{""type"":""đồ ăn"",""taste"":[""savory""],""ingredients"":[""mì"",""trứng lòng đào"",""hành phi"",""rau""],""options"":[""Hành phi (Nhiều/Ít/Không)"",""Rau (Nhiều/Ít/Không)""],""suitable_for"":[""low_blood_pressure""],""avoid_for"":[""obesity"",""fatty_liver"",""high_cholesterol""]}","{""good_for"":[""low_blood_pressure""],""bad_for"":[""obesity"",""fatty_liver"",""high_cholesterol""]}","{""morning"":false,""noon"":true,""evening"":true,""midnight"":false,""hot_weather"":false,""cold_weather"":true,""rainy"":false,""sunny_strong"":false,""pre_work"":false,""post_work"":true,""post_workout"":false,""light_meal"":false,""want_hot_food"":true,""want_cold_food"":false,""in_a_hurry"":false,""on_the_go"":false,""with_friends"":true,""need_relax"":false,""portable"":false,""short_lunch_break"":false}",
513,Mì hải sản cay,đồ ăn,"Mì, Tôm, Mực, Cá, Rau","Rau (Nhiều/Ít/Không), Ớt (Nhiều/Ít)","{""rau"": [""nhiều"", ""ít"", ""không""], ""ớt"": [""nhiều"", ""ít""]}","Mì hải sản cay là món cay mặn đậm đà, nhiều đạm. Phù hợp người huyết áp thấp; không phù hợp người dị ứng hải sản hoặc viêm dạ dày.","{""type"":""đồ ăn"",""taste"":[""salty"",""spicy""],""ingredients"":[""mì"",""tôm"",""mực"",""cá"",""rau""],""options"":[""Rau (Nhiều/Ít/Không)"",""Ớt (Nhiều/Ít)""],""suitable_for"":[""low_blood_pressure""],""avoid_for"":[""seafood_allergy"",""gastritis"",""colitis"",""high_blood_pressure""]}","{""good_for"":[""low_blood_pressure""],""bad_for"":[""seafood_allergy"",""gastritis"",""colitis"",""high_blood_pressure""]}","{""morning"":false,""noon"":true,""evening"":true,""midnight"":false,""hot_weather"":false,""cold_weather"":true,""rainy"":false,""sunny_strong"":false,""pre_work"":false,""post_work"":true,""post_workout"":false,""light_meal"":false,""want_hot_food"":true,""want_cold_food"":false,""in_a_hurry"":false,""on_the_go"":false,""with_friends"":true,""need_relax"":false,""portable"":false,""short_lunch_break"":false}",
514,Canh ngót cá rô,đồ ăn,"Cá rô, Rau ngót, Hành, Tiêu","Hành (Nhiều/Ít/Không), Rau ngót (Nhiều/Ít), Tiêu (Nhiều/Ít/Không)","{""hành"": [""nhiều"", ""ít"", ""không""], ""rau_ngót"": [""nhiều"", ""ít""], ""tiêu"": [""nhiều"", ""ít"", ""không""]}","Canh ngót cá rô là món nước thanh, ít béo và dễ tiêu. Không phù hợp người gout do chứa cá.","{""type"":""đồ ăn"",""taste"":[""salty""],""ingredients"":[""cá rô"",""rau ngót"",""hành"",""tiêu""],""options"":[""hành (Nhiều/Ít/Không)"",""rau ngót (Nhiều/Ít)"",""tiêu (Nhiều/Ít/Không)""],""suitable_for"":[""poor_digestive_system""],""avoid_for"":[""gout""]}","{""good_for"":[""poor_digestive_system""],""bad_for"":[""gout""]}","{""morning"":true,""noon"":true,""evening"":true,""midnight"":false,""hot_weather"":true,""cold_weather"":false,""rainy"":true,""sunny_strong"":true,""pre_work"":true,""post_work"":false,""post_workout"":true,""light_meal"":true,""want_hot_food"":true,""want_cold_food"":false,""in_a_hurry"":true,""on_the_go"":true,""with_friends"":false,""need_relax"":true,""portable"":true,""short_lunch_break"":true}",
515,Canh bầu tôm,đồ ăn,"Bầu, Tôm, Hành, Tiêu","Hành (Nhiều/Ít/Không), Tiêu (Nhiều/Ít/Không)","{""hành"": [""nhiều"", ""ít"", ""không""], ""tiêu"": [""nhiều"", ""ít"", ""không""]}","Canh bầu tôm là món nước thanh mát, dễ tiêu và nhiều nước. Không phù hợp người dị ứng hải sản.","{""type"":""đồ ăn"",""taste"":[""salty""],""ingredients"":[""bầu"",""tôm"",""hành"",""tiêu""],""options"":[""hành (Nhiều/Ít/Không)"",""tiêu (Nhiều/Ít/Không)""],""suitable_for"":[""poor_digestive_system"",""body_heat""],""avoid_for"":[""seafood_allergy""]}","{""good_for"":[""poor_digestive_system"",""body_heat""],""bad_for"":[""seafood_allergy""]}","{""morning"":true,""noon"":true,""evening"":true,""midnight"":false,""hot_weather"":true,""cold_weather"":false,""rainy"":true,""sunny_strong"":true,""pre_work"":true,""post_work"":false,""post_workout"":true,""light_meal"":true,""want_hot_food"":true,""want_cold_food"":false,""in_a_hurry"":true,""on_the_go"":true,""with_friends"":false,""need_relax"":true,""portable"":true,""short_lunch_break"":true}",
516,Canh rau má thịt bằm,đồ ăn,"Rau má, Thịt bằm, Hành",Hành (Nhiều/Ít/Không),"{""hành"": [""nhiều"", ""ít"", ""không""]}","Canh rau má thịt bằm là món nước mát, thanh và dễ tiêu. Không phù hợp người gout.","{""type"":""đồ ăn"",""taste"":[""salty""],""ingredients"":[""rau má"",""thịt bằm"",""hành""],""options"":[""hành (Nhiều/Ít/Không)""],""suitable_for"":[""poor_digestive_system"",""body_heat""],""avoid_for"":[""gout""]}","{""good_for"":[""poor_digestive_system"",""body_heat""],""bad_for"":[""gout""]}","{""morning"":true,""noon"":true,""evening"":true,""midnight"":false,""hot_weather"":true,""cold_weather"":false,""rainy"":true,""sunny_strong"":true,""pre_work"":true,""post_work"":false,""post_workout"":true,""light_meal"":true,""want_hot_food"":true,""want_cold_food"":false,""in_a_hurry"":true,""on_the_go"":true,""with_friends"":false,""need_relax"":true,""portable"":true,""short_lunch_break"":true}",
517,Canh hẹ đậu hũ,đồ ăn,"Hẹ, Đậu hũ, Hành","Hẹ (Nhiều/Ít), Đậu hũ (Nhiều/Ít), Hành (Nhiều/Ít/Không)","{""hẹ"": [""nhiều"", ""ít""], ""đậu_hũ"": [""nhiều"", ""ít""], ""hành"": [""nhiều"", ""ít"", ""không""]}","Canh hẹ đậu hũ là món nước thanh đạm, dễ tiêu và ít béo. Phù hợp người ăn chay; không phù hợp người tiêu hóa kém khi ăn nhiều hẹ.","{""type"":""đồ ăn"",""taste"":[""salty""],""ingredients"":[""hẹ"",""đậu hũ"",""hành""],""options"":[""hẹ (Nhiều/Ít)"",""đậu hũ (Nhiều/Ít)"",""hành (Nhiều/Ít/Không)""],""suitable_for"":[""vegetarian"",""poor_digestive_system""],""avoid_for"":[""ibs""]}","{""good_for"":[""vegetarian"",""poor_digestive_system""],""bad_for"":[""ibs""]}","{""morning"":true,""noon"":true,""evening"":true,""midnight"":false,""hot_weather"":true,""cold_weather"":false,""rainy"":true,""sunny_strong"":true,""pre_work"":true,""post_work"":false,""post_workout"":true,""light_meal"":true,""want_hot_food"":true,""want_cold_food"":false,""in_a_hurry"":true,""on_the_go"":true,""with_friends"":false,""need_relax"":true,""portable"":true,""short_lunch_break"":true}",
518,Canh kim chi chay,đồ ăn,"Kim chi chay, Đậu hũ, Nấm, Hành boa rô","Nấm (Nhiều/Ít), Đậu hũ (Nhiều/Ít), Ớt (Nhiều/Ít/Không)","{""nấm"": [""nhiều"", ""ít""], ""đậu_hũ"": [""nhiều"", ""ít""], ""ớt"": [""nhiều"", ""ít"", ""không""]}","Canh kim chi chay là món nước chua cay, đậm vị và nóng. Không phù hợp người viêm dạ dày hoặc ruột kích thích.","{""type"":""đồ ăn"",""taste"":[""spicy"",""sour"",""salty""],""ingredients"":[""kim chi chay"",""đậu hũ"",""nấm"",""hành boa rô""],""options"":[""nấm (Nhiều/Ít)"",""đậu hũ (Nhiều/Ít)"",""ớt (Nhiều/Ít/Không)""],""suitable_for"":[""vegetarian""],""avoid_for"":[""gastritis"",""ibs"",""colitis""]}","{""good_for"":[""vegetarian""],""bad_for"":[""gastritis"",""ibs"",""colitis""]}","{""morning"":false,""noon"":true,""evening"":true,""midnight"":false,""hot_weather"":false,""cold_weather"":true,""rainy"":false,""sunny_strong"":false,""pre_work"":false,""post_work"":true,""post_workout"":false,""light_meal"":false,""want_hot_food"":true,""want_cold_food"":false,""in_a_hurry"":false,""on_the_go"":false,""with_friends"":true,""need_relax"":false,""portable"":false,""short_lunch_break"":false}",
519,Cá kho nghệ,đồ ăn,"Cá, Nghệ, Hành, Tiêu, Nước kho","Tiêu (Nhiều/Ít/Không), Nước kho (Nhiều/Ít)","{""tiêu"": [""nhiều"", ""ít"", ""không""], ""nước_kho"": [""nhiều"", ""ít""]}","Cá kho nghệ là món mặn và ấm, có nghệ tốt cho tiêu hóa nhẹ. Không phù hợp người cao huyết áp vì mặn.","{""type"":""đồ ăn"",""taste"":[""salty""],""ingredients"":[""cá"",""nghệ"",""hành"",""tiêu"",""nước kho""],""options"":[""Tiêu (Nhiều/Ít/Không)"",""Nước kho (Nhiều/Ít)""],""suitable_for"":[""poor_digestive_system"",""indigestion""],""avoid_for"":[""high_blood_pressure""]}","{""good_for"":[""poor_digestive_system"",""indigestion""],""bad_for"":[""high_blood_pressure""]}","{""morning"":false,""noon"":true,""evening"":true,""midnight"":false,""hot_weather"":false,""cold_weather"":true,""rainy"":false,""sunny_strong"":false,""pre_work"":false,""post_work"":true,""post_workout"":false,""light_meal"":false,""want_hot_food"":true,""want_cold_food"":false,""in_a_hurry"":false,""on_the_go"":false,""with_friends"":true,""need_relax"":false,""portable"":false,""short_lunch_break"":false}",
520,Cá trê kho tộ,đồ ăn,"Cá trê, Nước màu, Tiêu, Hành, Nước kho","Cá trê (Nhiều/Ít/Không), Tiêu (Nhiều/Ít/Không), Đường (Nhiều/Ít/Không)","{""cá_trê"": [""nhiều"", ""ít"", ""không""], ""tiêu"": [""nhiều"", ""ít"", ""không""], ""đường"": [""nhiều"", ""ít"", ""không""]}","Cá trê kho tộ là món mặn ngọt, đậm đà và giàu đạm. Không phù hợp người cao huyết áp hoặc béo phì.","{""type"":""đồ ăn"",""taste"":[""salty"",""sweet""],""ingredients"":[""cá trê"",""nước màu"",""tiêu"",""hành"",""nước kho""],""options"":[""Cá trê (Nhiều/Ít/Không)"",""Tiêu (Nhiều/Ít/Không)"",""Đường (Nhiều/Ít/Không)""],""suitable_for"":[""low_blood_pressure""],""avoid_for"":[""high_blood_pressure"",""obesity"",""fatty_liver""]}","{""good_for"":[""low_blood_pressure""],""bad_for"":[""high_blood_pressure"",""obesity"",""fatty_liver""]}","{""morning"":false,""noon"":true,""evening"":true,""midnight"":false,""hot_weather"":false,""cold_weather"":true,""rainy"":false,""sunny_strong"":false,""pre_work"":false,""post_work"":true,""post_workout"":false,""light_meal"":false,""want_hot_food"":true,""want_cold_food"":false,""in_a_hurry"":false,""on_the_go"":false,""with_friends"":true,""need_relax"":false,""portable"":false,""short_lunch_break"":false}",
521,Tôm rim mặn ngọt,đồ ăn,"Tôm, Hành, Tiêu, Nước mắm","Nước mắm (Nhiều/Ít), Tiêu (Nhiều/Ít/Không), Nước chấm (cay/không cay)","{""nước_mắm"": [""nhiều"", ""ít""], ""tiêu"": [""nhiều"", ""ít"", ""không""], ""nước_chấm"": [""cay"", ""không cay""]}","Tôm rim mặn ngọt là món đậm đà, nhiều đạm và hơi cay nhẹ. Không phù hợp người dị ứng hải sản hoặc cao huyết áp.","{""type"":""đồ ăn"",""taste"":[""salty"",""sweet""],""ingredients"":[""tôm"",""hành"",""tiêu"",""nước mắm""],""options"":[""Nước mắm (Nhiều/Ít)"",""Tiêu (Nhiều/Ít/Không)"",""Nước chấm (cay/không cay)""],""suitable_for"":[""low_blood_pressure""],""avoid_for"":[""seafood_allergy"",""high_blood_pressure"",""gastritis""]}","{""good_for"":[""low_blood_pressure""],""bad_for"":[""seafood_allergy"",""high_blood_pressure"",""gastritis""]}","{""morning"":false,""noon"":true,""evening"":true,""midnight"":false,""hot_weather"":false,""cold_weather"":true,""rainy"":false,""sunny_strong"":false,""pre_work"":false,""post_work"":true,""post_workout"":false,""light_meal"":false,""want_hot_food"":true,""want_cold_food"":false,""in_a_hurry"":false,""on_the_go"":false,""with_friends"":true,""need_relax"":false,""portable"":false,""short_lunch_break"":false}",
522,Thịt bò kho tiêu xanh,đồ ăn,"Thịt bò, Tiêu xanh, Hành, Tỏi","Tiêu xanh (Nhiều/Ít/Không), Hành (Nhiều/Ít/Không), Tỏi (Nhiều/Ít/Không)","{""tiêu_xanh"": [""nhiều"", ""ít"", ""không""], ""hành"": [""nhiều"", ""ít"", ""không""], ""tỏi"": [""nhiều"", ""ít"", ""không""]}","Thịt bò kho tiêu xanh là món cay ấm, giàu đạm. Phù hợp thời tiết lạnh hoặc người thiếu máu; không phù hợp người viêm dạ dày.","{""type"":""đồ ăn"",""taste"":[""salty"",""spicy""],""ingredients"":[""thịt bò"",""tiêu xanh"",""hành"",""tỏi""],""options"":[""Tiêu xanh (Nhiều/Ít/Không)"",""Hành (Nhiều/Ít/Không)"",""Tỏi (Nhiều/Ít/Không)""],""suitable_for"":[""cold_weather"",""anemia""],""avoid_for"":[""gastritis"",""colitis""]}","{""good_for"":[""cold_weather"",""anemia""],""bad_for"":[""gastritis"",""colitis""]}","{""morning"":false,""noon"":true,""evening"":true,""midnight"":false,""hot_weather"":false,""cold_weather"":true,""rainy"":false,""sunny_strong"":false,""pre_work"":false,""post_work"":true,""post_workout"":false,""light_meal"":false,""want_hot_food"":true,""want_cold_food"":false,""in_a_hurry"":false,""on_the_go"":false,""with_friends"":true,""need_relax"":false,""portable"":false,""short_lunch_break"":false}",
523,Chè đậu đỏ nước cốt dừa,đồ ăn,"Đậu đỏ, Nước cốt dừa, Đá","Nước cốt dừa (nhiều/ít/không), Đá (nhiều/ít/không), Đường (nhiều/ít)","{""nước_cốt_dừa"": [""nhiều"", ""ít"", ""không""], ""đá"": [""nhiều"", ""ít"", ""không""], ""đường"": [""nhiều"", ""ít""]}","Chè đậu đỏ nước cốt dừa là món ngọt béo, mát. Phù hợp thời tiết nóng; không phù hợp người tiểu đường hoặc béo phì.","{""type"":""đồ ăn"",""taste"":[""sweet""],""ingredients"":[""đậu đỏ"",""nước cốt dừa"",""đá""],""options"":[""Nước cốt dừa (nhiều/ít/không)"",""Đá (nhiều/ít/không)"",""Đường (nhiều/ít)""],""suitable_for"":[""hot_weather""],""avoid_for"":[""diabetes"",""obesity"",""fatty_liver""]}","{""good_for"":[""hot_weather""],""bad_for"":[""diabetes"",""obesity"",""fatty_liver""]}","{""morning"":true,""noon"":true,""evening"":true,""midnight"":false,""hot_weather"":true,""cold_weather"":false,""rainy"":false,""sunny_strong"":true,""pre_work"":false,""post_work"":false,""post_workout"":false,""light_meal"":true,""want_hot_food"":false,""want_cold_food"":true,""in_a_hurry"":true,""on_the_go"":true,""with_friends"":true,""need_relax"":true,""portable"":true,""short_lunch_break"":true}",
524,Chè mít sữa tươi,đồ ăn,"Mít, Sữa tươi, Thạch, Đá","Đá (nhiều/ít/không), Sữa tươi (nhiều/ít), Đường (nhiều/ít)","{""đá"": [""nhiều"", ""ít"", ""không""], ""sữa_tươi"": [""nhiều"", ""ít""], ""đường"": [""nhiều"", ""ít""]}","Chè mít sữa tươi là món ngọt mát, béo nhẹ. Không phù hợp người tiểu đường hoặc béo phì.","{""type"":""đồ ăn"",""taste"":[""sweet""],""ingredients"":[""mít"",""sữa tươi"",""thạch"",""đá""],""options"":[""Đá (nhiều/ít/không)"",""Sữa tươi (nhiều/ít)"",""Đường (nhiều/ít)""],""suitable_for"":[""hot_weather""],""avoid_for"":[""diabetes"",""obesity"",""fatty_liver""]}","{""good_for"":[""hot_weather""],""bad_for"":[""diabetes"",""obesity"",""fatty_liver""]}","{""morning"":true,""noon"":true,""evening"":true,""midnight"":false,""hot_weather"":true,""cold_weather"":false,""rainy"":false,""sunny_strong"":true,""pre_work"":false,""post_work"":false,""post_workout"":false,""light_meal"":true,""want_hot_food"":false,""want_cold_food"":true,""in_a_hurry"":true,""on_the_go"":true,""with_friends"":true,""need_relax"":true,""portable"":true,""short_lunch_break"":true}",
525,Nước ép xoài,thức uống,Xoài ép,"Đá (nhiều/ít/không), Đường (nhiều/ít/không)","{""đá"": [""nhiều"", ""ít"", ""không""], ""đường"": [""nhiều"", ""ít"", ""không""]}","Nước ép xoài là thức uống chua ngọt, giúp giải nhiệt. Không phù hợp người tiểu đường khi thêm đường.","{""type"":""thức uống"",""taste"":[""sweet"",""sour""],""ingredients"":[""xoài ép""],""options"":[""Đá (nhiều/ít/không)"",""Đường (nhiều/ít/không)""],""suitable_for"":[""hot_weather"",""body_heat""],""avoid_for"":[""diabetes""]}","{""good_for"":[""hot_weather"",""body_heat""],""bad_for"":[""diabetes""]}","{""morning"":true,""noon"":true,""evening"":true,""midnight"":false,""hot_weather"":true,""cold_weather"":false,""rainy"":false,""sunny_strong"":true,""pre_work"":true,""post_work"":false,""post_workout"":false,""light_meal"":true,""want_hot_food"":false,""want_cold_food"":true,""in_a_hurry"":true,""on_the_go"":true,""with_friends"":true,""need_relax"":true,""portable"":true,""short_lunch_break"":true}",
526,Nước ép cam cà rốt,thức uống,"Cam, Cà rốt ép","Đá (nhiều/ít/không), Đường (nhiều/ít/không)","{""đá"": [""nhiều"", ""ít"", ""không""], ""đường"": [""nhiều"", ""ít"", ""không""]}","Nước ép cam cà rốt là thức uống chua ngọt, giàu vitamin và thanh mát. Phù hợp người cần bổ sung vitamin; không phù hợp người dạ dày yếu.","{""type"":""thức uống"",""taste"":[""sour"",""sweet""],""ingredients"":[""cam"",""cà rốt ép""],""options"":[""đá (nhiều/ít/không)"",""đường (nhiều/ít/không)""],""suitable_for"":[""vitaminD_deficiency""],""avoid_for"":[""weak_stomach"",""gastritis""]}","{""good_for"":[""vitaminD_deficiency""],""bad_for"":[""weak_stomach"",""gastritis""]}","{""morning"":true,""noon"":true,""evening"":true,""midnight"":false,""hot_weather"":true,""cold_weather"":false,""rainy"":true,""sunny_strong"":true,""pre_work"":true,""post_work"":false,""post_workout"":true,""light_meal"":true,""want_hot_food"":false,""want_cold_food"":true,""in_a_hurry"":true,""on_the_go"":true,""with_friends"":true,""need_relax"":true,""portable"":true,""short_lunch_break"":true}",
527,Sinh tố xoài chanh dây,thức uống,"Xoài, Chanh dây, Sữa, Đường, Đá","Đá (nhiều/ít/không), Sữa (nhiều/ít), Đường (nhiều/ít)","{""đá"": [""nhiều"", ""ít"", ""không""], ""sữa"": [""nhiều"", ""ít""], ""đường"": [""nhiều"", ""ít""]}","Sinh tố xoài chanh dây là thức uống chua ngọt, mát và giàu vitamin C. Phù hợp thời tiết nóng; không phù hợp người dạ dày yếu do vị chua.","{""type"":""thức uống"",""taste"":[""sweet"",""sour""],""ingredients"":[""xoài"",""chanh dây"",""sữa"",""đường"",""đá""],""options"":[""Đá (nhiều/ít/không)"",""Sữa (nhiều/ít)"",""Đường (nhiều/ít)""],""suitable_for"":[""hot_weather"",""body_heat""],""avoid_for"":[""weak_stomach"",""gastritis"",""diabetes""]}","{""good_for"":[""hot_weather"",""body_heat""],""bad_for"":[""weak_stomach"",""gastritis"",""diabetes""]}","{""morning"":true,""noon"":true,""evening"":true,""midnight"":false,""hot_weather"":true,""cold_weather"":false,""rainy"":false,""sunny_strong"":true,""pre_work"":true,""post_work"":false,""post_workout"":false,""light_meal"":true,""want_hot_food"":false,""want_cold_food"":true,""in_a_hurry"":true,""on_the_go"":true,""with_friends"":true,""need_relax"":true,""portable"":true,""short_lunch_break"":true}",
528,Sinh tố dâu tây,thức uống,"Dâu, Sữa, Đường, Đá","Đá (nhiều/ít/không), Sữa (nhiều/ít), Đường (nhiều/ít)","{""đá"": [""nhiều"", ""ít"", ""không""], ""sữa"": [""nhiều"", ""ít""], ""đường"": [""nhiều"", ""ít""]}","Sinh tố dâu tây là thức uống ngọt chua nhẹ, mát và dễ uống. Phù hợp thời tiết nóng; không phù hợp người dạ dày yếu hoặc tiểu đường.","{""type"":""thức uống"",""taste"":[""sweet"",""sour""],""ingredients"":[""dâu"",""sữa"",""đường"",""đá""],""options"":[""Đá (nhiều/ít/không)"",""Sữa (nhiều/ít)"",""Đường (nhiều/ít)""],""suitable_for"":[""hot_weather"",""body_heat""],""avoid_for"":[""weak_stomach"",""gastritis"",""diabetes""]}","{""good_for"":[""hot_weather"",""body_heat""],""bad_for"":[""weak_stomach"",""gastritis"",""diabetes""]}","{""morning"":true,""noon"":true,""evening"":true,""midnight"":false,""hot_weather"":true,""cold_weather"":false,""rainy"":false,""sunny_strong"":true,""pre_work"":true,""post_work"":false,""post_workout"":false,""light_meal"":true,""want_hot_food"":false,""want_cold_food"":true,""in_a_hurry"":true,""on_the_go"":true,""with_friends"":true,""need_relax"":true,""portable"":true,""short_lunch_break"":true}",
529,Trà sữa caramel,thức uống,"Trà sữa, Caramel, Đá","Đá (nhiều/ít/không), Đường (nhiều/ít), Caramel (nhiều/ít)","{""đá"": [""nhiều"", ""ít"", ""không""], ""đường"": [""nhiều"", ""ít""], ""caramel"": [""nhiều"", ""ít""]}","Trà sữa caramel là thức uống ngọt béo, nhiều đường. Không phù hợp người tiểu đường hoặc béo phì.","{""type"":""thức uống"",""taste"":[""sweet""],""ingredients"":[""trà sữa"",""caramel"",""đá""],""options"":[""Đá (nhiều/ít/không)"",""Đường (nhiều/ít)"",""Caramel (nhiều/ít)""],""suitable_for"":[""need_relax""],""avoid_for"":[""diabetes"",""obesity"",""fatty_liver""]}","{""good_for"":[""need_relax""],""bad_for"":[""diabetes"",""obesity"",""fatty_liver""]}","{""morning"":true,""noon"":true,""evening"":true,""midnight"":false,""hot_weather"":false,""cold_weather"":false,""rainy"":false,""sunny_strong"":false,""pre_work"":false,""post_work"":false,""post_workout"":false,""light_meal"":false,""want_hot_food"":false,""want_cold_food"":true,""in_a_hurry"":true,""on_the_go"":true,""with_friends"":true,""need_relax"":true,""portable"":true,""short_lunch_break"":true}",
530,Trà sữa phô mai,thức uống,"Trà sữa, Phô mai cream, Đá","Đá (nhiều/ít/không), Đường (nhiều/ít), Phô mai (ít/nhiều)","{""đá"": [""nhiều"", ""ít"", ""không""], ""đường"": [""nhiều"", ""ít""], ""phô_mai"": [""ít"", ""nhiều""]}","Trà sữa phô mai là thức uống ngọt béo, đậm và dễ gây ngấy. Không phù hợp người béo phì hoặc tiểu đường.","{""type"":""thức uống"",""taste"":[""sweet"",""savory""],""ingredients"":[""trà sữa"",""phô mai cream"",""đá""],""options"":[""Đá (nhiều/ít/không)"",""Đường (nhiều/ít)"",""Phô mai (ít/nhiều)""],""suitable_for"":[""need_relax""],""avoid_for"":[""diabetes"",""obesity"",""fatty_liver""]}","{""good_for"":[""need_relax""],""bad_for"":[""diabetes"",""obesity"",""fatty_liver""]}","{""morning"":true,""noon"":true,""evening"":true,""midnight"":false,""hot_weather"":false,""cold_weather"":false,""rainy"":false,""sunny_strong"":false,""pre_work"":false,""post_work"":false,""post_workout"":false,""light_meal"":false,""want_hot_food"":false,""want_cold_food"":true,""in_a_hurry"":true,""on_the_go"":true,""with_friends"":true,""need_relax"":true,""portable"":true,""short_lunch_break"":true}",
531,cơm chiên trứng cua,đồ ăn,"cơm chiên, trứng cua, trứng, rau củ","trứng cua (nhiều/ít), trứng (nhiều/ít), rau củ (nhiều/ít/không), cơm (nhiều/ít)","{""trứng_cua"": [""nhiều"", ""ít""], ""trứng"": [""nhiều"", ""ít""], ""rau_củ"": [""nhiều"", ""ít"", ""không""], ""cơm"": [""nhiều"", ""ít""]}","Cơm chiên trứng cua là món chiên đậm đà, nhiều đạm và dầu mỡ. Không phù hợp người béo phì hoặc mỡ máu cao. Phù hợp người thiếu máu.","{""type"":""đồ ăn"",""taste"":[""salty"",""savory""],""ingredients"":[""cơm chiên"",""trứng cua"",""trứng"",""rau củ""],""options"":[""trứng cua (nhiều/ít)"",""trứng (nhiều/ít)"",""rau củ (nhiều/ít/không)"",""cơm (nhiều/ít)""],""suitable_for"":[""anemia""],""avoid_for"":[""obesity"",""high_cholesterol"",""fatty_liver""]}","{""good_for"":[""anemia""],""bad_for"":[""obesity"",""high_cholesterol"",""fatty_liver""]}","{""morning"":false,""noon"":true,""evening"":true,""midnight"":false,""hot_weather"":false,""cold_weather"":true,""rainy"":false,""sunny_strong"":false,""pre_work"":false,""post_work"":true,""post_workout"":false,""light_meal"":false,""want_hot_food"":true,""want_cold_food"":false,""in_a_hurry"":false,""on_the_go"":false,""with_friends"":true,""need_relax"":false,""portable"":false,""short_lunch_break"":false}",
532,bánh khọt chay,đồ ăn,"bột gạo, đậu hũ, rau củ, nước cốt dừa, rau sống","rau sống (nhiều/ít/không), đồ chua (nhiều/ít/không), hành (nhiều/ít/không), nước mắm (cay/không cay)","{""rau_sống"": [""nhiều"", ""ít"", ""không""], ""đồ_chua"": [""nhiều"", ""ít"", ""không""], ""hành"": [""nhiều"", ""ít"", ""không""], ""nước_mắm"": [""cay"", ""không cay""]}","Bánh khọt chay là món chiên giòn, béo nhẹ và đậm vị nước cốt dừa. Không phù hợp người béo phì hoặc cao huyết áp nếu dùng nhiều nước mắm.","{""type"":""đồ ăn"",""taste"":[""salty"",""sweet""],""ingredients"":[""bột gạo"",""đậu hũ"",""rau củ"",""nước cốt dừa"",""rau sống""],""options"":[""rau sống (nhiều/ít/không)"",""đồ chua (nhiều/ít/không)"",""hành (nhiều/ít/không)"",""nước mắm (cay/không cay)""],""suitable_for"":[""vegetarian""],""avoid_for"":[""obesity"",""high_blood_pressure""]}","{""good_for"":[""vegetarian""],""bad_for"":[""obesity"",""high_blood_pressure""]}","{""morning"":false,""noon"":true,""evening"":true,""midnight"":false,""hot_weather"":false,""cold_weather"":true,""rainy"":false,""sunny_strong"":false,""pre_work"":false,""post_work"":true,""post_workout"":false,""light_meal"":false,""want_hot_food"":true,""want_cold_food"":false,""in_a_hurry"":false,""on_the_go"":false,""with_friends"":true,""need_relax"":false,""portable"":false,""short_lunch_break"":false}",
533,bò nướng lá lốt,đồ ăn,"thịt bò xay, lá lốt, hành tím, gia vị, rau sống, bún","rau sống (nhiều/ít/không), bún (nhiều/ít), đồ chua (nhiều/ít/không), nước mắm (cay/không cay)","{""rau_sống"": [""nhiều"", ""ít"", ""không""], ""bún"": [""nhiều"", ""ít""], ""đồ_chua"": [""nhiều"", ""ít"", ""không""], ""nước_mắm"": [""cay"", ""không cay""]}","Bò nướng lá lốt là món đậm đà, thơm, giàu đạm và dễ ăn. Phù hợp người thiếu máu; không phù hợp người cao huyết áp nếu nước mắm mặn.","{""type"":""đồ ăn"",""taste"":[""salty"",""savory""],""ingredients"":[""thịt bò xay"",""lá lốt"",""hành tím"",""gia vị"",""rau sống"",""bún""],""options"":[""rau sống (nhiều/ít/không)"",""bún (nhiều/ít)"",""đồ chua (nhiều/ít/không)"",""nước mắm (cay/không cay)""],""suitable_for"":[""anemia"",""low_blood_pressure""],""avoid_for"":[""high_blood_pressure"",""fatty_liver"",""high_cholesterol""]}","{""good_for"":[""anemia"",""low_blood_pressure""],""bad_for"":[""high_blood_pressure"",""fatty_liver"",""high_cholesterol""]}","{""morning"":false,""noon"":true,""evening"":true,""midnight"":false,""hot_weather"":false,""cold_weather"":true,""rainy"":false,""sunny_strong"":false,""pre_work"":false,""post_work"":true,""post_workout"":false,""light_meal"":false,""want_hot_food"":false,""want_cold_food"":true,""in_a_hurry"":false,""on_the_go"":false,""with_friends"":true,""need_relax"":false,""portable"":false,""short_lunch_break"":false}",
534,cơm tấm bì,đồ ăn,"cơm tấm, bì, mỡ hành, đồ chua","bì (nhiều/ít), mỡ hành (nhiều/ít/không), đồ chua (nhiều/ít), nước mắm (cay/không cay)","{""bì"": [""nhiều"", ""ít""], ""mỡ_hành"": [""nhiều"", ""ít"", ""không""], ""đồ_chua"": [""nhiều"", ""ít""], ""nước_mắm"": [""cay"", ""không cay""]}","Cơm tấm bì là món mặn ngọt, béo nhẹ và no lâu. Không phù hợp người béo phì hoặc cao huyết áp. Phù hợp người huyết áp thấp.","{""type"":""đồ ăn"",""taste"":[""salty"",""sweet""],""ingredients"":[""cơm tấm"",""bì"",""mỡ hành"",""đồ chua""],""options"":[""bì (nhiều/ít)"",""mỡ hành (nhiều/ít/không)"",""đồ chua (nhiều/ít)"",""nước mắm (cay/không cay)""],""suitable_for"":[""low_blood_pressure""],""avoid_for"":[""high_blood_pressure"",""obesity"",""fatty_liver"",""high_cholesterol""]}","{""good_for"":[""low_blood_pressure""],""bad_for"":[""high_blood_pressure"",""obesity"",""fatty_liver"",""high_cholesterol""]}","{""morning"":false,""noon"":true,""evening"":true,""midnight"":false,""hot_weather"":false,""cold_weather"":true,""rainy"":false,""sunny_strong"":false,""pre_work"":false,""post_work"":true,""post_workout"":false,""light_meal"":false,""want_hot_food"":true,""want_cold_food"":false,""in_a_hurry"":false,""on_the_go"":false,""with_friends"":true,""need_relax"":false,""portable"":false,""short_lunch_break"":false}",
535,mì quảng chay,đồ ăn,"mì quảng, đậu hũ, nấm, rau, đậu phộng","đậu hũ (nhiều/ít), nấm (nhiều/ít), rau (nhiều/ít/không), đậu phộng (nhiều/ít)","{""đậu_hũ"": [""nhiều"", ""ít""], ""nấm"": [""nhiều"", ""ít""], ""rau"": [""nhiều"", ""ít"", ""không""], ""đậu_phộng"": [""nhiều"", ""ít""]}","Mì quảng chay là món nước/khô thanh đạm, béo nhẹ từ đậu phộng. Phù hợp người ăn chay; không phù hợp người dị ứng đậu phộng.","{""type"":""đồ ăn"",""taste"":[""salty""],""ingredients"":[""mì quảng"",""đậu hũ"",""nấm"",""rau"",""đậu phộng""],""options"":[""đậu hũ (nhiều/ít)"",""nấm (nhiều/ít)"",""rau (nhiều/ít/không)"",""đậu phộng (nhiều/ít)""],""suitable_for"":[""vegetarian""],""avoid_for"":[""peanut_allergy""]}","{""good_for"":[""vegetarian""],""bad_for"":[""peanut_allergy""]}","{""morning"":false,""noon"":true,""evening"":true,""midnight"":false,""hot_weather"":true,""cold_weather"":false,""rainy"":true,""sunny_strong"":true,""pre_work"":false,""post_work"":true,""post_workout"":false,""light_meal"":false,""want_hot_food"":true,""want_cold_food"":false,""in_a_hurry"":false,""on_the_go"":false,""with_friends"":true,""need_relax"":false,""portable"":false,""short_lunch_break"":false}",
536,hủ tiếu bò viên,đồ ăn,"hủ tiếu, bò viên, hành, rau","bò viên (nhiều/ít), hành (nhiều/ít/không), rau (nhiều/ít/không), ớt (có/không)","{""bò_viên"": [""nhiều"", ""ít""], ""hành"": [""nhiều"", ""ít"", ""không""], ""rau"": [""nhiều"", ""ít"", ""không""], ""ớt"": [""có"", ""không""]}","Hủ tiếu bò viên là món nước thanh nhẹ, đậm đà vừa phải. Phù hợp người tiêu hóa kém; không phù hợp người huyết áp cao do bò viên mặn.","{""type"":""đồ ăn"",""taste"":[""savory"",""salty""],""ingredients"":[""hủ tiếu"",""bò viên"",""hành"",""rau""],""options"":[""bò viên (nhiều/ít)"",""hành (nhiều/ít/không)"",""rau (nhiều/ít/không)"",""ớt (có/không)""],""suitable_for"":[""poor_digestive_system"",""weak_stomach""],""avoid_for"":[""high_blood_pressure"",""fatty_liver"",""high_cholesterol""]}","{""good_for"":[""poor_digestive_system"",""weak_stomach""],""bad_for"":[""high_blood_pressure"",""fatty_liver"",""high_cholesterol""]}","{""morning"":true,""noon"":true,""evening"":true,""midnight"":false,""hot_weather"":false,""cold_weather"":true,""rainy"":true,""sunny_strong"":false,""pre_work"":true,""post_work"":true,""post_workout"":false,""light_meal"":true,""want_hot_food"":true,""want_cold_food"":false,""in_a_hurry"":false,""on_the_go"":false,""with_friends"":true,""need_relax"":false,""portable"":false,""short_lunch_break"":false}",
537,chè hạt sen long nhãn,đồ ăn,"hạt sen, nhãn, nước cốt dừa, đá","nước cốt dừa (nhiều/ít/không), đá (nhiều/ít/không), đường (nhiều/ít)","{""nước_cốt_dừa"": [""nhiều"", ""ít"", ""không""], ""đá"": [""nhiều"", ""ít"", ""không""], ""đường"": [""nhiều"", ""ít""]}","Chè hạt sen long nhãn là món ngọt thanh, mát, giúp an thần nhẹ. Phù hợp thời tiết nóng; không phù hợp người tiểu đường.","{""type"":""đồ ăn"",""taste"":[""sweet""],""ingredients"":[""hạt sen"",""nhãn"",""nước cốt dừa"",""đá""],""options"":[""nước cốt dừa (nhiều/ít/không)"",""đá (nhiều/ít/không)"",""đường (nhiều/ít)""],""suitable_for"":[""hot_weather"",""need_relax""],""avoid_for"":[""diabetes"",""obesity""]}","{""good_for"":[""hot_weather"",""need_relax""],""bad_for"":[""diabetes"",""obesity""]}","{""morning"":true,""noon"":true,""evening"":true,""midnight"":false,""hot_weather"":true,""cold_weather"":false,""rainy"":false,""sunny_strong"":true,""pre_work"":false,""post_work"":false,""post_workout"":false,""light_meal"":true,""want_hot_food"":false,""want_cold_food"":true,""in_a_hurry"":true,""on_the_go"":true,""with_friends"":true,""need_relax"":true,""portable"":true,""short_lunch_break"":true}",
538,trà tắc mật ong,thức uống,"tắc, mật ong, nước, đá","đá (nhiều/ít/không), mật ong (nhiều/ít), đường (nhiều/ít/không)","{""đá"": [""nhiều"", ""ít"", ""không""], ""mật_ong"": [""nhiều"", ""ít""], ""đường"": [""nhiều"", ""ít"", ""không""]}",Trà tắc mật ong là thức uống chua ngọt thanh mát. Không phù hợp người tiểu đường.,"{""type"":""thức uống"",""taste"":[""sour"",""sweet""],""ingredients"":[""tắc"",""mật ong"",""nước"",""đá""],""options"":[""đá (nhiều/ít/không)"",""mật ong (nhiều/ít)"",""đường (nhiều/ít/không)""],""suitable_for"":[""sore_throat""],""avoid_for"":[""diabetes""]}","{""good_for"":[""sore_throat""],""bad_for"":[""diabetes""]}","{""morning"":true,""noon"":true,""evening"":true,""midnight"":false,""hot_weather"":true,""cold_weather"":false,""rainy"":true,""sunny_strong"":true,""pre_work"":true,""post_work"":false,""post_workout"":true,""light_meal"":true,""want_hot_food"":false,""want_cold_food"":true,""in_a_hurry"":true,""on_the_go"":true,""with_friends"":true,""need_relax"":true,""portable"":true,""short_lunch_break"":true}",
539,trà chanh sả gừng,thức uống,"chanh, sả, gừng, đường, đá","đá (nhiều/ít/không), đường (nhiều/ít)","{""đá"": [""nhiều"", ""ít"", ""không""], ""đường"": [""nhiều"", ""ít""]}","Trà chanh sả gừng là thức uống chua ngọt, the nhẹ và ấm cơ thể. Không phù hợp người viêm dạ dày.","{""type"":""thức uống"",""taste"":[""sour"",""sweet"",""bitter""],""ingredients"":[""chanh"",""sả"",""gừng"",""đường"",""đá""],""options"":[""đá (nhiều/ít/không)"",""đường (nhiều/ít)""],""suitable_for"":[""cold_weather"",""sore_throat""],""avoid_for"":[""gastritis"",""weak_stomach""]}","{""good_for"":[""cold_weather"",""sore_throat""],""bad_for"":[""gastritis"",""weak_stomach""]}","{""morning"":true,""noon"":true,""evening"":true,""midnight"":false,""hot_weather"":false,""cold_weather"":true,""rainy"":true,""sunny_strong"":false,""pre_work"":true,""post_work"":false,""post_workout"":true,""light_meal"":true,""want_hot_food"":true,""want_cold_food"":false,""in_a_hurry"":true,""on_the_go"":true,""with_friends"":true,""need_relax"":true,""portable"":true,""short_lunch_break"":true}",
540,trà vải,thức uống,"trà, vải, đường, đá","đá (nhiều/ít/không), đường (nhiều/ít), vải (nhiều/ít)","{""đá"": [""nhiều"", ""ít"", ""không""], ""đường"": [""nhiều"", ""ít""], ""vải"": [""nhiều"", ""ít""]}","Trà vải là thức uống ngọt thanh, mát, giúp giải nhiệt. Không phù hợp người tiểu đường khi dùng nhiều đường.","{""type"":""thức uống"",""taste"":[""sweet""],""ingredients"":[""trà"",""vải"",""đường"",""đá""],""options"":[""đá (nhiều/ít/không)"",""đường (nhiều/ít)"",""vải (nhiều/ít)""],""suitable_for"":[""hot_weather"",""body_heat""],""avoid_for"":[""diabetes""]}","{""good_for"":[""hot_weather"",""body_heat""],""bad_for"":[""diabetes""]}","{""morning"":true,""noon"":true,""evening"":true,""midnight"":false,""hot_weather"":true,""cold_weather"":false,""rainy"":false,""sunny_strong"":true,""pre_work"":true,""post_work"":false,""post_workout"":false,""light_meal"":true,""want_hot_food"":false,""want_cold_food"":true,""in_a_hurry"":true,""on_the_go"":true,""with_friends"":true,""need_relax"":true,""portable"":true,""short_lunch_break"":true}",
541,trà sữa trân châu trắng,thức uống,"trà sữa, trân châu trắng, đá","đá (nhiều/ít/không), đường (nhiều/ít), trân châu (ít/nhiều)","{""đá"": [""nhiều"", ""ít"", ""không""], ""đường"": [""nhiều"", ""ít""], ""trân_châu"": [""ít"", ""nhiều""]}","Trà sữa trân châu trắng là thức uống ngọt béo, nhiều năng lượng. Không phù hợp người tiểu đường hoặc béo phì.","{""type"":""thức uống"",""taste"":[""sweet""],""ingredients"":[""trà sữa"",""trân châu trắng"",""đá""],""options"":[""đá (nhiều/ít/không)"",""đường (nhiều/ít)"",""trân châu (ít/nhiều)""],""suitable_for"":[""need_relax""],""avoid_for"":[""diabetes"",""obesity"",""fatty_liver""]}","{""good_for"":[""need_relax""],""bad_for"":[""diabetes"",""obesity"",""fatty_liver""]}","{""morning"":true,""noon"":true,""evening"":true,""midnight"":false,""hot_weather"":false,""cold_weather"":false,""rainy"":false,""sunny_strong"":false,""pre_work"":false,""post_work"":false,""post_workout"":false,""light_meal"":false,""want_hot_food"":false,""want_cold_food"":true,""in_a_hurry"":true,""on_the_go"":true,""with_friends"":true,""need_relax"":true,""portable"":true,""short_lunch_break"":true}",
542,nước ép dứa,thức uống,dứa ép,"đá (nhiều/ít/không), đường (nhiều/ít/không)","{""đá"": [""nhiều"", ""ít"", ""không""], ""đường"": [""nhiều"", ""ít"", ""không""]}","Nước ép dứa là thức uống chua ngọt, thơm và nhiều enzyme có lợi tiêu hóa. Không phù hợp người dạ dày yếu.","{""type"":""thức uống"",""taste"":[""sour"",""sweet""],""ingredients"":[""dứa ép""],""options"":[""đá (nhiều/ít/không)"",""đường (nhiều/ít/không)""],""suitable_for"":[""poor_digestive_system""],""avoid_for"":[""weak_stomach"",""gastritis""]}","{""good_for"":[""poor_digestive_system""],""bad_for"":[""weak_stomach"",""gastritis""]}","{""morning"":true,""noon"":true,""evening"":true,""midnight"":false,""hot_weather"":true,""cold_weather"":false,""rainy"":true,""sunny_strong"":true,""pre_work"":true,""post_work"":false,""post_workout"":true,""light_meal"":true,""want_hot_food"":false,""want_cold_food"":true,""in_a_hurry"":true,""on_the_go"":true,""with_friends"":true,""need_relax"":true,""portable"":true,""short_lunch_break"":true}",
543,sinh tố việt quất,thức uống,"việt quất, sữa, đường, đá","đá (nhiều/ít/không), sữa (nhiều/ít), đường (nhiều/ít)","{""đá"": [""nhiều"", ""ít"", ""không""], ""sữa"": [""nhiều"", ""ít""], ""đường"": [""nhiều"", ""ít""]}","Sinh tố việt quất là thức uống ngọt, mát và giàu chất chống oxy hóa. Không phù hợp người tiểu đường.","{""type"":""thức uống"",""taste"":[""sweet"",""sour""],""ingredients"":[""việt quất"",""sữa"",""đường"",""đá""],""options"":[""đá (nhiều/ít/không)"",""sữa (nhiều/ít)"",""đường (nhiều/ít)""],""suitable_for"":[""antioxidant_need""],""avoid_for"":[""diabetes"",""obesity"",""fatty_liver""]}","{""good_for"":[""antioxidant_need""],""bad_for"":[""diabetes"",""obesity"",""fatty_liver""]}","{""morning"":true,""noon"":true,""evening"":true,""midnight"":false,""hot_weather"":false,""cold_weather"":true,""rainy"":false,""sunny_strong"":false,""pre_work"":false,""post_work"":true,""post_workout"":false,""light_meal"":false,""want_hot_food"":false,""want_cold_food"":true,""in_a_hurry"":false,""on_the_go"":false,""with_friends"":true,""need_relax"":true,""portable"":true,""short_lunch_break"":false}",
544,bánh đúc mặn,đồ ăn,"bánh đúc, thịt bằm, tôm, hành phi, mỡ hành, nước mắm","hành phi (nhiều/ít/không), mỡ hành (nhiều/ít/không), nước mắm (cay/không cay), ớt (nhiều/ít/không)","{""hành_phi"": [""nhiều"", ""ít"", ""không""], ""mỡ_hành"": [""nhiều"", ""ít"", ""không""], ""nước_mắm"": [""cay"", ""không cay""], ""ớt"": [""nhiều"", ""ít"", ""không""]}","Bánh đúc mặn là món mặn béo, mềm dễ ăn, có thịt và tôm. Phù hợp người huyết áp thấp; không phù hợp người cao huyết áp hoặc béo phì do nhiều natri và mỡ hành.","{""type"":""đồ ăn"",""taste"":[""salty"",""savory""],""ingredients"":[""bánh đúc"",""thịt bằm"",""tôm"",""hành phi"",""mỡ hành"",""nước mắm""],""options"":[""hành phi (nhiều/ít/không)"",""mỡ hành (nhiều/ít/không)"",""nước mắm (cay/không cay)"",""ớt (nhiều/ít/không)""],""suitable_for"":[""low_blood_pressure""],""avoid_for"":[""high_blood_pressure"",""obesity"",""fatty_liver"",""high_cholesterol"",""seafood_allergy""]}","{""good_for"":[""low_blood_pressure""],""bad_for"":[""high_blood_pressure"",""obesity"",""fatty_liver"",""high_cholesterol"",""seafood_allergy""]}","{""morning"":false,""noon"":true,""evening"":true,""midnight"":false,""hot_weather"":false,""cold_weather"":true,""rainy"":false,""sunny_strong"":false,""pre_work"":false,""post_work"":true,""post_workout"":false,""light_meal"":false,""want_hot_food"":true,""want_cold_food"":false,""in_a_hurry"":false,""on_the_go"":false,""with_friends"":true,""need_relax"":false,""portable"":false,""short_lunch_break"":false}",
545,sinh tố táo cần tây,thức uống,"táo, cần tây, sữa, đường, đá","đá (nhiều/ít/không), sữa (nhiều/ít), đường (nhiều/ít)","{""đá"": [""nhiều"", ""ít"", ""không""], ""sữa"": [""nhiều"", ""ít""], ""đường"": [""nhiều"", ""ít""]}","Sinh tố táo cần tây là thức uống thanh mát, ít béo và tốt cho tiêu hóa. Không phù hợp người dạ dày yếu do cần tây kích ứng.","{""type"":""thức uống"",""taste"":[""sweet"",""bitter""],""ingredients"":[""táo"",""cần tây"",""sữa"",""đường"",""đá""],""options"":[""đá (nhiều/ít/không)"",""sữa (nhiều/ít)"",""đường (nhiều/ít)""],""suitable_for"":[""poor_digestive_system""],""avoid_for"":[""weak_stomach"",""gastritis""]}","{""good_for"":[""poor_digestive_system""],""bad_for"":[""weak_stomach"",""gastritis""]}","{""morning"":true,""noon"":true,""evening"":true,""midnight"":false,""hot_weather"":true,""cold_weather"":false,""rainy"":true,""sunny_strong"":true,""pre_work"":true,""post_work"":false,""post_workout"":true,""light_meal"":true,""want_hot_food"":false,""want_cold_food"":true,""in_a_hurry"":true,""on_the_go"":true,""with_friends"":true,""need_relax"":true,""portable"":true,""short_lunch_break"":true}",
546,soda bạc hà,thức uống,"soda, bạc hà, đường, đá","đá (nhiều/ít/không), đường (nhiều/ít)","{""đá"": [""nhiều"", ""ít"", ""không""], ""đường"": [""nhiều"", ""ít""]}","Soda bạc hà là thức uống mát, sảng khoái và có ga. Không phù hợp người đau dạ dày.","{""type"":""thức uống"",""taste"":[""sweet"",""mint""],""ingredients"":[""soda"",""bạc hà"",""đường"",""đá""],""options"":[""đá (nhiều/ít/không)"",""đường (nhiều/ít)""],""suitable_for"":[""heat_relief""],""avoid_for"":[""gastritis"",""weak_stomach""]}","{""good_for"":[""heat_relief""],""bad_for"":[""gastritis"",""weak_stomach""]}","{""morning"":true,""noon"":true,""evening"":true,""midnight"":false,""hot_weather"":true,""cold_weather"":false,""rainy"":true,""sunny_strong"":true,""pre_work"":false,""post_work"":true,""post_workout"":true,""light_meal"":true,""want_hot_food"":false,""want_cold_food"":true,""in_a_hurry"":true,""on_the_go"":true,""with_friends"":true,""need_relax"":true,""portable"":true,""short_lunch_break"":true}",
547,cơm chiên cá cơm,đồ ăn,"cơm chiên, cá cơm, trứng, rau củ","cá cơm (nhiều/ít), trứng (nhiều/ít), rau củ (nhiều/ít/không), cơm (nhiều/ít)","{""cá_cơm"": [""nhiều"", ""ít""], ""trứng"": [""nhiều"", ""ít""], ""rau_củ"": [""nhiều"", ""ít"", ""không""], ""cơm"": [""nhiều"", ""ít""]}","Cơm chiên cá cơm là món chiên mặn đậm, giàu đạm và hơi nhiều dầu. Không phù hợp người cao huyết áp hoặc mỡ máu cao; phù hợp người huyết áp thấp.","{""type"":""đồ ăn"",""taste"":[""salty"",""savory""],""ingredients"":[""cơm chiên"",""cá cơm"",""trứng"",""rau củ""],""options"":[""cá cơm (nhiều/ít)"",""trứng (nhiều/ít)"",""rau củ (nhiều/ít/không)"",""cơm (nhiều/ít)""],""suitable_for"":[""low_blood_pressure""],""avoid_for"":[""high_blood_pressure"",""high_cholesterol"",""fatty_liver"",""obesity""]}","{""good_for"":[""low_blood_pressure""],""bad_for"":[""high_blood_pressure"",""high_cholesterol"",""fatty_liver"",""obesity""]}","{""morning"":false,""noon"":true,""evening"":true,""midnight"":false,""hot_weather"":false,""cold_weather"":true,""rainy"":false,""sunny_strong"":false,""pre_work"":false,""post_work"":true,""post_workout"":false,""light_meal"":false,""want_hot_food"":true,""want_cold_food"":false,""in_a_hurry"":false,""on_the_go"":false,""with_friends"":true,""need_relax"":false,""portable"":false,""short_lunch_break"":false}",
548,cơm chiên dứa,đồ ăn,"cơm chiên, dứa, trứng, rau củ","dứa (nhiều/ít), trứng (nhiều/ít), rau củ (nhiều/ít/không), cơm (nhiều/ít)","{""dứa"": [""nhiều"", ""ít""], ""trứng"": [""nhiều"", ""ít""], ""rau_củ"": [""nhiều"", ""ít"", ""không""], ""cơm"": [""nhiều"", ""ít""]}","Cơm chiên dứa là món chiên chua ngọt nhẹ, thơm và dễ ăn. Không phù hợp người béo phì hoặc mỡ máu cao; phù hợp người tiêu hóa kém nhờ dứa hỗ trợ tiêu hóa.","{""type"":""đồ ăn"",""taste"":[""sweet"",""savory"",""sour""],""ingredients"":[""cơm chiên"",""dứa"",""trứng"",""rau củ""],""options"":[""dứa (nhiều/ít)"",""trứng (nhiều/ít)"",""rau củ (nhiều/ít/không)"",""cơm (nhiều/ít)""],""suitable_for"":[""poor_digestive_system"",""indigestion""],""avoid_for"":[""obesity"",""high_cholesterol"",""fatty_liver""]}","{""good_for"":[""poor_digestive_system"",""indigestion""],""bad_for"":[""obesity"",""high_cholesterol"",""fatty_liver""]}","{""morning"":false,""noon"":true,""evening"":true,""midnight"":false,""hot_weather"":false,""cold_weather"":true,""rainy"":false,""sunny_strong"":false,""pre_work"":false,""post_work"":true,""post_workout"":false,""light_meal"":false,""want_hot_food"":true,""want_cold_food"":false,""in_a_hurry"":false,""on_the_go"":false,""with_friends"":true,""need_relax"":false,""portable"":false,""short_lunch_break"":false}",
549,cơm sườn nướng mật ong,đồ ăn,"cơm, sườn nướng mật ong, đồ chua","sườn (nhiều/ít), đồ chua (nhiều/ít), mỡ hành (nhiều/ít/không), nước mắm (cay/không cay)","{""sườn"": [""nhiều"", ""ít""], ""đồ_chua"": [""nhiều"", ""ít""], ""mỡ_hành"": [""nhiều"", ""ít"", ""không""], ""nước_mắm"": [""cay"", ""không cay""]}","Cơm sườn nướng mật ong là món đậm đà, hơi ngọt, giàu năng lượng. Không phù hợp người cao huyết áp hoặc béo phì; phù hợp người huyết áp thấp.","{""type"":""đồ ăn"",""taste"":[""salty"",""sweet""],""ingredients"":[""cơm"",""sườn nướng mật ong"",""đồ chua""],""options"":[""sườn (nhiều/ít)"",""đồ chua (nhiều/ít)"",""mỡ hành (nhiều/ít/không)"",""nước mắm (cay/không cay)""],""suitable_for"":[""low_blood_pressure""],""avoid_for"":[""high_blood_pressure"",""obesity"",""fatty_liver"",""high_cholesterol""]}","{""good_for"":[""low_blood_pressure""],""bad_for"":[""high_blood_pressure"",""obesity"",""fatty_liver"",""high_cholesterol""]}","{""morning"":false,""noon"":true,""evening"":true,""midnight"":false,""hot_weather"":false,""cold_weather"":true,""rainy"":false,""sunny_strong"":false,""pre_work"":false,""post_work"":true,""post_workout"":false,""light_meal"":false,""want_hot_food"":true,""want_cold_food"":false,""in_a_hurry"":false,""on_the_go"":false,""with_friends"":true,""need_relax"":false,""portable"":false,""short_lunch_break"":false}",
550,bún tôm thịt nướng,đồ ăn,"bún, tôm nướng, thịt nướng, rau, hành","tôm (nhiều/ít), thịt (nhiều/ít), rau (nhiều/ít/không), hành (nhiều/ít/không), nước mắm (cay/không cay)","{""tôm"": [""nhiều"", ""ít""], ""thịt"": [""nhiều"", ""ít""], ""rau"": [""nhiều"", ""ít"", ""không""], ""hành"": [""nhiều"", ""ít"", ""không""], ""nước_mắm"": [""cay"", ""không cay""]}","Bún tôm thịt nướng là món khô mặn ngọt, thanh hơn món nước, dễ ăn. Không phù hợp người cao huyết áp hoặc dị ứng hải sản.","{""type"":""đồ ăn"",""taste"":[""salty"",""sweet""],""ingredients"":[""bún"",""tôm nướng"",""thịt nướng"",""rau"",""hành""],""options"":[""tôm (nhiều/ít)"",""thịt (nhiều/ít)"",""rau (nhiều/ít/không)"",""hành (nhiều/ít/không)"",""nước mắm (cay/không cay)""],""suitable_for"":[""low_blood_pressure""],""avoid_for"":[""seafood_allergy"",""high_blood_pressure"",""fatty_liver"",""obesity""]}","{""good_for"":[""low_blood_pressure""],""bad_for"":[""seafood_allergy"",""high_blood_pressure"",""fatty_liver"",""obesity""]}","{""morning"":false,""noon"":true,""evening"":true,""midnight"":false,""hot_weather"":false,""cold_weather"":true,""rainy"":false,""sunny_strong"":false,""pre_work"":false,""post_work"":true,""post_workout"":false,""light_meal"":false,""want_hot_food"":false,""want_cold_food"":true,""in_a_hurry"":false,""on_the_go"":false,""with_friends"":true,""need_relax"":false,""portable"":false,""short_lunch_break"":false}",
551,bún hến,đồ ăn,"bún, hến, rau sống, hành phi","hến (nhiều/ít), rau (nhiều/ít/không), hành phi (nhiều/ít/không), ớt (nhiều/ít/không)","{""hến"": [""nhiều"", ""ít""], ""rau"": [""nhiều"", ""ít"", ""không""], ""hành_phi"": [""nhiều"", ""ít"", ""không""], ""ớt"": [""nhiều"", ""ít"", ""không""]}","Bún hến là món thanh mát, vị mặn cay nhẹ. Phù hợp thời tiết nóng; không phù hợp người dị ứng hải sản hoặc dạ dày yếu.","{""type"":""đồ ăn"",""taste"":[""salty"",""spicy""],""ingredients"":[""bún"",""hến"",""rau sống"",""hành phi""],""options"":[""hến (nhiều/ít)"",""rau (nhiều/ít/không)"",""hành phi (nhiều/ít/không)"",""ớt (nhiều/ít/không)""],""suitable_for"":[""hot_weather""],""avoid_for"":[""seafood_allergy"",""weak_stomach"",""gastritis""]}","{""good_for"":[""hot_weather""],""bad_for"":[""seafood_allergy"",""weak_stomach"",""gastritis""]}","{""morning"":false,""noon"":true,""evening"":true,""midnight"":false,""hot_weather"":true,""cold_weather"":false,""rainy"":false,""sunny_strong"":false,""pre_work"":false,""post_work"":true,""post_workout"":false,""light_meal"":false,""want_hot_food"":false,""want_cold_food"":true,""in_a_hurry"":false,""on_the_go"":false,""with_friends"":true,""need_relax"":false,""portable"":false,""short_lunch_break"":false}",
552,cơm gà nướng sả,đồ ăn,"cơm, gà nướng sả, rau răm, dưa leo, hành phi, nước mắm","rau răm (nhiều/ít/không), dưa leo (nhiều/ít/không), hành phi (nhiều/ít/không), nước mắm (cay/không)","{""rau_răm"": [""nhiều"", ""ít"", ""không""], ""dưa_leo"": [""nhiều"", ""ít"", ""không""], ""hành_phi"": [""nhiều"", ""ít"", ""không""], ""nước_mắm"": [""cay"", ""không""]}","Cơm gà nướng sả là món đậm đà, nhiều đạm. Phù hợp người thiếu máu; không phù hợp người cao huyết áp hoặc béo phì.","{""type"":""đồ ăn"",""taste"":[""salty"",""sweet""],""ingredients"":[""cơm"",""gà nướng sả"",""rau răm"",""dưa leo"",""hành phi"",""nước mắm""],""options"":[""rau răm (nhiều/ít/không)"",""dưa leo (nhiều/ít/không)"",""hành phi (nhiều/ít/không)"",""nước mắm (cay/không)""],""suitable_for"":[""anemia""],""avoid_for"":[""high_blood_pressure"",""obesity"",""fatty_liver"",""high_cholesterol""]}","{""good_for"":[""anemia""],""bad_for"":[""high_blood_pressure"",""obesity"",""fatty_liver"",""high_cholesterol""]}","{""morning"":false,""noon"":true,""evening"":true,""midnight"":false,""hot_weather"":false,""cold_weather"":true,""rainy"":false,""sunny_strong"":false,""pre_work"":false,""post_work"":true,""post_workout"":false,""light_meal"":false,""want_hot_food"":true,""want_cold_food"":false,""in_a_hurry"":false,""on_the_go"":false,""with_friends"":true,""need_relax"":false,""portable"":false,""short_lunch_break"":false}",
553,bún xào thịt bò,đồ ăn,"bún, thịt bò, rau cải, cà rốt, hành tây, hành lá","rau (nhiều/ít/không), hành lá (nhiều/ít/không), cà rốt (nhiều/ít/không), hành tây (nhiều/ít/không), ớt (nhiều/ít/không)","{""rau"": [""nhiều"", ""ít"", ""không""], ""hành_lá"": [""nhiều"", ""ít"", ""không""], ""cà_rốt"": [""nhiều"", ""ít"", ""không""], ""hành_tây"": [""nhiều"", ""ít"", ""không""], ""ớt"": [""nhiều"", ""ít"", ""không""]}","Bún xào thịt bò là món xào đậm đà, giàu đạm. Phù hợp người thiếu máu; không phù hợp người béo phì hoặc mỡ máu.","{""type"":""đồ ăn"",""taste"":[""salty""],""ingredients"":[""bún"",""thịt bò"",""rau cải"",""cà rốt"",""hành tây"",""hành lá""],""options"":[""rau (nhiều/ít/không)"",""hành lá (nhiều/ít/không)"",""cà rốt (nhiều/ít/không)"",""hành tây (nhiều/ít/không)"",""ớt (nhiều/ít/không)""],""suitable_for"":[""anemia"",""low_blood_pressure""],""avoid_for"":[""obesity"",""high_cholesterol"",""fatty_liver""]}","{""good_for"":[""anemia"",""low_blood_pressure""],""bad_for"":[""obesity"",""high_cholesterol"",""fatty_liver""]}","{""morning"":false,""noon"":true,""evening"":true,""midnight"":false,""hot_weather"":false,""cold_weather"":true,""rainy"":false,""sunny_strong"":false,""pre_work"":false,""post_work"":true,""post_workout"":false,""light_meal"":false,""want_hot_food"":true,""want_cold_food"":false,""in_a_hurry"":false,""on_the_go"":false,""with_friends"":true,""need_relax"":false,""portable"":false,""short_lunch_break"":false}",
554,mì xào bò trứng,đồ ăn,"mì, thịt bò, trứng, rau cải, hành lá","rau (nhiều/ít/không), hành lá (nhiều/ít/không), trứng (nhiều/ít), ớt (nhiều/ít/không)","{""rau"": [""nhiều"", ""ít"", ""không""], ""hành_lá"": [""nhiều"", ""ít"", ""không""], ""trứng"": [""nhiều"", ""ít""], ""ớt"": [""nhiều"", ""ít"", ""không""]}",Mì xào bò trứng là món giàu đạm và no năng lượng. Phù hợp người thiếu máu hoặc huyết áp thấp; không phù hợp người béo phì.,"{""type"":""đồ ăn"",""taste"":[""salty""],""ingredients"":[""mì"",""thịt bò"",""trứng"",""rau cải"",""hành lá""],""options"":[""rau (nhiều/ít/không)"",""hành lá (nhiều/ít/không)"",""trứng (nhiều/ít)"",""ớt (nhiều/ít/không)""],""suitable_for"":[""anemia"",""low_blood_pressure""],""avoid_for"":[""obesity"",""high_cholesterol"",""fatty_liver""]}","{""good_for"":[""anemia"",""low_blood_pressure""],""bad_for"":[""obesity"",""high_cholesterol"",""fatty_liver""]}","{""morning"":false,""noon"":true,""evening"":true,""midnight"":false,""hot_weather"":false,""cold_weather"":true,""rainy"":false,""sunny_strong"":false,""pre_work"":false,""post_work"":true,""post_workout"":false,""light_meal"":false,""want_hot_food"":true,""want_cold_food"":false,""in_a_hurry"":false,""on_the_go"":false,""with_friends"":true,""need_relax"":false,""portable"":false,""short_lunch_break"":false}",
555,mì xào hải sản cay,đồ ăn,"mì, tôm, mực, rau cải, cà rốt, ớt, hành lá","rau (nhiều/ít/không), cà rốt (nhiều/ít/không), hành lá (nhiều/ít/không), mức cay (nhiều/ít), ớt (nhiều/ít/không)","{""rau"": [""nhiều"", ""ít"", ""không""], ""cà_rốt"": [""nhiều"", ""ít"", ""không""], ""hành_lá"": [""nhiều"", ""ít"", ""không""], ""mức_cay"": [""nhiều"", ""ít""], ""ớt"": [""nhiều"", ""ít"", ""không""]}","Mì xào hải sản cay là món cay, kích thích vị giác. Phù hợp người muốn ăn đậm đà; không phù hợp người dị ứng hải sản hoặc viêm dạ dày.","{""type"":""đồ ăn"",""taste"":[""salty"",""spicy""],""ingredients"":[""mì"",""tôm"",""mực"",""rau cải"",""cà rốt"",""ớt"",""hành lá""],""options"":[""rau (nhiều/ít/không)"",""cà rốt (nhiều/ít/không)"",""hành lá (nhiều/ít/không)"",""mức cay (nhiều/ít)"",""ớt (nhiều/ít/không)""],""suitable_for"":[""low_blood_pressure""],""avoid_for"":[""seafood_allergy"",""high_blood_pressure"",""gastritis"",""colitis""]}","{""good_for"":[""low_blood_pressure""],""bad_for"":[""seafood_allergy"",""high_blood_pressure"",""gastritis"",""colitis""]}","{""morning"":false,""noon"":true,""evening"":true,""midnight"":false,""hot_weather"":false,""cold_weather"":true,""rainy"":false,""sunny_strong"":false,""pre_work"":false,""post_work"":true,""post_workout"":false,""light_meal"":false,""want_hot_food"":true,""want_cold_food"":false,""in_a_hurry"":false,""on_the_go"":false,""with_friends"":true,""need_relax"":false,""portable"":false,""short_lunch_break"":false}",
556,bánh flan dừa,đồ ăn,"flan, nước cốt dừa, caramel","nước cốt dừa (nhiều/ít), caramel (nhiều/ít)","{""nước_cốt_dừa"": [""nhiều"", ""ít""], ""caramel"": [""nhiều"", ""ít""]}","Bánh flan dừa là món ngọt béo, mềm và dễ ăn. Phù hợp người dạ dày yếu; không phù hợp người tiểu đường.","{""type"":""đồ ăn"",""taste"":[""sweet""],""ingredients"":[""flan"",""nước cốt dừa"",""caramel""],""options"":[""nước cốt dừa (nhiều/ít)"",""caramel (nhiều/ít)""],""suitable_for"":[""weak_stomach""],""avoid_for"":[""diabetes"",""obesity"",""fatty_liver""]}","{""good_for"":[""weak_stomach""],""bad_for"":[""diabetes"",""obesity"",""fatty_liver""]}","{""morning"":true,""noon"":true,""evening"":true,""midnight"":false,""hot_weather"":false,""cold_weather"":false,""rainy"":false,""sunny_strong"":false,""pre_work"":false,""post_work"":false,""post_workout"":false,""light_meal"":true,""want_hot_food"":false,""want_cold_food"":true,""in_a_hurry"":true,""on_the_go"":true,""with_friends"":true,""need_relax"":true,""portable"":true,""short_lunch_break"":true}",
557,chè thưng,đồ ăn,"đậu, khoai, nước cốt dừa, thạch, đá","nước cốt dừa (nhiều/ít/không), đá (nhiều/ít/không), đường (nhiều/ít)","{""nước_cốt_dừa"": [""nhiều"", ""ít"", ""không""], ""đá"": [""nhiều"", ""ít"", ""không""], ""đường"": [""nhiều"", ""ít""]}","Chè thưng là món ngọt, mát. Phù hợp thời tiết nóng; không phù hợp người tiểu đường.","{""type"":""đồ ăn"",""taste"":[""sweet""],""ingredients"":[""đậu"",""khoai"",""nước cốt dừa"",""thạch"",""đá""],""options"":[""nước cốt dừa (nhiều/ít/không)"",""đá (nhiều/ít/không)"",""đường (nhiều/ít)""],""suitable_for"":[""hot_weather""],""avoid_for"":[""diabetes"",""obesity"",""fatty_liver""]}","{""good_for"":[""hot_weather""],""bad_for"":[""diabetes"",""obesity"",""fatty_liver""]}","{""morning"":true,""noon"":true,""evening"":true,""midnight"":false,""hot_weather"":true,""cold_weather"":false,""rainy"":false,""sunny_strong"":true,""pre_work"":false,""post_work"":false,""post_workout"":false,""light_meal"":true,""want_hot_food"":false,""want_cold_food"":true,""in_a_hurry"":true,""on_the_go"":true,""with_friends"":true,""need_relax"":true,""portable"":true,""short_lunch_break"":true}",
558,chè trôi nước nhân mè,đồ ăn,"bánh trôi, nhân mè, nước gừng","nước gừng (nhiều/ít), mè (nhiều/ít)","{""nước_gừng"": [""nhiều"", ""ít""], ""mè"": [""nhiều"", ""ít""]}","Chè trôi nước nhân mè là món ngọt ấm, tốt cho cơ thể khi lạnh. Không phù hợp người tiểu đường hoặc nóng trong.","{""type"":""đồ ăn"",""taste"":[""sweet""],""ingredients"":[""bánh trôi"",""nhân mè"",""nước gừng""],""options"":[""nước gừng (nhiều/ít)"",""mè (nhiều/ít)""],""suitable_for"":[""cold_weather"",""poor_digestive_system""],""avoid_for"":[""diabetes"",""body_heat""]}","{""good_for"":[""cold_weather"",""poor_digestive_system""],""bad_for"":[""diabetes"",""body_heat""]}","{""morning"":false,""noon"":true,""evening"":true,""midnight"":false,""hot_weather"":false,""cold_weather"":true,""rainy"":false,""sunny_strong"":false,""pre_work"":false,""post_work"":false,""post_workout"":false,""light_meal"":false,""want_hot_food"":true,""want_cold_food"":false,""in_a_hurry"":false,""on_the_go"":false,""with_friends"":true,""need_relax"":true,""portable"":true,""short_lunch_break"":false}",
559,trà đào sả tắc,thức uống,"trà, đào, sả, tắc, đá","đá (nhiều/ít/không), đường (nhiều/ít), đào (nhiều/ít)","{""đá"": [""nhiều"", ""ít"", ""không""], ""đường"": [""nhiều"", ""ít""], ""đào"": [""nhiều"", ""ít""]}","Trà đào sả tắc là thức uống thanh mát, giải nhiệt tốt. Không phù hợp người dạ dày yếu khi quá chua.","{""type"":""thức uống"",""taste"":[""sweet"",""sour""],""ingredients"":[""trà"",""đào"",""sả"",""tắc"",""đá""],""options"":[""đá (nhiều/ít/không)"",""đường (nhiều/ít)"",""đào (nhiều/ít)""],""suitable_for"":[""hot_weather"",""body_heat""],""avoid_for"":[""weak_stomach"",""gastritis""]}","{""good_for"":[""hot_weather"",""body_heat""],""bad_for"":[""weak_stomach"",""gastritis""]}","{""morning"":true,""noon"":true,""evening"":true,""midnight"":false,""hot_weather"":true,""cold_weather"":false,""rainy"":false,""sunny_strong"":true,""pre_work"":true,""post_work"":false,""post_workout"":false,""light_meal"":true,""want_hot_food"":false,""want_cold_food"":true,""in_a_hurry"":true,""on_the_go"":true,""with_friends"":true,""need_relax"":true,""portable"":true,""short_lunch_break"":true}",
560,nước ép cam tươi,thức uống,cam ép,"đá (nhiều/ít/không), đường (nhiều/ít/không)","{""đá"": [""nhiều"", ""ít"", ""không""], ""đường"": [""nhiều"", ""ít"", ""không""]}","Nước ép cam tươi là thức uống chua ngọt, giàu vitamin C và mát. Phù hợp thời tiết nóng; không phù hợp người dạ dày yếu khi quá chua.","{""type"":""thức uống"",""taste"":[""sweet"",""sour""],""ingredients"":[""cam ép""],""options"":[""đá (nhiều/ít/không)"",""đường (nhiều/ít/không)""],""suitable_for"":[""hot_weather"",""body_heat"",""cold_flu""],""avoid_for"":[""weak_stomach"",""gastritis""]}","{""good_for"":[""hot_weather"",""body_heat"",""cold_flu""],""bad_for"":[""weak_stomach"",""gastritis""]}","{""morning"":true,""noon"":true,""evening"":true,""midnight"":false,""hot_weather"":true,""cold_weather"":false,""rainy"":false,""sunny_strong"":true,""pre_work"":true,""post_work"":false,""post_workout"":true,""light_meal"":true,""want_hot_food"":false,""want_cold_food"":true,""in_a_hurry"":true,""on_the_go"":true,""with_friends"":true,""need_relax"":true,""portable"":true,""short_lunch_break"":true}",
561,sinh tố đu đủ,thức uống,"đu đủ, sữa, đường, đá","đá (nhiều/ít/không), sữa (nhiều/ít), đường (nhiều/ít)","{""đá"": [""nhiều"", ""ít"", ""không""], ""sữa"": [""nhiều"", ""ít""], ""đường"": [""nhiều"", ""ít""]}","Sinh tố đu đủ là thức uống béo nhẹ, ngọt và hỗ trợ tiêu hóa. Phù hợp người táo bón; không phù hợp người tiểu đường.","{""type"":""thức uống"",""taste"":[""sweet""],""ingredients"":[""đu đủ"",""sữa"",""đường"",""đá""],""options"":[""đá (nhiều/ít/không)"",""sữa (nhiều/ít)"",""đường (nhiều/ít)""],""suitable_for"":[""constipation"",""poor_digestive_system""],""avoid_for"":[""diabetes"",""obesity""]}","{""good_for"":[""constipation"",""poor_digestive_system""],""bad_for"":[""diabetes"",""obesity""]}","{""morning"":true,""noon"":true,""evening"":true,""midnight"":false,""hot_weather"":true,""cold_weather"":false,""rainy"":false,""sunny_strong"":true,""pre_work"":false,""post_work"":false,""post_workout"":false,""light_meal"":true,""want_hot_food"":false,""want_cold_food"":true,""in_a_hurry"":true,""on_the_go"":true,""with_friends"":true,""need_relax"":true,""portable"":true,""short_lunch_break"":true}",
562,sinh tố cà chua,thức uống,"cà chua, sữa, đường, đá","đá (nhiều/ít/không), sữa (nhiều/ít), đường (nhiều/ít)","{""đá"": [""nhiều"", ""ít"", ""không""], ""sữa"": [""nhiều"", ""ít""], ""đường"": [""nhiều"", ""ít""]}","Sinh tố cà chua là thức uống chua nhẹ, giàu vitamin A và C. Phù hợp người nóng trong; không phù hợp người dạ dày yếu.","{""type"":""thức uống"",""taste"":[""sweet"",""sour""],""ingredients"":[""cà chua"",""sữa"",""đường"",""đá""],""options"":[""đá (nhiều/ít/không)"",""sữa (nhiều/ít)"",""đường (nhiều/ít)""],""suitable_for"":[""body_heat"",""hot_weather""],""avoid_for"":[""weak_stomach"",""gastritis""]}","{""good_for"":[""body_heat"",""hot_weather""],""bad_for"":[""weak_stomach"",""gastritis""]}","{""morning"":true,""noon"":true,""evening"":true,""midnight"":false,""hot_weather"":true,""cold_weather"":false,""rainy"":false,""sunny_strong"":true,""pre_work"":true,""post_work"":false,""post_workout"":false,""light_meal"":true,""want_hot_food"":false,""want_cold_food"":true,""in_a_hurry"":true,""on_the_go"":true,""with_friends"":true,""need_relax"":true,""portable"":true,""short_lunch_break"":true}",
563,sinh tố dứa chuối,thức uống,"dứa, chuối, sữa, đường, đá","đá (nhiều/ít/không), sữa (nhiều/ít), đường (nhiều/ít)","{""đá"": [""nhiều"", ""ít"", ""không""], ""sữa"": [""nhiều"", ""ít""], ""đường"": [""nhiều"", ""ít""]}","Sinh tố dứa chuối là thức uống chua ngọt, thơm và hỗ trợ tiêu hóa. Không phù hợp người tiểu đường.","{""type"":""thức uống"",""taste"":[""sweet"",""sour""],""ingredients"":[""dứa"",""chuối"",""sữa"",""đường"",""đá""],""options"":[""đá (nhiều/ít/không)"",""sữa (nhiều/ít)"",""đường (nhiều/ít)""],""suitable_for"":[""poor_digestive_system"",""indigestion"",""hot_weather""],""avoid_for"":[""diabetes"",""obesity""]}","{""good_for"":[""poor_digestive_system"",""indigestion"",""hot_weather""],""bad_for"":[""diabetes"",""obesity""]}","{""morning"":true,""noon"":true,""evening"":true,""midnight"":false,""hot_weather"":true,""cold_weather"":false,""rainy"":false,""sunny_strong"":true,""pre_work"":false,""post_work"":false,""post_workout"":false,""light_meal"":true,""want_hot_food"":false,""want_cold_food"":true,""in_a_hurry"":true,""on_the_go"":true,""with_friends"":true,""need_relax"":true,""portable"":true,""short_lunch_break"":true}",
564,sinh tố cà phê,thức uống,"cà phê, sữa, đường, đá","đá (nhiều/ít/không), sữa (nhiều/ít), đường (nhiều/ít)","{""đá"": [""nhiều"", ""ít"", ""không""], ""sữa"": [""nhiều"", ""ít""], ""đường"": [""nhiều"", ""ít""]}","Sinh tố cà phê là thức uống caffein nhẹ, béo ngọt. Phù hợp người cần tỉnh táo; không phù hợp người mất ngủ hoặc dạ dày yếu.","{""type"":""thức uống"",""taste"":[""sweet"",""bitter""],""caffeine"":""medium"",""ingredients"":[""cà phê"",""sữa"",""đường"",""đá""],""options"":[""đá (nhiều/ít/không)"",""sữa (nhiều/ít)"",""đường (nhiều/ít)""],""suitable_for"":[""fatigue"",""need_focus""],""avoid_for"":[""insomnia"",""weak_stomach"",""heart_disease""]}","{""good_for"":[""fatigue"",""need_focus""],""bad_for"":[""insomnia"",""weak_stomach"",""heart_disease""]}","{""morning"":true,""noon"":true,""evening"":false,""midnight"":false,""hot_weather"":true,""cold_weather"":false,""rainy"":true,""sunny_strong"":true,""pre_work"":true,""post_work"":false,""post_workout"":false,""light_meal"":false,""want_hot_food"":false,""want_cold_food"":true,""in_a_hurry"":true,""on_the_go"":true,""with_friends"":true,""need_relax"":false,""portable"":true,""short_lunch_break"":true}",
565,sữa chua nha đam,thức uống,"sữa chua, nha đam, đường, đá","đá (nhiều/ít/không), nha đam (nhiều/ít), đường (nhiều/ít)","{""đá"": [""nhiều"", ""ít"", ""không""], ""nha_đam"": [""nhiều"", ""ít""], ""đường"": [""nhiều"", ""ít""]}","Sữa chua nha đam là thức uống mát, nhẹ, tốt cho tiêu hóa. Không phù hợp người lạnh bụng hoặc tiêu chảy.","{""type"":""thức uống"",""taste"":[""sweet"",""sour""],""ingredients"":[""sữa chua"",""nha đam"",""đường"",""đá""],""options"":[""đá (nhiều/ít/không)"",""nha đam (nhiều/ít)"",""đường (nhiều/ít)""],""suitable_for"":[""poor_digestive_system"",""constipation"",""hot_weather""],""avoid_for"":[""diarrhea"",""weak_stomach""]}","{""good_for"":[""poor_digestive_system"",""constipation"",""hot_weather""],""bad_for"":[""diarrhea"",""weak_stomach""]}","{""morning"":true,""noon"":true,""evening"":true,""midnight"":false,""hot_weather"":true,""cold_weather"":false,""rainy"":false,""sunny_strong"":true,""pre_work"":false,""post_work"":false,""post_workout"":false,""light_meal"":true,""want_hot_food"":false,""want_cold_food"":true,""in_a_hurry"":true,""on_the_go"":true,""with_friends"":true,""need_relax"":true,""portable"":true,""short_lunch_break"":true}",
566,cơm gà xối mỡ trứng ốp,đồ ăn,"cơm, gà xối mỡ, trứng ốp, rau, hành","gà (nhiều/ít), trứng (nhiều/ít), rau (nhiều/ít/không), hành (nhiều/ít/không)","{""gà"": [""nhiều"", ""ít""], ""trứng"": [""nhiều"", ""ít""], ""rau"": [""nhiều"", ""ít"", ""không""], ""hành"": [""nhiều"", ""ít"", ""không""]}",Cơm gà xối mỡ trứng ốp là món nhiều dầu mỡ và năng lượng. Không phù hợp người béo phì hoặc mỡ máu cao; phù hợp người huyết áp thấp.,"{""type"":""đồ ăn"",""taste"":[""savory"",""salty""],""ingredients"":[""cơm"",""gà xối mỡ"",""trứng ốp"",""rau"",""hành""],""options"":[""gà (nhiều/ít)"",""trứng (nhiều/ít)"",""rau (nhiều/ít/không)"",""hành (nhiều/ít/không)""],""suitable_for"":[""low_blood_pressure""],""avoid_for"":[""obesity"",""high_cholesterol"",""fatty_liver"",""heart_disease""]}","{""good_for"":[""low_blood_pressure""],""bad_for"":[""obesity"",""high_cholesterol"",""fatty_liver"",""heart_disease""]}","{""morning"":false,""noon"":true,""evening"":true,""midnight"":false,""hot_weather"":false,""cold_weather"":true,""rainy"":false,""sunny_strong"":false,""pre_work"":false,""post_work"":true,""post_workout"":false,""light_meal"":false,""want_hot_food"":true,""want_cold_food"":false,""in_a_hurry"":false,""on_the_go"":false,""with_friends"":true,""need_relax"":false,""portable"":false,""short_lunch_break"":false}",
567,cơm chiên hải sản trứng muối,đồ ăn,"cơm chiên, hải sản, trứng muối, rau củ","trứng muối (nhiều/ít), hải sản (nhiều/ít), rau củ (nhiều/ít/không), cơm (nhiều/ít)","{""trứng_muối"": [""nhiều"", ""ít""], ""hải_sản"": [""nhiều"", ""ít""], ""rau_củ"": [""nhiều"", ""ít"", ""không""], ""cơm"": [""nhiều"", ""ít""]}","Cơm chiên hải sản trứng muối là món đậm đà, nhiều dầu và natri. Không phù hợp người cao huyết áp hoặc gan nhiễm mỡ.","{""type"":""đồ ăn"",""taste"":[""salty"",""savory""],""ingredients"":[""cơm chiên"",""hải sản"",""trứng muối"",""rau củ""],""options"":[""trứng muối (nhiều/ít)"",""hải sản (nhiều/ít)"",""rau củ (nhiều/ít/không)"",""cơm (nhiều/ít)""],""suitable_for"":[],""avoid_for"":[""high_blood_pressure"",""fatty_liver"",""obesity"",""seafood_allergy""]}","{""good_for"":[],""bad_for"":[""high_blood_pressure"",""fatty_liver"",""obesity"",""seafood_allergy""]}","{""morning"":false,""noon"":true,""evening"":true,""midnight"":false,""hot_weather"":false,""cold_weather"":true,""rainy"":false,""sunny_strong"":false,""pre_work"":false,""post_work"":true,""post_workout"":false,""light_meal"":false,""want_hot_food"":true,""want_cold_food"":false,""in_a_hurry"":false,""on_the_go"":false,""with_friends"":true,""need_relax"":false,""portable"":false,""short_lunch_break"":false}",
568,cơm chiên cá mặn trứng,đồ ăn,"cơm chiên, cá mặn, trứng, rau củ","cá mặn (nhiều/ít), trứng (nhiều/ít), rau củ (nhiều/ít/không), cơm (nhiều/ít)","{""cá_mặn"": [""nhiều"", ""ít""], ""trứng"": [""nhiều"", ""ít""], ""rau_củ"": [""nhiều"", ""ít"", ""không""], ""cơm"": [""nhiều"", ""ít""]}","Cơm chiên cá mặn trứng là món mặn đậm, nhiều dầu, kích thích vị giác. Không phù hợp người cao huyết áp.","{""type"":""đồ ăn"",""taste"":[""salty"",""savory""],""ingredients"":[""cơm chiên"",""cá mặn"",""trứng"",""rau củ""],""options"":[""cá mặn (nhiều/ít)"",""trứng (nhiều/ít)"",""rau củ (nhiều/ít/không)"",""cơm (nhiều/ít)""],""suitable_for"":[""low_blood_pressure""],""avoid_for"":[""high_blood_pressure"",""high_cholesterol"",""fatty_liver""]}","{""good_for"":[""low_blood_pressure""],""bad_for"":[""high_blood_pressure"",""high_cholesterol"",""fatty_liver""]}","{""morning"":false,""noon"":true,""evening"":true,""midnight"":false,""hot_weather"":false,""cold_weather"":true,""rainy"":false,""sunny_strong"":false,""pre_work"":false,""post_work"":true,""post_workout"":false,""light_meal"":false,""want_hot_food"":true,""want_cold_food"":false,""in_a_hurry"":false,""on_the_go"":false,""with_friends"":true,""need_relax"":false,""portable"":false,""short_lunch_break"":false}",
569,bún giò heo,đồ ăn,"bún, giò heo, rau, hành","giò heo (nhiều/ít), rau (nhiều/ít/không), hành (nhiều/ít/không), ớt (có/không)","{""giò_heo"": [""nhiều"", ""ít""], ""rau"": [""nhiều"", ""ít"", ""không""], ""hành"": [""nhiều"", ""ít"", ""không""], ""ớt"": [""có"", ""không""]}",Bún giò heo là món nước béo đậm và nhiều năng lượng. Không phù hợp người béo phì hoặc cao huyết áp; phù hợp người thiếu máu.,"{""type"":""đồ ăn"",""taste"":[""savory"",""salty""],""ingredients"":[""bún"",""giò heo"",""rau"",""hành""],""options"":[""giò heo (nhiều/ít)"",""rau (nhiều/ít/không)"",""hành (nhiều/ít/không)"",""ớt (có/không)""],""suitable_for"":[""anemia"",""low_blood_pressure""],""avoid_for"":[""high_blood_pressure"",""obesity"",""fatty_liver"",""high_cholesterol""]}","{""good_for"":[""anemia"",""low_blood_pressure""],""bad_for"":[""high_blood_pressure"",""obesity"",""fatty_liver"",""high_cholesterol""]}","{""morning"":false,""noon"":true,""evening"":true,""midnight"":false,""hot_weather"":false,""cold_weather"":true,""rainy"":true,""sunny_strong"":false,""pre_work"":false,""post_work"":true,""post_workout"":false,""light_meal"":false,""want_hot_food"":true,""want_cold_food"":false,""in_a_hurry"":false,""on_the_go"":false,""with_friends"":true,""need_relax"":false,""portable"":false,""short_lunch_break"":false}",
570,bún riêu tôm,đồ ăn,"bún, riêu, tôm, hành, rau","tôm (nhiều/ít), riêu (nhiều/ít), hành (nhiều/ít/không), rau (nhiều/ít/không), mắm tôm (có/không)","{""tôm"": [""nhiều"", ""ít""], ""riêu"": [""nhiều"", ""ít""], ""hành"": [""nhiều"", ""ít"", ""không""], ""rau"": [""nhiều"", ""ít"", ""không""], ""mắm_tôm"": [""có"", ""không""]}","Bún riêu tôm là món nước chua nhẹ, đậm đà và dễ ăn. Không phù hợp người dị ứng hải sản hoặc dạ dày yếu do vị chua.","{""type"":""đồ ăn"",""taste"":[""savory"",""sour""],""ingredients"":[""bún"",""riêu"",""tôm"",""hành"",""rau""],""options"":[""tôm (nhiều/ít)"",""riêu (nhiều/ít)"",""hành (nhiều/ít/không)"",""rau (nhiều/ít/không)"",""mắm tôm (có/không)""],""suitable_for"":[""low_blood_pressure""],""avoid_for"":[""seafood_allergy"",""gastritis"",""weak_stomach""]}","{""good_for"":[""low_blood_pressure""],""bad_for"":[""seafood_allergy"",""gastritis"",""weak_stomach""]}","{""morning"":false,""noon"":true,""evening"":true,""midnight"":false,""hot_weather"":false,""cold_weather"":true,""rainy"":true,""sunny_strong"":false,""pre_work"":false,""post_work"":true,""post_workout"":false,""light_meal"":false,""want_hot_food"":true,""want_cold_food"":false,""in_a_hurry"":false,""on_the_go"":false,""with_friends"":true,""need_relax"":false,""portable"":false,""short_lunch_break"":false}",
571,bún mọc chay,đồ ăn,"bún, mọc chay, nấm, rau","mọc (nhiều/ít), nấm (nhiều/ít), rau (nhiều/ít/không)","{""mọc"": [""nhiều"", ""ít""], ""nấm"": [""nhiều"", ""ít""], ""rau"": [""nhiều"", ""ít"", ""không""]}","Bún mọc chay là món nhẹ, thanh đạm và dễ tiêu. Rất phù hợp người tiêu hóa kém, dạ dày yếu.","{""type"":""đồ ăn"",""taste"":[""savory""],""ingredients"":[""bún"",""mọc chay"",""nấm"",""rau""],""options"":[""mọc (nhiều/ít)"",""nấm (nhiều/ít)"",""rau (nhiều/ít/không)""],""suitable_for"":[""poor_digestive_system"",""weak_stomach""],""avoid_for"":[]}","{""good_for"":[""poor_digestive_system"",""weak_stomach""],""bad_for"":[]}","{""morning"":true,""noon"":true,""evening"":true,""midnight"":false,""hot_weather"":false,""cold_weather"":true,""rainy"":true,""sunny_strong"":false,""pre_work"":true,""post_work"":true,""post_workout"":false,""light_meal"":true,""want_hot_food"":true,""want_cold_food"":false,""in_a_hurry"":false,""on_the_go"":false,""with_friends"":false,""need_relax"":false,""portable"":false,""short_lunch_break"":false}",
572,mì trộn sa tế,đồ ăn,"mì, rau, thịt/topping tùy quán","rau (nhiều/ít/không), mức cay (1–5), hành phi (nhiều/ít/không)","{""rau"": [""nhiều"", ""ít"", ""không""], ""mức_cay"": [""1–5""], ""hành_phi"": [""nhiều"", ""ít"", ""không""]}","Mì trộn sa tế là món cay mạnh, đậm vị. Không phù hợp người dạ dày yếu hoặc huyết áp cao.","{""type"":""đồ ăn"",""taste"":[""spicy"",""salty""],""ingredients"":[""mì"",""rau"",""thịt/topping""],""options"":[""rau (nhiều/ít/không)"",""mức cay (1–5)"",""hành phi (nhiều/ít/không)""],""suitable_for"":[""low_blood_pressure""],""avoid_for"":[""gastritis"",""weak_stomach"",""high_blood_pressure"",""colitis""]}","{""good_for"":[""low_blood_pressure""],""bad_for"":[""gastritis"",""weak_stomach"",""high_blood_pressure"",""colitis""]}","{""morning"":false,""noon"":true,""evening"":true,""midnight"":false,""hot_weather"":false,""cold_weather"":true,""rainy"":false,""sunny_strong"":false,""pre_work"":false,""post_work"":false,""post_workout"":false,""light_meal"":false,""want_hot_food"":false,""want_cold_food"":false,""in_a_hurry"":false,""on_the_go"":false,""with_friends"":true,""need_relax"":false,""portable"":false,""short_lunch_break"":false}",
573,hủ tiếu khô trộn,đồ ăn,"hủ tiếu, thịt/bò viên, rau, hành","thịt/bò viên (nhiều/ít), rau (nhiều/ít/không), hành (nhiều/ít/không), ớt (có/không)","{""thịt_bò_viên"": [""nhiều"", ""ít""], ""rau"": [""nhiều"", ""ít"", ""không""], ""hành"": [""nhiều"", ""ít"", ""không""], ""ớt"": [""có"", ""không""]}","Hủ tiếu khô trộn là món khô đậm đà, dễ ăn. Không phù hợp người cao huyết áp nếu thịt/bò viên quá mặn.","{""type"":""đồ ăn"",""taste"":[""savory"",""salty""],""ingredients"":[""hủ tiếu"",""thịt/bò viên"",""rau"",""hành""],""options"":[""thịt/bò viên (nhiều/ít)"",""rau (nhiều/ít/không)"",""hành (nhiều/ít/không)"",""ớt (có/không)""],""suitable_for"":[],""avoid_for"":[""high_blood_pressure"",""high_cholesterol""]}","{""good_for"":[],""bad_for"":[""high_blood_pressure"",""high_cholesterol""]}","{""morning"":false,""noon"":true,""evening"":true,""midnight"":false,""hot_weather"":false,""cold_weather"":true,""rainy"":false,""sunny_strong"":false,""pre_work"":false,""post_work"":true,""post_workout"":false,""light_meal"":false,""want_hot_food"":false,""want_cold_food"":true,""in_a_hurry"":false,""on_the_go"":false,""with_friends"":true,""need_relax"":false,""portable"":false,""short_lunch_break"":false}",
574,cơm sườn ram mặn,đồ ăn,"cơm, sườn ram mặn, dưa leo, rau răm, hành phi, nước mắm","dưa leo (nhiều/ít/không), rau răm (nhiều/ít/không), hành phi (nhiều/ít/không), nước mắm (cay/không cay)","{""dưa_leo"": [""nhiều"", ""ít"", ""không""], ""rau_răm"": [""nhiều"", ""ít"", ""không""], ""hành_phi"": [""nhiều"", ""ít"", ""không""], ""nước_mắm"": [""cay"", ""không cay""]}","Cơm sườn ram mặn là món mặn đậm, hơi béo. Không phù hợp người cao huyết áp hoặc béo phì.","{""type"":""đồ ăn"",""taste"":[""salty"",""savory""],""ingredients"":[""cơm"",""sườn ram mặn"",""dưa leo"",""rau răm"",""hành phi""],""options"":[""dưa leo (nhiều/ít/không)"",""rau răm (nhiều/ít/không)"",""hành phi (nhiều/ít/không)"",""nước mắm (cay/không cay)""],""suitable_for"":[""low_blood_pressure""],""avoid_for"":[""high_blood_pressure"",""obesity"",""fatty_liver""]}","{""good_for"":[""low_blood_pressure""],""bad_for"":[""high_blood_pressure"",""obesity"",""fatty_liver""]}","{""morning"":false,""noon"":true,""evening"":true,""midnight"":false,""hot_weather"":false,""cold_weather"":true,""rainy"":false,""sunny_strong"":false,""pre_work"":false,""post_work"":true,""post_workout"":false,""light_meal"":false,""want_hot_food"":true,""want_cold_food"":false,""in_a_hurry"":false,""on_the_go"":false,""with_friends"":true,""need_relax"":false,""portable"":false,""short_lunch_break"":false}",
575,Canh chua cá basa,đồ ăn,"Cá basa, Me, Cà chua, Rau thơm","Me(Nhiều/Ít/Không), Rau thơm (Nhiều/Ít/Không)","{""me"": [""nhiều"", ""ít"", ""không""], ""rau_thơm"": [""nhiều"", ""ít"", ""không""]}","Canh chua cá basa là món chua ngọt thanh, giải nhiệt và dễ tiêu. Phù hợp người tiêu hóa kém; không phù hợp người dạ dày nhạy cảm do vị chua.","{""type"":""đồ ăn"",""taste"":[""sour"",""savory""],""ingredients"":[""cá basa"",""me"",""cà chua"",""rau thơm""],""options"":[""Me(Nhiều/Ít/Không)"",""Rau thơm (Nhiều/Ít/Không)""],""suitable_for"":[""poor_digestive_system"",""weak_stomach"",""hot_weather""],""avoid_for"":[""gastritis"",""acid_reflux""]}","{""good_for"":[""poor_digestive_system"",""hot_weather"",""weak_stomach""],""bad_for"":[""gastritis"",""acid_reflux""]}","{""morning"":false,""noon"":true,""evening"":true,""midnight"":false,""hot_weather"":true,""cold_weather"":false,""rainy"":true,""sunny_strong"":false,""pre_work"":false,""post_work"":true,""post_workout"":true,""light_meal"":true,""want_hot_food"":true,""want_cold_food"":false,""in_a_hurry"":false,""on_the_go"":false,""with_friends"":false,""need_relax"":false,""portable"":false,""short_lunch_break"":false}",
576,Canh rau đay cua đồng,đồ ăn,"Rau đay, Mồng tơi, Cua đồng","Rau đay(Nhiều/Ít), Mồng tơi (Nhiều/Ít/Không)","{""rau_đay"": [""nhiều"", ""ít""], ""mồng_tơi"": [""nhiều"", ""ít"", ""không""]}","Canh rau đay cua đồng là món mát, giải nhiệt và hỗ trợ nhuận tràng. Phù hợp tiêu hóa kém; không phù hợp người tiêu chảy.","{""type"":""đồ ăn"",""taste"":[""savory""],""ingredients"":[""rau đay"",""mồng tơi"",""cua đồng""],""options"":[""Rau đay(Nhiều/Ít)"",""Mồng tơi (Nhiều/Ít/Không)""],""suitable_for"":[""poor_digestive_system"",""constipation"",""hot_weather""],""avoid_for"":[""diarrhea"",""weak_stomach""]}","{""good_for"":[""poor_digestive_system"",""constipation"",""hot_weather""],""bad_for"":[""diarrhea"",""weak_stomach""]}","{""morning"":false,""noon"":true,""evening"":true,""midnight"":false,""hot_weather"":true,""cold_weather"":false,""rainy"":true,""sunny_strong"":false,""pre_work"":false,""post_work"":true,""post_workout"":true,""light_meal"":true,""want_hot_food"":true,""want_cold_food"":false,""in_a_hurry"":false,""on_the_go"":false,""with_friends"":false,""need_relax"":false,""portable"":false,""short_lunch_break"":false}",
577,Canh bí đỏ thịt bằm,đồ ăn,"Bí đỏ, Thịt bằm, Hành",Hành (Nhiều/Ít/Không),"{""hành"": [""nhiều"", ""ít"", ""không""]}","Canh bí đỏ thịt bằm là món ngọt tự nhiên, bổ máu và rất dễ tiêu. Phù hợp người thiếu máu và dạ dày yếu.","{""type"":""đồ ăn"",""taste"":[""sweet"",""savory""],""ingredients"":[""bí đỏ"",""thịt bằm"",""hành""],""options"":[""Hành (Nhiều/Ít/Không)""],""suitable_for"":[""anemia"",""poor_digestive_system"",""weak_stomach""],""avoid_for"":[]}","{""good_for"":[""anemia"",""poor_digestive_system"",""weak_stomach""],""bad_for"":[]}","{""morning"":false,""noon"":true,""evening"":true,""midnight"":false,""hot_weather"":false,""cold_weather"":true,""rainy"":true,""sunny_strong"":false,""pre_work"":false,""post_work"":true,""post_workout"":true,""light_meal"":true,""want_hot_food"":true,""want_cold_food"":false,""in_a_hurry"":false,""on_the_go"":false,""with_friends"":false,""need_relax"":false,""portable"":false,""short_lunch_break"":false}",
578,Canh nấm đậu hũ,đồ ăn,"Nấm, Đậu hũ, Hành","Nấm (Nhiều/Ít), Đậu hũ (Nhiều/Ít), Hành (Nhiều/Ít/Không)","{""nấm"": [""nhiều"", ""ít""], ""đậu_hũ"": [""nhiều"", ""ít""], ""hành"": [""nhiều"", ""ít"", ""không""]}","Canh nấm đậu hũ là món rất nhẹ, thanh đạm và tốt cho tiêu hóa. Phù hợp người bệnh hoặc dạ dày yếu.","{""type"":""đồ ăn"",""taste"":[""savory""],""ingredients"":[""nấm"",""đậu hũ"",""hành""],""options"":[""Nấm (Nhiều/Ít)"",""Đậu hũ (Nhiều/Ít)"",""Hành (Nhiều/Ít/Không)""],""suitable_for"":[""poor_digestive_system"",""weak_stomach"",""constipation""],""avoid_for"":[]}","{""good_for"":[""poor_digestive_system"",""weak_stomach"",""constipation""],""bad_for"":[]}","{""morning"":false,""noon"":true,""evening"":true,""midnight"":false,""hot_weather"":false,""cold_weather"":true,""rainy"":true,""sunny_strong"":false,""pre_work"":false,""post_work"":true,""post_workout"":true,""light_meal"":true,""want_hot_food"":true,""want_cold_food"":false,""in_a_hurry"":false,""on_the_go"":false,""with_friends"":false,""need_relax"":false,""portable"":false,""short_lunch_break"":false}",
579,Canh cải chay,đồ ăn,"Cải xanh, Nấm, Đậu hũ","Nấm (Nhiều/Ít/), Đậu hũ (Nhiều/Ít)","{""nấm"": [""nhiều"", ""ít"", """"], ""đậu_hũ"": [""nhiều"", ""ít""]}","Canh cải chay là món thanh mát, dễ tiêu, rất phù hợp người dạ dày yếu và người đang bệnh.","{""type"":""đồ ăn"",""taste"":[""savory""],""ingredients"":[""cải xanh"",""nấm"",""đậu hũ""],""options"":[""Nấm (Nhiều/Ít/)"",""Đậu hũ (Nhiều/Ít)""],""suitable_for"":[""poor_digestive_system"",""weak_stomach"",""constipation""],""avoid_for"":[]}","{""good_for"":[""poor_digestive_system"",""weak_stomach"",""constipation""],""bad_for"":[]}","{""morning"":false,""noon"":true,""evening"":true,""midnight"":false,""hot_weather"":false,""cold_weather"":true,""rainy"":true,""sunny_strong"":false,""pre_work"":false,""post_work"":true,""post_workout"":true,""light_meal"":true,""want_hot_food"":true,""want_cold_food"":false,""in_a_hurry"":false,""on_the_go"":false,""with_friends"":false,""need_relax"":false,""portable"":false,""short_lunch_break"":false}",
580,Cá trích kho nghệ,đồ ăn,"Cá trích, Nghệ, Tiêu, Hành","Tiêu (Nhiều/Ít/Không), Hành (Nhiều/Ít/Không)","{""tiêu"": [""nhiều"", ""ít"", ""không""], ""hành"": [""nhiều"", ""ít"", ""không""]}","Cá trích kho nghệ là món kho mặn, ấm và dễ ăn; nghệ hỗ trợ tiêu hóa nhẹ. Không phù hợp người cao huyết áp do muối.","{""type"":""đồ ăn"",""taste"":[""salty"",""savory""],""ingredients"":[""cá trích"",""nghệ"",""tiêu"",""hành""],""options"":[""Tiêu (Nhiều/Ít/Không)"",""Hành (Nhiều/Ít/Không)""],""suitable_for"":[""poor_digestive_system""],""avoid_for"":[""high_blood_pressure""]}","{""good_for"":[""poor_digestive_system""],""bad_for"":[""high_blood_pressure""]}","{""morning"":false,""noon"":true,""evening"":true,""midnight"":false,""hot_weather"":false,""cold_weather"":true,""rainy"":false,""sunny_strong"":false,""pre_work"":false,""post_work"":true,""post_workout"":false,""light_meal"":false,""want_hot_food"":true,""want_cold_food"":false,""in_a_hurry"":false,""on_the_go"":false,""with_friends"":true,""need_relax"":false,""portable"":false,""short_lunch_break"":false}",
581,Cá nục kho tiêu,đồ ăn,"Cá nục, Tiêu, Nước mắm","Tiêu (Nhiều/Ít/Không), Nước mắm (Nhiều/Ít)","{""tiêu"": [""nhiều"", ""ít"", ""không""], ""nước_mắm"": [""nhiều"", ""ít""]}","Cá nục kho tiêu là món mặn, nhiều đạm và thơm tiêu. Phù hợp người huyết áp thấp; không phù hợp người cao huyết áp hoặc dị ứng hải sản.","{""type"":""đồ ăn"",""taste"":[""salty"",""savory""],""ingredients"":[""cá nục"",""tiêu"",""nước mắm""],""options"":[""Tiêu (Nhiều/Ít/Không)"",""Nước mắm (Nhiều/Ít)""],""suitable_for"":[""low_blood_pressure""],""avoid_for"":[""high_blood_pressure"",""seafood_allergy"",""fatty_liver""]}","{""good_for"":[""low_blood_pressure""],""bad_for"":[""high_blood_pressure"",""seafood_allergy"",""fatty_liver""]}","{""morning"":false,""noon"":true,""evening"":true,""midnight"":false,""hot_weather"":false,""cold_weather"":true,""rainy"":false,""sunny_strong"":false,""pre_work"":false,""post_work"":true,""post_workout"":false,""light_meal"":false,""want_hot_food"":true,""want_cold_food"":false,""in_a_hurry"":false,""on_the_go"":false,""with_friends"":true,""need_relax"":false,""portable"":false,""short_lunch_break"":false}",
582,Thịt ba rọi kho trứng,đồ ăn,"Thịt ba rọi, Trứng, Nước mắm, Đường","Trứng (Nhiều/Ít/Không), Nước mắm (Nhiều/Ít), Đường (Nhiều/Ít/Không)","{""trứng"": [""nhiều"", ""ít"", ""không""], ""nước_mắm"": [""nhiều"", ""ít""], ""đường"": [""nhiều"", ""ít"", ""không""]}","Thịt ba rọi kho trứng là món béo, mặn và nhiều năng lượng. Phù hợp người huyết áp thấp; không phù hợp người tiểu đường, béo phì hoặc mỡ máu.","{""type"":""đồ ăn"",""taste"":[""salty"",""savory""],""ingredients"":[""thịt ba rọi"",""trứng"",""nước mắm"",""đường""],""options"":[""Trứng (Nhiều/Ít/Không)"",""Nước mắm (Nhiều/Ít)"",""Đường (Nhiều/Ít/Không)""],""suitable_for"":[""low_blood_pressure""],""avoid_for"":[""diabetes"",""obesity"",""high_cholesterol"",""fatty_liver""]}","{""good_for"":[""low_blood_pressure""],""bad_for"":[""diabetes"",""obesity"",""high_cholesterol"",""fatty_liver""]}","{""morning"":false,""noon"":true,""evening"":true,""midnight"":false,""hot_weather"":false,""cold_weather"":true,""rainy"":false,""sunny_strong"":false,""pre_work"":false,""post_work"":true,""post_workout"":false,""light_meal"":false,""want_hot_food"":true,""want_cold_food"":false,""in_a_hurry"":false,""on_the_go"":false,""with_friends"":true,""need_relax"":false,""portable"":false,""short_lunch_break"":false}",
583,Thịt bò kho thơm,đồ ăn,"Thịt bò, Thơm, Nước màu","Thơm (Nhiều/Ít), Nước màu (Nhiều/Ít)","{""thơm"": [""nhiều"", ""ít""], ""nước_màu"": [""nhiều"", ""ít""]}","Thịt bò kho thơm là món ngọt mặn, giàu đạm; thơm giúp dễ ăn. Phù hợp người thiếu máu; không phù hợp người cao huyết áp nếu nêm mặn.","{""type"":""đồ ăn"",""taste"":[""savory"",""sweet""],""ingredients"":[""thịt bò"",""thơm"",""nước màu""],""options"":[""Thơm (Nhiều/Ít)"",""Nước màu (Nhiều/Ít)""],""suitable_for"":[""anemia""],""avoid_for"":[""high_blood_pressure"",""fatty_liver""]}","{""good_for"":[""anemia""],""bad_for"":[""high_blood_pressure"",""fatty_liver""]}","{""morning"":false,""noon"":true,""evening"":true,""midnight"":false,""hot_weather"":false,""cold_weather"":true,""rainy"":false,""sunny_strong"":false,""pre_work"":false,""post_work"":true,""post_workout"":false,""light_meal"":false,""want_hot_food"":true,""want_cold_food"":false,""in_a_hurry"":false,""on_the_go"":false,""with_friends"":true,""need_relax"":false,""portable"":false,""short_lunch_break"":false}",
584,Gà kho mật ong,đồ ăn,"Gà, Mật ong, Hành tỏi","Mật ong (Nhiều/Ít), Hành tỏi (Nhiều/Ít/Không)","{""mật_ong"": [""nhiều"", ""ít""], ""hành_tỏi"": [""nhiều"", ""ít"", ""không""]}","Gà kho mật ong là món ngọt béo, thơm mật. Phù hợp người huyết áp thấp; không phù hợp người tiểu đường hoặc béo phì.","{""type"":""đồ ăn"",""taste"":[""sweet"",""savory""],""ingredients"":[""gà"",""mật ong"",""hành tỏi""],""options"":[""Mật ong (Nhiều/Ít)"",""Hành tỏi (Nhiều/Ít/Không)""],""suitable_for"":[""low_blood_pressure""],""avoid_for"":[""diabetes"",""obesity"",""fatty_liver""]}","{""good_for"":[""low_blood_pressure""],""bad_for"":[""diabetes"",""obesity"",""fatty_liver""]}","{""morning"":false,""noon"":true,""evening"":true,""midnight"":false,""hot_weather"":false,""cold_weather"":true,""rainy"":false,""sunny_strong"":false,""pre_work"":false,""post_work"":true,""post_workout"":false,""light_meal"":false,""want_hot_food"":true,""want_cold_food"":false,""in_a_hurry"":false,""on_the_go"":false,""with_friends"":true,""need_relax"":false,""portable"":false,""short_lunch_break"":false}",
585,Tôm xào bơ tỏi,đồ ăn,"Tôm, Bơ, Tỏi, Rau","Bơ (Nhiều/Ít), Tỏi (Nhiều/Ít/Không), Rau (Nhiều/Ít/Không)","{""bơ"": [""nhiều"", ""ít""], ""tỏi"": [""nhiều"", ""ít"", ""không""], ""rau"": [""nhiều"", ""ít"", ""không""]}","Tôm xào bơ tỏi là món thơm béo, giàu đạm. Phù hợp người huyết áp thấp; không phù hợp người dị ứng hải sản hoặc mỡ máu.","{""type"":""đồ ăn"",""taste"":[""savory""],""ingredients"":[""tôm"",""bơ"",""tỏi"",""rau""],""options"":[""Bơ (Nhiều/Ít)"",""Tỏi (Nhiều/Ít/Không)"",""Rau (Nhiều/Ít/Không)""],""suitable_for"":[""low_blood_pressure""],""avoid_for"":[""seafood_allergy"",""fatty_liver"",""high_cholesterol""]}","{""good_for"":[""low_blood_pressure""],""bad_for"":[""seafood_allergy"",""fatty_liver"",""high_cholesterol""]}","{""morning"":false,""noon"":true,""evening"":true,""midnight"":false,""hot_weather"":false,""cold_weather"":true,""rainy"":false,""sunny_strong"":false,""pre_work"":false,""post_work"":true,""post_workout"":false,""light_meal"":false,""want_hot_food"":true,""want_cold_food"":false,""in_a_hurry"":false,""on_the_go"":false,""with_friends"":true,""need_relax"":false,""portable"":false,""short_lunch_break"":false}",
586,Bò xào ớt chuông,đồ ăn,"Thịt bò, Ớt chuông, Hành tỏi","Ớt chuông (Nhiều/Ít), Hành tỏi (Nhiều/Ít/Không)","{""ớt_chuông"": [""nhiều"", ""ít""], ""hành_tỏi"": [""nhiều"", ""ít"", ""không""]}","Bò xào ớt chuông là món xào thanh, giàu đạm và vitamin từ ớt chuông. Phù hợp người thiếu máu; không phù hợp người mỡ máu cao nếu nhiều dầu.","{""type"":""đồ ăn"",""taste"":[""savory""],""ingredients"":[""thịt bò"",""ớt chuông"",""hành tỏi""],""options"":[""Ớt chuông (Nhiều/Ít)"",""Hành tỏi (Nhiều/Ít/Không)""],""suitable_for"":[""anemia""],""avoid_for"":[""fatty_liver"",""high_cholesterol""]}","{""good_for"":[""anemia""],""bad_for"":[""fatty_liver"",""high_cholesterol""]}","{""morning"":false,""noon"":true,""evening"":true,""midnight"":false,""hot_weather"":false,""cold_weather"":true,""rainy"":false,""sunny_strong"":false,""pre_work"":false,""post_work"":true,""post_workout"":false,""light_meal"":false,""want_hot_food"":true,""want_cold_food"":false,""in_a_hurry"":false,""on_the_go"":false,""with_friends"":true,""need_relax"":false,""portable"":false,""short_lunch_break"":false}",
587,Mực chiên giòn xù,đồ ăn,"Mực, Bột chiên, Dầu ăn","Bột chiên (Nhiều/Ít), Nước chấm (tương ớt/tương cà)","{""bột_chiên"": [""nhiều"", ""ít""], ""nước_chấm"": [""tương ớt"", ""tương cà""]}","Mực chiên giòn xù là món rán giòn, nhiều dầu mỡ. Không phù hợp người dị ứng hải sản, béo phì hoặc mỡ máu.","{""type"":""đồ ăn"",""taste"":[""savory""],""ingredients"":[""mực"",""bột chiên"",""dầu ăn""],""options"":[""Bột chiên (Nhiều/Ít)"",""Nước chấm (tương ớt/tương cà)""],""suitable_for"":[""low_blood_pressure""],""avoid_for"":[""seafood_allergy"",""obesity"",""fatty_liver"",""high_cholesterol""]}","{""good_for"":[""low_blood_pressure""],""bad_for"":[""seafood_allergy"",""obesity"",""fatty_liver"",""high_cholesterol""]}","{""morning"":false,""noon"":true,""evening"":true,""midnight"":false,""hot_weather"":false,""cold_weather"":true,""rainy"":false,""sunny_strong"":false,""pre_work"":false,""post_work"":true,""post_workout"":false,""light_meal"":false,""want_hot_food"":false,""want_cold_food"":true,""in_a_hurry"":false,""on_the_go"":false,""with_friends"":true,""need_relax"":false,""portable"":false,""short_lunch_break"":false}",
588,Gà chiên nước mắm tỏi,đồ ăn,"Gà, Nước mắm, Tỏi","Nước mắm (Nhiều/Ít), Tỏi (Nhiều/Ít), Ớt (Nhiều/Ít/Không)","{""nước_mắm"": [""nhiều"", ""ít""], ""tỏi"": [""nhiều"", ""ít""], ""ớt"": [""nhiều"", ""ít"", ""không""]}","Gà chiên nước mắm tỏi là món rán mặn, thơm và giòn. Phù hợp người huyết áp thấp; không phù hợp người cao huyết áp hoặc béo phì.","{""type"":""đồ ăn"",""taste"":[""salty"",""savory""],""ingredients"":[""gà"",""nước mắm"",""tỏi""],""options"":[""Nước mắm (Nhiều/Ít)"",""Tỏi (Nhiều/Ít)"",""Ớt (Nhiều/Ít/Không)""],""suitable_for"":[""low_blood_pressure""],""avoid_for"":[""high_blood_pressure"",""obesity"",""fatty_liver""]}","{""good_for"":[""low_blood_pressure""],""bad_for"":[""high_blood_pressure"",""obesity"",""fatty_liver""]}","{""morning"":false,""noon"":true,""evening"":true,""midnight"":false,""hot_weather"":false,""cold_weather"":true,""rainy"":false,""sunny_strong"":false,""pre_work"":false,""post_work"":true,""post_workout"":false,""light_meal"":false,""want_hot_food"":true,""want_cold_food"":false,""in_a_hurry"":false,""on_the_go"":false,""with_friends"":true,""need_relax"":false,""portable"":false,""short_lunch_break"":false}",
589,Đậu hũ sốt trứng muối,đồ ăn,"Đậu hũ, Trứng muối, Hành","Trứng muối (Nhiều/Ít), Hành (Nhiều/Ít/Không)","{""trứng_muối"": [""nhiều"", ""ít""], ""hành"": [""nhiều"", ""ít"", ""không""]}","Đậu hũ sốt trứng muối là món béo mặn, mềm và dễ ăn. Phù hợp người tiêu hóa kém; không phù hợp người cao huyết áp.","{""type"":""đồ ăn"",""taste"":[""savory"",""salty""],""ingredients"":[""đậu hũ"",""trứng muối"",""hành""],""options"":[""Trứng muối (Nhiều/Ít)"",""Hành (Nhiều/Ít/Không)""],""suitable_for"":[""poor_digestive_system""],""avoid_for"":[""high_blood_pressure"",""high_cholesterol""]}","{""good_for"":[""poor_digestive_system""],""bad_for"":[""high_blood_pressure"",""high_cholesterol""]}","{""morning"":false,""noon"":true,""evening"":true,""midnight"":false,""hot_weather"":false,""cold_weather"":true,""rainy"":false,""sunny_strong"":false,""pre_work"":false,""post_work"":true,""post_workout"":false,""light_meal"":false,""want_hot_food"":true,""want_cold_food"":false,""in_a_hurry"":false,""on_the_go"":false,""with_friends"":true,""need_relax"":false,""portable"":false,""short_lunch_break"":false}",
590,Nấm chiên giòn chay,đồ ăn,"Nấm, Bột chiên, Dầu ăn",Bột chiên (Nhiều/Ít),"{""bột_chiên"": [""nhiều"", ""ít""]}","Nấm chiên giòn chay là món chay rán giòn, nhiều dầu mỡ. Phù hợp người huyết áp thấp; không phù hợp người béo phì hoặc mỡ máu.","{""type"":""đồ ăn"",""taste"":[""savory""],""ingredients"":[""nấm"",""bột chiên"",""dầu ăn""],""options"":[""Bột chiên (Nhiều/Ít)""],""suitable_for"":[""low_blood_pressure""],""avoid_for"":[""obesity"",""fatty_liver"",""high_cholesterol""]}","{""good_for"":[""low_blood_pressure""],""bad_for"":[""obesity"",""fatty_liver"",""high_cholesterol""]}","{""morning"":false,""noon"":true,""evening"":true,""midnight"":false,""hot_weather"":false,""cold_weather"":true,""rainy"":false,""sunny_strong"":false,""pre_work"":false,""post_work"":true,""post_workout"":false,""light_meal"":false,""want_hot_food"":false,""want_cold_food"":true,""in_a_hurry"":false,""on_the_go"":false,""with_friends"":true,""need_relax"":false,""portable"":false,""short_lunch_break"":false}",
591,Rau củ nướng phô mai,đồ ăn,"Rau củ, Phô mai, Tiêu","Phô mai (Nhiều/Ít), Tiêu (Nhiều/Ít/Không)","{""phô_mai"": [""nhiều"", ""ít""], ""tiêu"": [""nhiều"", ""ít"", ""không""]}","Rau củ nướng phô mai là món nướng thơm, bổ sung rau và canxi. Phù hợp người thiếu canxi; không phù hợp người béo phì.","{""type"":""đồ ăn"",""taste"":[""savory""],""ingredients"":[""rau củ"",""phô mai"",""tiêu""],""options"":[""Phô mai (Nhiều/Ít)"",""Tiêu (Nhiều/Ít/Không)""],""suitable_for"":[""calcium_deficiency""],""avoid_for"":[""obesity"",""high_cholesterol""]}","{""good_for"":[""calcium_deficiency""],""bad_for"":[""obesity"",""high_cholesterol""]}","{""morning"":true,""noon"":true,""evening"":true,""midnight"":false,""hot_weather"":false,""cold_weather"":true,""rainy"":false,""sunny_strong"":false,""pre_work"":false,""post_work"":true,""post_workout"":false,""light_meal"":true,""want_hot_food"":false,""want_cold_food"":false,""in_a_hurry"":false,""on_the_go"":false,""with_friends"":true,""need_relax"":false,""portable"":false,""short_lunch_break"":false}",
592,Bò cuộn nấm kim châm,đồ ăn,"Thịt bò, Nấm kim châm, Sốt","Nấm kim châm (Nhiều/Ít), Sốt (Nhiều/Ít)","{""nấm_kim_châm"": [""nhiều"", ""ít""], ""sốt"": [""nhiều"", ""ít""]}","Bò cuộn nấm kim châm là món giàu đạm và nhẹ, dễ ăn. Phù hợp người thiếu máu; không phù hợp người mỡ máu cao nếu sốt nhiều dầu.","{""type"":""đồ ăn"",""taste"":[""savory""],""ingredients"":[""thịt bò"",""nấm kim châm"",""sốt""],""options"":[""Nấm kim châm (Nhiều/Ít)"",""Sốt (Nhiều/Ít)""],""suitable_for"":[""anemia""],""avoid_for"":[""fatty_liver"",""high_cholesterol""]}","{""good_for"":[""anemia""],""bad_for"":[""fatty_liver"",""high_cholesterol""]}","{""morning"":false,""noon"":true,""evening"":true,""midnight"":false,""hot_weather"":false,""cold_weather"":true,""rainy"":false,""sunny_strong"":false,""pre_work"":false,""post_work"":true,""post_workout"":false,""light_meal"":false,""want_hot_food"":false,""want_cold_food"":false,""in_a_hurry"":false,""on_the_go"":false,""with_friends"":true,""need_relax"":false,""portable"":false,""short_lunch_break"":false}",
593,Thịt xiên nướng mật ong,đồ ăn,"Thịt, Mật ong, Rau","Mật ong (Nhiều/Ít), Rau (Nhiều/Ít/Không)","{""mật_ong"": [""nhiều"", ""ít""], ""rau"": [""nhiều"", ""ít"", ""không""]}",Thịt xiên nướng mật ong là món ngọt thơm và nhiều năng lượng. Phù hợp người huyết áp thấp; không phù hợp người tiểu đường hoặc béo phì.,"{""type"":""đồ ăn"",""taste"":[""sweet"",""savory""],""ingredients"":[""thịt"",""mật ong"",""rau""],""options"":[""Mật ong (Nhiều/Ít)"",""Rau (Nhiều/Ít/Không)""],""suitable_for"":[""low_blood_pressure""],""avoid_for"":[""diabetes"",""obesity"",""fatty_liver""]}","{""good_for"":[""low_blood_pressure""],""bad_for"":[""diabetes"",""obesity"",""fatty_liver""]}","{""morning"":false,""noon"":true,""evening"":true,""midnight"":false,""hot_weather"":false,""cold_weather"":true,""rainy"":false,""sunny_strong"":false,""pre_work"":false,""post_work"":true,""post_workout"":false,""light_meal"":false,""want_hot_food"":true,""want_cold_food"":false,""in_a_hurry"":false,""on_the_go"":false,""with_friends"":true,""need_relax"":false,""portable"":false,""short_lunch_break"":false}",
594,Cá hấp muối ớt,đồ ăn,"Cá, Muối, Ớt, Sả","Muối (Nhiều/Ít/Không), Ớt (Nhiều/Ít/Không), Sả (Nhiều/Ít/Không)","{""muối"": [""nhiều"", ""ít"", ""không""], ""ớt"": [""nhiều"", ""ít"", ""không""], ""sả"": [""nhiều"", ""ít"", ""không""]}","Cá hấp muối ớt là món hấp thơm, nhẹ và dễ tiêu. Phù hợp người tiêu hóa kém hoặc huyết áp thấp; không phù hợp người cao huyết áp hoặc dị ứng hải sản.","{""type"":""đồ ăn"",""taste"":[""savory"",""spicy""],""ingredients"":[""cá"",""muối"",""ớt"",""sả""],""options"":[""Muối (Nhiều/Ít/Không)"",""Ớt (Nhiều/Ít/Không)"",""Sả (Nhiều/Ít/Không)""],""suitable_for"":[""poor_digestive_system"",""low_blood_pressure""],""avoid_for"":[""high_blood_pressure"",""seafood_allergy""]}","{""good_for"":[""poor_digestive_system"",""low_blood_pressure""],""bad_for"":[""high_blood_pressure"",""seafood_allergy""]}","{""morning"":false,""noon"":true,""evening"":true,""midnight"":false,""hot_weather"":false,""cold_weather"":true,""rainy"":false,""sunny_strong"":false,""pre_work"":false,""post_work"":true,""post_workout"":false,""light_meal"":false,""want_hot_food"":true,""want_cold_food"":false,""in_a_hurry"":false,""on_the_go"":false,""with_friends"":true,""need_relax"":false,""portable"":false,""short_lunch_break"":false}",
595,Nước ép cam dứa,thức uống,"Cam, Dứa, Đường, Đá","Đường (Nhiều/Ít/Không), Đá (Nhiều/Ít/Không)","{""đường"": [""nhiều"", ""ít"", ""không""], ""đá"": [""nhiều"", ""ít"", ""không""]}","Nước ép cam dứa là thức uống chua ngọt, giải nhiệt và giàu vitamin C. Phù hợp thời tiết nóng; không phù hợp người tiểu đường.","{""type"":""thức uống"",""taste"":[""sweet"",""sour""],""ingredients"":[""cam"",""dứa"",""đường"",""đá""],""options"":[""Đường (Nhiều/Ít/Không)"",""Đá (Nhiều/Ít/Không)""],""suitable_for"":[""hot_weather"",""body_heat""],""avoid_for"":[""diabetes""]}","{""good_for"":[""hot_weather"",""body_heat""],""bad_for"":[""diabetes""]}","{""morning"":true,""noon"":true,""evening"":true,""midnight"":false,""hot_weather"":true,""cold_weather"":false,""rainy"":false,""sunny_strong"":true,""pre_work"":true,""post_work"":false,""post_workout"":true,""light_meal"":true,""want_hot_food"":false,""want_cold_food"":true,""in_a_hurry"":true,""on_the_go"":true,""with_friends"":true,""need_relax"":true,""portable"":true,""short_lunch_break"":true}",
596,Nước ép bưởi,thức uống,"Bưởi, Đường, Đá","Đường (Nhiều/Ít/Không), Đá (Nhiều/Ít/Không)","{""đường"": [""nhiều"", ""ít"", ""không""], ""đá"": [""nhiều"", ""ít"", ""không""]}","Nước ép bưởi là thức uống thanh mát, hỗ trợ tiêu hóa và giải nhiệt. Phù hợp thời tiết nóng; không phù hợp người tiểu đường.","{""type"":""thức uống"",""taste"":[""sour"",""sweet""],""ingredients"":[""bưởi"",""đường"",""đá""],""options"":[""Đường (Nhiều/Ít/Không)"",""Đá (Nhiều/Ít/Không)""],""suitable_for"":[""hot_weather"",""poor_digestive_system""],""avoid_for"":[""diabetes""]}","{""good_for"":[""hot_weather"",""poor_digestive_system""],""bad_for"":[""diabetes""]}","{""morning"":true,""noon"":true,""evening"":true,""midnight"":false,""hot_weather"":true,""cold_weather"":false,""rainy"":false,""sunny_strong"":true,""pre_work"":true,""post_work"":false,""post_workout"":true,""light_meal"":true,""want_hot_food"":false,""want_cold_food"":true,""in_a_hurry"":true,""on_the_go"":true,""with_friends"":true,""need_relax"":true,""portable"":true,""short_lunch_break"":true}",
597,Nước ép dâu tây,thức uống,"Dâu tây, Đường, Đá","Đường (Nhiều/Ít/Không), Đá (Nhiều/Ít/Không)","{""đường"": [""nhiều"", ""ít"", ""không""], ""đá"": [""nhiều"", ""ít"", ""không""]}","Nước ép dâu tây là thức uống chua ngọt, mát và giàu vitamin. Phù hợp thời tiết nóng; không phù hợp người tiểu đường.","{""type"":""thức uống"",""taste"":[""sweet"",""sour""],""ingredients"":[""dâu tây"",""đường"",""đá""],""options"":[""Đường (Nhiều/Ít/Không)"",""Đá (Nhiều/Ít/Không)""],""suitable_for"":[""hot_weather"",""body_heat""],""avoid_for"":[""diabetes""]}","{""good_for"":[""hot_weather"",""body_heat""],""bad_for"":[""diabetes""]}","{""morning"":true,""noon"":true,""evening"":true,""midnight"":false,""hot_weather"":true,""cold_weather"":false,""rainy"":false,""sunny_strong"":true,""pre_work"":true,""post_work"":false,""post_workout"":true,""light_meal"":true,""want_hot_food"":false,""want_cold_food"":true,""in_a_hurry"":true,""on_the_go"":true,""with_friends"":true,""need_relax"":true,""portable"":true,""short_lunch_break"":true}",
598,Sinh tố cam xoài,thức uống,"Cam, Xoài, Sữa, Đá","Sữa (Nhiều/Ít/Không), Đá (Nhiều/Ít/Không)","{""sữa"": [""nhiều"", ""ít"", ""không""], ""đá"": [""nhiều"", ""ít"", ""không""]}","Sinh tố cam xoài là thức uống béo ngọt, giàu vitamin và năng lượng. Phù hợp thời tiết nóng; không phù hợp người tiểu đường.","{""type"":""thức uống"",""taste"":[""sweet""],""ingredients"":[""cam"",""xoài"",""sữa"",""đá""],""options"":[""Sữa (Nhiều/Ít/Không)"",""Đá (Nhiều/Ít/Không)""],""suitable_for"":[""hot_weather"",""body_heat""],""avoid_for"":[""diabetes"",""obesity""]}","{""good_for"":[""hot_weather"",""body_heat""],""bad_for"":[""diabetes"",""obesity""]}","{""morning"":true,""noon"":true,""evening"":true,""midnight"":false,""hot_weather"":true,""cold_weather"":false,""rainy"":false,""sunny_strong"":true,""pre_work"":true,""post_work"":false,""post_workout"":false,""light_meal"":true,""want_hot_food"":false,""want_cold_food"":true,""in_a_hurry"":true,""on_the_go"":true,""with_friends"":true,""need_relax"":true,""portable"":true,""short_lunch_break"":true}",
599,Sinh tố rau má,thức uống,"rau má, sữa, đá","đá (nhiều/ít), đường(nhiều/ít/không)","{""đá"": [""nhiều"", ""ít""], ""đường"": [""nhiều"", ""ít"", ""không""]}","Sinh tố rau má là thức uống mát, giải nhiệt và hỗ trợ thanh lọc. Phù hợp thời tiết nóng; không phù hợp người tiêu chảy.","{""type"":""thức uống"",""taste"":[""bitter"",""sweet""],""ingredients"":[""rau má"",""sữa"",""đá""],""options"":[""đá (nhiều/ít)"",""đường (nhiều/ít/không)""],""suitable_for"":[""hot_weather"",""body_heat""],""avoid_for"":[""diarrhea""]}","{""good_for"":[""hot_weather"",""body_heat""],""bad_for"":[""diarrhea""]}","{""morning"":true,""noon"":true,""evening"":true,""midnight"":false,""hot_weather"":true,""cold_weather"":false,""rainy"":false,""sunny_strong"":true,""pre_work"":true,""post_work"":false,""post_workout"":false,""light_meal"":true,""want_hot_food"":false,""want_cold_food"":true,""in_a_hurry"":true,""on_the_go"":true,""with_friends"":true,""need_relax"":true,""portable"":true,""short_lunch_break"":true}",
600,Sinh tố dưa hấu bạc hà,thức uống,"dưa hấu, bạc hà, sữa, đá","đá (nhiều/ít), đường(nhiều/ít/không), bạc hà (nhiều/ít), sữa (nhiều/ít)","{""đá"": [""nhiều"", ""ít""], ""đường"": [""nhiều"", ""ít"", ""không""], ""bạc_hà"": [""nhiều"", ""ít""], ""sữa"": [""nhiều"", ""ít""]}","Sinh tố dưa hấu bạc hà là thức uống mát, giải nhiệt, thơm và giúp giảm nóng. Không phù hợp người tiêu chảy.","{""type"":""thức uống"",""taste"":[""sweet"",""fresh""],""ingredients"":[""dưa hấu"",""bạc hà"",""sữa"",""đá""],""options"":[""đá (nhiều/ít)"",""đường (nhiều/ít/không)"",""bạc hà (nhiều/ít)"",""sữa (nhiều/ít)""],""suitable_for"":[""hot_weather"",""body_heat""],""avoid_for"":[""diarrhea""]}","{""good_for"":[""hot_weather"",""body_heat""],""bad_for"":[""diarrhea""]}","{""morning"":true,""noon"":true,""evening"":true,""midnight"":false,""hot_weather"":true,""cold_weather"":false,""rainy"":false,""sunny_strong"":true,""pre_work"":true,""post_work"":true,""post_workout"":false,""light_meal"":true,""want_hot_food"":false,""want_cold_food"":true,""in_a_hurry"":true,""on_the_go"":true,""with_friends"":true,""need_relax"":true,""portable"":true,""short_lunch_break"":true}",
601,Cà phê trứng,thức uống,"cà phê, trứng, sữa, đường","đường (nhiều/ít), sữa (nhiều/ít)","{""đường"": [""nhiều"", ""ít""], ""sữa"": [""nhiều"", ""ít""]}","Cà phê trứng là thức uống béo ngọt, caffein mạnh. Phù hợp người mệt mỏi cần tỉnh táo; không phù hợp người cao huyết áp, mất ngủ hoặc dạ dày yếu.","{""type"":""thức uống"",""taste"":[""sweet"",""bitter""],""caffeine"":""high"",""ingredients"":[""cà phê"",""trứng"",""sữa"",""đường""],""options"":[""đường (nhiều/ít)"",""sữa (nhiều/ít)""],""suitable_for"":[""fatigue"",""need_focus""],""avoid_for"":[""insomnia"",""heart_disease"",""high_blood_pressure"",""weak_stomach""]}","{""good_for"":[""fatigue"",""need_focus""],""bad_for"":[""insomnia"",""heart_disease"",""high_blood_pressure"",""weak_stomach""]}","{""morning"":true,""noon"":true,""evening"":false,""midnight"":false,""hot_weather"":false,""cold_weather"":true,""rainy"":true,""sunny_strong"":false,""pre_work"":true,""post_work"":false,""post_workout"":false,""light_meal"":false,""want_hot_food"":true,""want_cold_food"":false,""in_a_hurry"":true,""on_the_go"":true,""with_friends"":true,""need_relax"":false,""portable"":true,""short_lunch_break"":true}",
602,Soda chanh muối,thức uống,"Soda, Chanh, Muối, Đá","Chanh (Nhiều/Ít), Muối (Nhiều/Ít), Đá (Nhiều/Ít/Không)","{""chanh"": [""nhiều"", ""ít""], ""muối"": [""nhiều"", ""ít""], ""đá"": [""nhiều"", ""ít"", ""không""]}","Soda chanh muối là thức uống chua mặn, giải khát mạnh. Phù hợp thời tiết nóng; không phù hợp người cao huyết áp.","{""type"":""thức uống"",""taste"":[""sour"",""salty""],""ingredients"":[""soda"",""chanh"",""muối"",""đá""],""options"":[""Chanh (Nhiều/Ít)"",""Muối (Nhiều/Ít)"",""Đá (Nhiều/Ít/Không)""],""suitable_for"":[""hot_weather"",""body_heat""],""avoid_for"":[""high_blood_pressure"",""gastritis""]}","{""good_for"":[""hot_weather"",""body_heat""],""bad_for"":[""high_blood_pressure"",""gastritis""]}","{""morning"":true,""noon"":true,""evening"":true,""midnight"":false,""hot_weather"":true,""cold_weather"":false,""rainy"":false,""sunny_strong"":true,""pre_work"":false,""post_work"":true,""post_workout"":true,""light_meal"":true,""want_hot_food"":false,""want_cold_food"":true,""in_a_hurry"":true,""on_the_go"":true,""with_friends"":true,""need_relax"":true,""portable"":true,""short_lunch_break"":true}",
603,Cơm chiên chà bông,đồ ăn,"Cơm nguội, Chà bông, Trứng, Hành lá, Nước tương, Dầu mè","Chà bông (Nhiều/Ít), Hành lá (Nhiều/Ít/Không)","{""chà_bông"": [""nhiều"", ""ít""], ""hành_lá"": [""nhiều"", ""ít"", ""không""]}","Cơm chiên chà bông là món khô mặn nhẹ, tiện lợi và nhanh. Không phù hợp người cao huyết áp.","{""type"":""đồ ăn"",""taste"":[""savory"",""salty""],""ingredients"":[""cơm nguội"",""chà bông"",""trứng"",""hành lá"",""nước tương"",""dầu mè""],""options"":[""Chà bông (Nhiều/Ít)"",""Hành lá (Nhiều/Ít/Không)""],""suitable_for"":[""on_the_go"",""in_a_hurry""],""avoid_for"":[""high_blood_pressure""]}","{""good_for"":[""on_the_go"",""in_a_hurry""],""bad_for"":[""high_blood_pressure""]}","{""morning"":false,""noon"":true,""evening"":true,""midnight"":false,""hot_weather"":false,""cold_weather"":false,""rainy"":false,""sunny_strong"":false,""pre_work"":true,""post_work"":true,""post_workout"":false,""light_meal"":false,""want_hot_food"":true,""want_cold_food"":false,""in_a_hurry"":true,""on_the_go"":true,""with_friends"":false,""need_relax"":false,""portable"":true,""short_lunch_break"":true}",
604,Cơm chiên bò trứng,đồ ăn,"Cơm nguội, Thịt bò, Trứng, Hành tây, Tỏi, Hành lá","Thịt bò (Nhiều/Ít), Hành lá (Nhiều/Ít/Không)","{""thịt_bò"": [""nhiều"", ""ít""], ""hành_lá"": [""nhiều"", ""ít"", ""không""]}",Cơm chiên bò trứng là món mặn đậm đà và nhiều năng lượng. Không phù hợp người béo phì hoặc mỡ máu.,"{""type"":""đồ ăn"",""taste"":[""savory""],""ingredients"":[""cơm nguội"",""thịt bò"",""trứng"",""hành tây"",""tỏi"",""hành lá""],""options"":[""Thịt bò (Nhiều/Ít)"",""Hành lá (Nhiều/Ít/Không)""],""suitable_for"":[],""avoid_for"":[""obesity"",""fatty_liver"",""high_cholesterol""]}","{""good_for"":[],""bad_for"":[""obesity"",""fatty_liver"",""high_cholesterol""]}","{""morning"":false,""noon"":true,""evening"":true,""midnight"":false,""hot_weather"":false,""cold_weather"":false,""rainy"":false,""sunny_strong"":false,""pre_work"":false,""post_work"":true,""post_workout"":false,""light_meal"":false,""want_hot_food"":true,""want_cold_food"":false,""in_a_hurry"":false,""on_the_go"":false,""with_friends"":true,""need_relax"":false,""portable"":false,""short_lunch_break"":false}",
605,Bún chả giò tôm thịt,đồ ăn,"Bún, Chả giò, Tôm, Thịt nướng, Rau sống, Nước mắm","Rau sống (Nhiều/Ít/Không), Nước mắm (Nhiều/Ít)","{""rau_sống"": [""nhiều"", ""ít"", ""không""], ""nước_mắm"": [""nhiều"", ""ít""]}","Bún chả giò tôm thịt là món khô mặn ngọt, dễ ăn. Không phù hợp người dị ứng hải sản hoặc cao huyết áp.","{""type"":""đồ ăn"",""taste"":[""savory"",""sweet""],""ingredients"":[""bún"",""chả giò"",""tôm"",""thịt nướng"",""rau sống"",""nước mắm""],""options"":[""Rau sống (Nhiều/Ít/Không)"",""Nước mắm (Nhiều/Ít)""],""suitable_for"":[""low_blood_pressure""],""avoid_for"":[""seafood_allergy"",""high_blood_pressure"",""fatty_liver""]}","{""good_for"":[""low_blood_pressure""],""bad_for"":[""seafood_allergy"",""high_blood_pressure"",""fatty_liver""]}","{""morning"":false,""noon"":true,""evening"":true,""midnight"":false,""hot_weather"":false,""cold_weather"":true,""rainy"":false,""sunny_strong"":false,""pre_work"":false,""post_work"":true,""post_workout"":false,""light_meal"":false,""want_hot_food"":false,""want_cold_food"":true,""in_a_hurry"":false,""on_the_go"":false,""with_friends"":true,""need_relax"":false,""portable"":false,""short_lunch_break"":false}",
606,Bún mắm chay,đồ ăn,"Bún, Nước mắm chay, Nấm, Cà tím, Rau thơm","Rau thơm (Nhiều/Ít/Không), Nước mắm chay (Nhiều/Ít)","{""rau_thơm"": [""nhiều"", ""ít"", ""không""], ""nước_mắm_chay"": [""nhiều"", ""ít""]}","Bún mắm chay là món chay đậm mùi, mặn nhẹ và dễ ăn. Không phù hợp người dạ dày yếu hoặc cao huyết áp.","{""type"":""đồ ăn"",""taste"":[""savory"",""salty""],""ingredients"":[""bún"",""nước mắm chay"",""nấm"",""cà tím"",""rau thơm""],""options"":[""Rau thơm (Nhiều/Ít/Không)"",""Nước mắm chay (Nhiều/Ít)""],""suitable_for"":[""vegetarian""],""avoid_for"":[""high_blood_pressure"",""gastritis""]}","{""good_for"":[""vegetarian""],""bad_for"":[""high_blood_pressure"",""gastritis""]}","{""morning"":false,""noon"":true,""evening"":true,""midnight"":false,""hot_weather"":false,""cold_weather"":true,""rainy"":false,""sunny_strong"":false,""pre_work"":false,""post_work"":true,""post_workout"":false,""light_meal"":false,""want_hot_food"":false,""want_cold_food"":true,""in_a_hurry"":false,""on_the_go"":false,""with_friends"":true,""need_relax"":false,""portable"":false,""short_lunch_break"":false}",
607,Bún gà cà ri,đồ ăn,"Bún, Thịt gà, Nước cà ri, Khoai tây, Cà rốt, Hành tây",Rau (Nhiều/Ít/Không),"{""rau"": [""nhiều"", ""ít"", ""không""]}","Bún gà cà ri là món nước cay béo, giàu năng lượng. Không phù hợp người dạ dày yếu hoặc cao huyết áp.","{""type"":""đồ ăn"",""taste"":[""spicy"",""savory""],""ingredients"":[""bún"",""gà"",""nước cà ri"",""khoai tây"",""cà rốt"",""hành tây""],""options"":[""Rau (Nhiều/Ít/Không)""],""suitable_for"":[""low_blood_pressure""],""avoid_for"":[""gastritis"",""weak_stomach"",""high_blood_pressure""]}","{""good_for"":[""low_blood_pressure""],""bad_for"":[""gastritis"",""weak_stomach"",""high_blood_pressure""]}","{""morning"":false,""noon"":true,""evening"":true,""midnight"":false,""hot_weather"":false,""cold_weather"":true,""rainy"":true,""sunny_strong"":false,""pre_work"":false,""post_work"":true,""post_workout"":false,""light_meal"":false,""want_hot_food"":true,""want_cold_food"":false,""in_a_hurry"":false,""on_the_go"":false,""with_friends"":true,""need_relax"":false,""portable"":false,""short_lunch_break"":false}",
608,Mì xào giòn,đồ ăn,"Mì trứng chiên giòn, Hải sản, Rau cải, Cà rốt, Bông cải",Rau (Nhiều/Ít/Không),"{""rau"": [""nhiều"", ""ít"", ""không""]}","Mì xào giòn là món rán giòn, nhiều dầu, topping hải sản. Không phù hợp người dị ứng hải sản hoặc béo phì.","{""type"":""đồ ăn"",""taste"":[""savory""],""ingredients"":[""mì trứng chiên giòn"",""hải sản"",""rau cải"",""cà rốt"",""bông cải""],""options"":[""Rau (Nhiều/Ít/Không)""],""suitable_for"":[""low_blood_pressure""],""avoid_for"":[""seafood_allergy"",""obesity"",""fatty_liver""]}","{""good_for"":[""low_blood_pressure""],""bad_for"":[""seafood_allergy"",""obesity"",""fatty_liver""]}","{""morning"":false,""noon"":true,""evening"":true,""midnight"":false,""hot_weather"":false,""cold_weather"":false,""rainy"":false,""sunny_strong"":false,""pre_work"":false,""post_work"":true,""post_workout"":false,""light_meal"":false,""want_hot_food"":false,""want_cold_food"":false,""in_a_hurry"":false,""on_the_go"":false,""with_friends"":true,""need_relax"":false,""portable"":false,""short_lunch_break"":false}",
609,Mì xào trứng muối,đồ ăn,"Mì trứng, Sốt trứng muối, Tôm, Hành tỏi, Ớt","Sốt trứng muối (Nhiều/Ít), Ớt (Nhiều/Ít/Không)","{""sốt_trứng_muối"": [""nhiều"", ""ít""], ""ớt"": [""nhiều"", ""ít"", ""không""]}","Mì xào trứng muối là món béo mặn, đậm đà. Không phù hợp người cao huyết áp, béo phì hoặc dị ứng hải sản.","{""type"":""đồ ăn"",""taste"":[""savory"",""salty""],""ingredients"":[""mì trứng"",""sốt trứng muối"",""tôm"",""hành tỏi"",""ớt""],""options"":[""Sốt trứng muối (Nhiều/Ít)"",""Ớt (Nhiều/Ít/Không)""],""suitable_for"":[""low_blood_pressure""],""avoid_for"":[""high_blood_pressure"",""obesity"",""fatty_liver"",""seafood_allergy""]}","{""good_for"":[""low_blood_pressure""],""bad_for"":[""high_blood_pressure"",""obesity"",""fatty_liver"",""seafood_allergy""]}","{""morning"":false,""noon"":true,""evening"":true,""midnight"":false,""hot_weather"":false,""cold_weather"":false,""rainy"":false,""sunny_strong"":false,""pre_work"":false,""post_work"":true,""post_workout"":false,""light_meal"":false,""want_hot_food"":false,""want_cold_food"":false,""in_a_hurry"":false,""on_the_go"":false,""with_friends"":true,""need_relax"":false,""portable"":false,""short_lunch_break"":false}",
610,Mì hến cay,đồ ăn,"Mì, Hến, Hành tỏi, Ớt, Rau răm","Ớt (Nhiều/Ít/Không), Rau răm (Nhiều/Ít/Không)","{""ớt"": [""nhiều"", ""ít"", ""không""], ""rau_răm"": [""nhiều"", ""ít"", ""không""]}","Mì hến cay là món cay mặn, đậm đà. Không phù hợp người dị ứng hải sản, dạ dày yếu hoặc cao huyết áp.","{""type"":""đồ ăn"",""taste"":[""spicy"",""savory""],""ingredients"":[""mì"",""hến"",""hành tỏi"",""ớt"",""rau răm""],""options"":[""Ớt (Nhiều/Ít/Không)"",""Rau răm (Nhiều/Ít/Không)""],""suitable_for"":[""low_blood_pressure""],""avoid_for"":[""seafood_allergy"",""gastritis"",""weak_stomach"",""high_blood_pressure""]}","{""good_for"":[""low_blood_pressure""],""bad_for"":[""seafood_allergy"",""gastritis"",""weak_stomach"",""high_blood_pressure""]}","{""morning"":false,""noon"":true,""evening"":true,""midnight"":false,""hot_weather"":false,""cold_weather"":true,""rainy"":false,""sunny_strong"":false,""pre_work"":false,""post_work"":true,""post_workout"":false,""light_meal"":false,""want_hot_food"":false,""want_cold_food"":false,""in_a_hurry"":false,""on_the_go"":false,""with_friends"":true,""need_relax"":false,""portable"":false,""short_lunch_break"":false}",
611,Canh cải bó xôi thịt bằm,đồ ăn,"Cải bó xôi, Thịt bằm, Tỏi, Hành lá, Gia vị",Hành lá (Nhiều/Ít/Không),"{""hành_lá"": [""nhiều"", ""ít"", ""không""]}","Canh cải bó xôi thịt bằm là món thanh, bổ sắt và dễ tiêu. Rất phù hợp người thiếu máu và dạ dày yếu.","{""type"":""đồ ăn"",""taste"":[""savory""],""ingredients"":[""cải bó xôi"",""thịt bằm"",""tỏi"",""hành lá""],""options"":[""Hành lá (Nhiều/Ít/Không)""],""suitable_for"":[""anemia"",""poor_digestive_system"",""weak_stomach""],""avoid_for"":[]}","{""good_for"":[""anemia"",""poor_digestive_system"",""weak_stomach""],""bad_for"":[]}","{""morning"":false,""noon"":true,""evening"":true,""midnight"":false,""hot_weather"":false,""cold_weather"":true,""rainy"":true,""sunny_strong"":false,""pre_work"":false,""post_work"":true,""post_workout"":true,""light_meal"":true,""want_hot_food"":true,""want_cold_food"":false,""in_a_hurry"":false,""on_the_go"":false,""with_friends"":false,""need_relax"":false,""portable"":false,""short_lunch_break"":false}",
612,Canh mướp hương tôm,đồ ăn,"Mướp hương, Tôm tươi, Hành, Ngò, Gia vị",Hành/Ngò (Nhiều/Ít/Không),"{""hành_ngò"": [""nhiều"", ""ít"", ""không""]}","Canh mướp hương tôm là món thanh, ngọt nhẹ và dễ tiêu. Phù hợp người tiêu hóa kém; không phù hợp người dị ứng hải sản.","{""type"":""đồ ăn"",""taste"":[""savory"",""sweet""],""ingredients"":[""mướp hương"",""tôm"",""hành"",""ngò""],""options"":[""Hành/Ngò (Nhiều/Ít/Không)""],""suitable_for"":[""poor_digestive_system"",""weak_stomach""],""avoid_for"":[""seafood_allergy""]}","{""good_for"":[""poor_digestive_system"",""weak_stomach""],""bad_for"":[""seafood_allergy""]}","{""morning"":false,""noon"":true,""evening"":true,""midnight"":false,""hot_weather"":false,""cold_weather"":true,""rainy"":true,""sunny_strong"":false,""pre_work"":false,""post_work"":true,""post_workout"":true,""light_meal"":true,""want_hot_food"":true,""want_cold_food"":false,""in_a_hurry"":false,""on_the_go"":false,""with_friends"":false,""need_relax"":false,""portable"":false,""short_lunch_break"":false}",
613,Canh ngót cá chẽm,đồ ăn,"Cá chẽm, Cà chua, Hành, Cần, Rau ngót","Rau ngót (Nhiều/Ít/Không), Hành(Nhiều/Ít/Không), Cần (Nhiều/Ít/Không)","{""rau_ngót"": [""nhiều"", ""ít"", ""không""], ""hành"": [""nhiều"", ""ít"", ""không""], ""cần"": [""nhiều"", ""ít"", ""không""]}","Canh ngót cá chẽm là món nóng thanh, dễ tiêu và giàu đạm nhẹ. Phù hợp người dạ dày yếu; không phù hợp người dị ứng hải sản.","{""type"":""đồ ăn"",""taste"":[""savory"",""fresh""],""ingredients"":[""cá chẽm"",""cà chua"",""hành"",""cần"",""rau ngót""],""options"":[""Rau ngót (Nhiều/Ít/Không)"",""Hành (Nhiều/Ít/Không)"",""Cần (Nhiều/Ít/Không)""],""suitable_for"":[""poor_digestive_system"",""weak_stomach""],""avoid_for"":[""seafood_allergy""]}","{""good_for"":[""poor_digestive_system"",""weak_stomach""],""bad_for"":[""seafood_allergy""]}","{""morning"":false,""noon"":true,""evening"":true,""midnight"":false,""hot_weather"":false,""cold_weather"":true,""rainy"":true,""sunny_strong"":false,""pre_work"":false,""post_work"":true,""post_workout"":true,""light_meal"":true,""want_hot_food"":true,""want_cold_food"":false,""in_a_hurry"":false,""on_the_go"":false,""with_friends"":false,""need_relax"":false,""portable"":false,""short_lunch_break"":false}",
614,Canh rau má chay,đồ ăn,"Rau má, Nấm, Đậu hũ, Cà rốt, Hành","Nấm (Nhiều/Ít), Đậu hũ (Nhiều/Ít), Hành (Nhiều/Ít/Không)","{""nấm"": [""nhiều"", ""ít""], ""đậu_hũ"": [""nhiều"", ""ít""], ""hành"": [""nhiều"", ""ít"", ""không""]}","Canh rau má chay là món mát, thanh lọc và dễ tiêu. Không phù hợp người tiêu chảy.","{""type"":""đồ ăn"",""taste"":[""fresh"",""savory""],""ingredients"":[""rau má"",""nấm"",""đậu hũ"",""cà rốt"",""hành""],""options"":[""Nấm (Nhiều/Ít)"",""Đậu hũ (Nhiều/Ít)"",""Hành (Nhiều/Ít/Không)""],""suitable_for"":[""poor_digestive_system"",""weak_stomach"",""hot_weather""],""avoid_for"":[""diarrhea""]}","{""good_for"":[""poor_digestive_system"",""weak_stomach"",""hot_weather""],""bad_for"":[""diarrhea""]}","{""morning"":false,""noon"":true,""evening"":true,""midnight"":false,""hot_weather"":true,""cold_weather"":false,""rainy"":true,""sunny_strong"":false,""pre_work"":false,""post_work"":true,""post_workout"":true,""light_meal"":true,""want_hot_food"":true,""want_cold_food"":false,""in_a_hurry"":false,""on_the_go"":false,""with_friends"":false,""need_relax"":false,""portable"":false,""short_lunch_break"":false}",
615,Canh củ sen sườn non,đồ ăn,"Củ sen, Sườn non, Cà rốt, Hành, Gia vị",Hành (Nhiều/Ít/Không),"{""hành"": [""nhiều"", ""ít"", ""không""]}","Canh củ sen sườn non là món bổ, thanh và giúp ổn định tiêu hóa. Phù hợp người thiếu máu và dạ dày yếu.","{""type"":""đồ ăn"",""taste"":[""savory"",""sweet""],""ingredients"":[""củ sen"",""sườn non"",""cà rốt"",""hành""],""options"":[""Hành (Nhiều/Ít/Không)""],""suitable_for"":[""anemia"",""poor_digestive_system"",""weak_stomach""],""avoid_for"":[]}","{""good_for"":[""anemia"",""poor_digestive_system"",""weak_stomach""],""bad_for"":[]}","{""morning"":false,""noon"":true,""evening"":true,""midnight"":false,""hot_weather"":false,""cold_weather"":true,""rainy"":true,""sunny_strong"":false,""pre_work"":false,""post_work"":true,""post_workout"":true,""light_meal"":true,""want_hot_food"":true,""want_cold_food"":false,""in_a_hurry"":false,""on_the_go"":false,""with_friends"":false,""need_relax"":false,""portable"":false,""short_lunch_break"":false}",
616,Cá ngừ kho thơm,đồ ăn,"Cá ngừ, Thơm, Ớt, Hành tỏi, Tiêu","Thơm (Nhiều/Ít), Ớt (Nhiều/Ít/Không), Tiêu (Nhiều/Ít/Không)","{""thơm"": [""nhiều"", ""ít""], ""ớt"": [""nhiều"", ""ít"", ""không""], ""tiêu"": [""nhiều"", ""ít"", ""không""]}",Cá ngừ kho thơm là món mặn đậm nhưng dễ ăn do vị thơm chua nhẹ. Không phù hợp người cao huyết áp hoặc dị ứng hải sản.,"{""type"":""đồ ăn"",""taste"":[""savory"",""sweet"",""sour""],""ingredients"":[""cá ngừ"",""thơm"",""ớt"",""hành tỏi"",""tiêu""],""options"":[""Thơm (Nhiều/Ít)"",""Ớt (Nhiều/Ít/Không)"",""Tiêu (Nhiều/Ít/Không)""],""suitable_for"":[""low_blood_pressure""],""avoid_for"":[""high_blood_pressure"",""seafood_allergy""]}","{""good_for"":[""low_blood_pressure""],""bad_for"":[""high_blood_pressure"",""seafood_allergy""]}","{""morning"":false,""noon"":true,""evening"":true,""midnight"":false,""hot_weather"":false,""cold_weather"":true,""rainy"":false,""sunny_strong"":false,""pre_work"":false,""post_work"":true,""post_workout"":false,""light_meal"":false,""want_hot_food"":true,""want_cold_food"":false,""in_a_hurry"":false,""on_the_go"":false,""with_friends"":true,""need_relax"":false,""portable"":false,""short_lunch_break"":false}",
617,Cá bống kho tộ,đồ ăn,"Cá bống, Hành, Tiêu, Nước mắm, Ớt","Tiêu (Nhiều/Ít/Không), Ớt (Nhiều/Ít/Không)","{""tiêu"": [""nhiều"", ""ít"", ""không""], ""ớt"": [""nhiều"", ""ít"", ""không""]}","Cá bống kho tộ là món mặn đậm và thơm, ăn đưa cơm. Không phù hợp người cao huyết áp.","{""type"":""đồ ăn"",""taste"":[""salty"",""savory""],""ingredients"":[""cá bống"",""hành"",""tiêu"",""nước mắm"",""ớt""],""options"":[""Tiêu (Nhiều/Ít/Không)"",""Ớt (Nhiều/Ít/Không)""],""suitable_for"":[""low_blood_pressure""],""avoid_for"":[""high_blood_pressure"",""seafood_allergy""]}","{""good_for"":[""low_blood_pressure""],""bad_for"":[""high_blood_pressure"",""seafood_allergy""]}","{""morning"":false,""noon"":true,""evening"":true,""midnight"":false,""hot_weather"":false,""cold_weather"":true,""rainy"":false,""sunny_strong"":false,""pre_work"":false,""post_work"":true,""post_workout"":false,""light_meal"":false,""want_hot_food"":true,""want_cold_food"":false,""in_a_hurry"":false,""on_the_go"":false,""with_friends"":true,""need_relax"":false,""portable"":false,""short_lunch_break"":false}",
618,Thịt heo kho gừng,đồ ăn,"Thịt heo, Gừng, Hành tỏi, Nước mắm, Tiêu","Gừng (Nhiều/Ít), Tiêu (Nhiều/Ít/Không)","{""gừng"": [""nhiều"", ""ít""], ""tiêu"": [""nhiều"", ""ít"", ""không""]}","Thịt heo kho gừng là món ấm, chống lạnh và dễ tiêu. Không phù hợp người cao huyết áp.","{""type"":""đồ ăn"",""taste"":[""savory"",""spicy""],""ingredients"":[""thịt heo"",""gừng"",""hành tỏi"",""nước mắm"",""tiêu""],""options"":[""Gừng (Nhiều/Ít)"",""Tiêu (Nhiều/Ít/Không)""],""suitable_for"":[""poor_digestive_system"",""cold_weather""],""avoid_for"":[""high_blood_pressure"",""heart_disease""]}","{""good_for"":[""poor_digestive_system"",""cold_weather""],""bad_for"":[""high_blood_pressure"",""heart_disease""]}","{""morning"":false,""noon"":true,""evening"":true,""midnight"":false,""hot_weather"":false,""cold_weather"":true,""rainy"":false,""sunny_strong"":false,""pre_work"":false,""post_work"":true,""post_workout"":false,""light_meal"":false,""want_hot_food"":true,""want_cold_food"":false,""in_a_hurry"":false,""on_the_go"":false,""with_friends"":true,""need_relax"":false,""portable"":false,""short_lunch_break"":false}",
619,Bò kho tiêu,đồ ăn,"Thịt bò, Tiêu, Hành, Tỏi, Nước tương","Tiêu (Nhiều/Ít), Hành/Tỏi (Nhiều/Ít/Không)","{""tiêu"": [""nhiều"", ""ít""], ""hành_tỏi"": [""nhiều"", ""ít"", ""không""]}","Bò kho tiêu là món đậm đà, hơi cay ấm. Không phù hợp người cao huyết áp hoặc bệnh tim.","{""type"":""đồ ăn"",""taste"":[""savory"",""spicy""],""ingredients"":[""thịt bò"",""tiêu"",""hành"",""tỏi"",""nước tương""],""options"":[""Tiêu (Nhiều/Ít)"",""Hành/Tỏi (Nhiều/Ít/Không)""],""suitable_for"":[""low_blood_pressure""],""avoid_for"":[""high_blood_pressure"",""heart_disease"",""fatty_liver""]}","{""good_for"":[""low_blood_pressure""],""bad_for"":[""high_blood_pressure"",""heart_disease"",""fatty_liver""]}","{""morning"":false,""noon"":true,""evening"":true,""midnight"":false,""hot_weather"":false,""cold_weather"":true,""rainy"":false,""sunny_strong"":false,""pre_work"":false,""post_work"":true,""post_workout"":false,""light_meal"":false,""want_hot_food"":true,""want_cold_food"":false,""in_a_hurry"":false,""on_the_go"":false,""with_friends"":true,""need_relax"":false,""portable"":false,""short_lunch_break"":false}",
620,Tôm xào trứng muối,đồ ăn,"Tôm, Trứng muối, Hành tỏi, Ớt, Dầu hào","Trứng muối (Nhiều/Ít), Dầu hào (Nhiều/Ít), Ớt (Nhiều/Ít/Không)","{""trứng_muối"": [""nhiều"", ""ít""], ""dầu_hào"": [""nhiều"", ""ít""], ""ớt"": [""nhiều"", ""ít"", ""không""]}","Tôm xào trứng muối là món béo mặn, đậm đà. Không phù hợp người cao huyết áp, dị ứng hải sản hoặc béo phì.","{""type"":""đồ ăn"",""taste"":[""savory"",""salty""],""ingredients"":[""tôm"",""trứng muối"",""hành tỏi"",""ớt"",""dầu hào""],""options"":[""Trứng muối (Nhiều/Ít)"",""Dầu hào (Nhiều/Ít)"",""Ớt (Nhiều/Ít/Không)""],""suitable_for"":[""low_blood_pressure""],""avoid_for"":[""high_blood_pressure"",""seafood_allergy"",""obesity"",""fatty_liver""]}","{""good_for"":[""low_blood_pressure""],""bad_for"":[""high_blood_pressure"",""seafood_allergy"",""obesity"",""fatty_liver""]}","{""morning"":false,""noon"":true,""evening"":true,""midnight"":false,""hot_weather"":false,""cold_weather"":false,""rainy"":false,""sunny_strong"":false,""pre_work"":false,""post_work"":true,""post_workout"":false,""light_meal"":false,""want_hot_food"":false,""want_cold_food"":false,""in_a_hurry"":false,""on_the_go"":false,""with_friends"":true,""need_relax"":false,""portable"":false,""short_lunch_break"":false}",
621,Mực xào hành tỏi,đồ ăn,"Mực, Hành, Tỏi, Dầu ăn, Gia vị","Hành (Nhiều/Ít/Không), Tỏi (Nhiều/Ít)","{""hành"": [""nhiều"", ""ít"", ""không""], ""tỏi"": [""nhiều"", ""ít""]}","Mực xào hành tỏi là món mặn nhẹ, thơm và giàu đạm. Không phù hợp người dị ứng hải sản.","{""type"":""đồ ăn"",""taste"":[""savory""],""ingredients"":[""mực"",""hành"",""tỏi"",""dầu ăn""],""options"":[""Hành (Nhiều/Ít/Không)"",""Tỏi (Nhiều/Ít)""],""suitable_for"":[""low_blood_pressure""],""avoid_for"":[""seafood_allergy""]}","{""good_for"":[""low_blood_pressure""],""bad_for"":[""seafood_allergy""]}","{""morning"":false,""noon"":true,""evening"":true,""midnight"":false,""hot_weather"":false,""cold_weather"":false,""rainy"":false,""sunny_strong"":false,""pre_work"":false,""post_work"":true,""post_workout"":false,""light_meal"":false,""want_hot_food"":false,""want_cold_food"":false,""in_a_hurry"":false,""on_the_go"":false,""with_friends"":true,""need_relax"":false,""portable"":false,""short_lunch_break"":false}",
622,Gà chiên giòn sốt cay,đồ ăn,"Gà chiên, Sốt cay, Tỏi, Ớt, Hành","Sốt cay (Nhiều/Ít), Hành (Nhiều/Ít/Không), Ớt (Nhiều/Ít/Không)","{""sốt_cay"": [""nhiều"", ""ít""], ""hành"": [""nhiều"", ""ít"", ""không""], ""ớt"": [""nhiều"", ""ít"", ""không""]}","Gà chiên sốt cay là món chiên béo và cay. Không phù hợp người dạ dày yếu, cao huyết áp hoặc béo phì.","{""type"":""đồ ăn"",""taste"":[""spicy"",""savory""],""ingredients"":[""gà chiên"",""sốt cay"",""tỏi"",""ớt"",""hành""],""options"":[""Sốt cay (Nhiều/Ít)"",""Hành (Nhiều/Ít/Không)"",""Ớt (Nhiều/Ít/Không)""],""suitable_for"":[""low_blood_pressure""],""avoid_for"":[""gastritis"",""weak_stomach"",""high_blood_pressure"",""obesity"",""fatty_liver""]}","{""good_for"":[""low_blood_pressure""],""bad_for"":[""gastritis"",""weak_stomach"",""high_blood_pressure"",""obesity"",""fatty_liver""]}","{""morning"":false,""noon"":true,""evening"":true,""midnight"":false,""hot_weather"":false,""cold_weather"":false,""rainy"":false,""sunny_strong"":false,""pre_work"":false,""post_work"":true,""post_workout"":false,""light_meal"":false,""want_hot_food"":false,""want_cold_food"":false,""in_a_hurry"":false,""on_the_go"":false,""with_friends"":true,""need_relax"":false,""portable"":false,""short_lunch_break"":false}",
623,Đậu hũ sốt nấm đông cô,đồ ăn,"Đậu hũ, Nấm đông cô, Hành, Dầu hào, Tỏi","Hành (Nhiều/Ít/Không), Dầu hào(Nhiều/Ít)","{""hành"": [""nhiều"", ""ít"", ""không""], ""dầu_hào"": [""nhiều"", ""ít""]}","Đậu hũ sốt nấm đông cô là món chay mềm, dễ tiêu. Phù hợp người hệ tiêu hóa kém.","{""type"":""đồ ăn"",""taste"":[""savory""],""ingredients"":[""đậu hũ"",""nấm đông cô"",""hành"",""dầu hào"",""tỏi""],""options"":[""Hành (Nhiều/Ít/Không)"",""Dầu hào (Nhiều/Ít)""],""suitable_for"":[""poor_digestive_system"",""weak_stomach"",""vegetarian""],""avoid_for"":[]}","{""good_for"":[""poor_digestive_system"",""weak_stomach"",""vegetarian""],""bad_for"":[]}","{""morning"":false,""noon"":true,""evening"":true,""midnight"":false,""hot_weather"":false,""cold_weather"":true,""rainy"":true,""sunny_strong"":false,""pre_work"":false,""post_work"":true,""post_workout"":true,""light_meal"":true,""want_hot_food"":true,""want_cold_food"":false,""in_a_hurry"":false,""on_the_go"":false,""with_friends"":false,""need_relax"":false,""portable"":false,""short_lunch_break"":false}",
624,Đậu hũ hấp trứng,đồ ăn,"Đậu hũ, Trứng, Hành lá, Xì dầu","Trứng (Nhiều/Ít), Hành lá (Nhiều/Ít/Không)","{""trứng"": [""nhiều"", ""ít""], ""hành_lá"": [""nhiều"", ""ít"", ""không""]}","Đậu hũ hấp trứng là món mềm, bổ, dễ tiêu. Phù hợp người dạ dày yếu hoặc hệ tiêu hóa kém.","{""type"":""đồ ăn"",""taste"":[""savory""],""ingredients"":[""đậu hũ"",""trứng"",""hành lá"",""xì dầu""],""options"":[""Trứng (Nhiều/Ít)"",""Hành lá (Nhiều/Ít/Không)""],""suitable_for"":[""poor_digestive_system"",""weak_stomach"",""anemia""],""avoid_for"":[]}","{""good_for"":[""poor_digestive_system"",""weak_stomach"",""anemia""],""bad_for"":[]}","{""morning"":true,""noon"":true,""evening"":true,""midnight"":false,""hot_weather"":false,""cold_weather"":true,""rainy"":true,""sunny_strong"":false,""pre_work"":false,""post_work"":true,""post_workout"":true,""light_meal"":true,""want_hot_food"":true,""want_cold_food"":false,""in_a_hurry"":true,""on_the_go"":true,""with_friends"":false,""need_relax"":false,""portable"":true,""short_lunch_break"":true}",
625,Thịt heo nướng riềng,đồ ăn,"Thịt heo, Riềng, Tỏi, Ớt, Sả","Riềng (Nhiều/Ít), Ớt (Nhiều/Ít/Không)","{""riềng"": [""nhiều"", ""ít""], ""ớt"": [""nhiều"", ""ít"", ""không""]}","Thịt heo nướng riềng là món đậm đà, thơm và hơi cay ấm. Không phù hợp người dạ dày yếu hoặc cao huyết áp.","{""type"":""đồ ăn"",""taste"":[""savory"",""spicy""],""ingredients"":[""thịt heo"",""riềng"",""tỏi"",""ớt"",""sả""],""options"":[""Riềng (Nhiều/Ít)"",""Ớt (Nhiều/Ít/Không)""],""suitable_for"":[""low_blood_pressure""],""avoid_for"":[""gastritis"",""weak_stomach"",""high_blood_pressure""]}","{""good_for"":[""low_blood_pressure""],""bad_for"":[""gastritis"",""weak_stomach"",""high_blood_pressure""]}","{""morning"":false,""noon"":true,""evening"":true,""midnight"":false,""hot_weather"":false,""cold_weather"":true,""rainy"":false,""sunny_strong"":false,""pre_work"":false,""post_work"":true,""post_workout"":false,""light_meal"":false,""want_hot_food"":true,""want_cold_food"":false,""in_a_hurry"":false,""on_the_go"":false,""with_friends"":true,""need_relax"":false,""portable"":false,""short_lunch_break"":false}",
626,Thịt bò nướng mật ong,đồ ăn,"Thịt bò, Mật ong, Tiêu, Hành, Tỏi","Đường (Nhiều/Ít), Tiêu (Nhiều/Ít/Không)","{""đường"": [""nhiều"", ""ít""], ""tiêu"": [""nhiều"", ""ít"", ""không""]}","Thịt bò nướng mật ong là món thơm ngọt, giàu năng lượng. Không phù hợp người tiểu đường hoặc béo phì.","{""type"":""đồ ăn"",""taste"":[""sweet"",""savory""],""ingredients"":[""thịt bò"",""mật ong"",""tiêu"",""hành"",""tỏi""],""options"":[""Đường (Nhiều/Ít)"",""Tiêu (Nhiều/Ít/Không)""],""suitable_for"":[""low_blood_pressure"",""fatigue""],""avoid_for"":[""diabetes"",""obesity"",""fatty_liver""]}","{""good_for"":[""low_blood_pressure"",""fatigue""],""bad_for"":[""diabetes"",""obesity"",""fatty_liver""]}","{""morning"":false,""noon"":true,""evening"":true,""midnight"":false,""hot_weather"":false,""cold_weather"":true,""rainy"":false,""sunny_strong"":false,""pre_work"":false,""post_work"":true,""post_workout"":false,""light_meal"":false,""want_hot_food"":true,""want_cold_food"":false,""in_a_hurry"":false,""on_the_go"":false,""with_friends"":true,""need_relax"":false,""portable"":false,""short_lunch_break"":false}",
627,Nấm nướng muối ớt,đồ ăn,"Nấm, Muối ớt, Bơ, Hành","Muối ớt(Nhiều/Ít), Hành (Nhiều/Ít/Không)","{""muối_ớt"": [""nhiều"", ""ít""], ""hành"": [""nhiều"", ""ít"", ""không""]}","Nấm nướng muối ớt là món cay mặn, ít dầu và phù hợp người ăn chay cay nhẹ. Không phù hợp người cao huyết áp.","{""type"":""đồ ăn"",""taste"":[""spicy"",""salty""],""ingredients"":[""nấm"",""muối ớt"",""bơ"",""hành""],""options"":[""Muối ớt (Nhiều/Ít)"",""Hành (Nhiều/Ít/Không)""],""suitable_for"":[""vegetarian"",""low_blood_pressure""],""avoid_for"":[""high_blood_pressure""]}","{""good_for"":[""vegetarian"",""low_blood_pressure""],""bad_for"":[""high_blood_pressure""]}","{""morning"":false,""noon"":true,""evening"":true,""midnight"":false,""hot_weather"":false,""cold_weather"":false,""rainy"":false,""sunny_strong"":false,""pre_work"":false,""post_work"":true,""post_workout"":false,""light_meal"":true,""want_hot_food"":false,""want_cold_food"":false,""in_a_hurry"":false,""on_the_go"":false,""with_friends"":true,""need_relax"":false,""portable"":false,""short_lunch_break"":false}",
628,Rau củ xào nấm hương,đồ ăn,"Bông cải, Cà rốt, Nấm hương, Hành, Tỏi","Bông cải(Nhiều/Ít/Không), Cà rốt (Nhiều/Ít/Không), Hành (Nhiều/Ít/Không)","{""bông_cải"": [""nhiều"", ""ít"", ""không""], ""cà_rốt"": [""nhiều"", ""ít"", ""không""], ""hành"": [""nhiều"", ""ít"", ""không""]}","Rau củ xào nấm hương là món nhẹ, nhiều chất xơ và dễ tiêu. Phù hợp người tiêu hóa kém.","{""type"":""đồ ăn"",""taste"":[""savory""],""ingredients"":[""bông cải"",""cà rốt"",""nấm hương"",""hành"",""tỏi""],""options"":[""Bông cải (Nhiều/Ít/Không)"",""Cà rốt (Nhiều/Ít/Không)"",""Hành (Nhiều/Ít/Không)""],""suitable_for"":[""poor_digestive_system"",""weak_stomach"",""vegetarian""],""avoid_for"":[]}","{""good_for"":[""poor_digestive_system"",""weak_stomach"",""vegetarian""],""bad_for"":[]}","{""morning"":true,""noon"":true,""evening"":true,""midnight"":false,""hot_weather"":false,""cold_weather"":true,""rainy"":true,""sunny_strong"":false,""pre_work"":true,""post_work"":true,""post_workout"":true,""light_meal"":true,""want_hot_food"":true,""want_cold_food"":false,""in_a_hurry"":false,""on_the_go"":true,""with_friends"":false,""need_relax"":false,""portable"":true,""short_lunch_break"":true}",
629,Bắp xào hành tỏi,đồ ăn,"Bắp, Hành, Tỏi, Bơ, Ruốc","Bơ (Nhiều/Ít), Hành (Nhiều/Ít/Không)","{""bơ"": [""nhiều"", ""ít""], ""hành"": [""nhiều"", ""ít"", ""không""]}","Bắp xào hành tỏi là món béo thơm, ngọt và hơi nặng bụng. Không phù hợp người hệ tiêu hóa kém.","{""type"":""đồ ăn"",""taste"":[""sweet"",""savory""],""ingredients"":[""bắp"",""hành"",""tỏi"",""bơ"",""ruốc""],""options"":[""Bơ (Nhiều/Ít)"",""Hành (Nhiều/Ít/Không)""],""suitable_for"":[""low_blood_pressure""],""avoid_for"":[""poor_digestive_system"",""weak_stomach"",""obesity""]}","{""good_for"":[""low_blood_pressure""],""bad_for"":[""poor_digestive_system"",""weak_stomach"",""obesity""]}","{""morning"":false,""noon"":true,""evening"":true,""midnight"":false,""hot_weather"":false,""cold_weather"":false,""rainy"":false,""sunny_strong"":false,""pre_work"":false,""post_work"":true,""post_workout"":false,""light_meal"":false,""want_hot_food"":false,""want_cold_food"":false,""in_a_hurry"":false,""on_the_go"":false,""with_friends"":true,""need_relax"":false,""portable"":false,""short_lunch_break"":false}",
630,Bánh nếp nhân dừa,đồ ăn,"Bột nếp, Dừa nạo, Đường, Mè rang","Đường (Nhiều/Ít), Mè rang (Nhiều/Ít/Không)","{""đường"": [""nhiều"", ""ít""], ""mè_rang"": [""nhiều"", ""ít"", ""không""]}","Bánh nếp nhân dừa là món ngọt béo, no lâu. Không phù hợp người tiểu đường hoặc béo phì.","{""type"":""đồ ăn"",""taste"":[""sweet""],""ingredients"":[""bột nếp"",""dừa"",""đường"",""mè rang""],""options"":[""Đường (Nhiều/Ít)"",""Mè rang (Nhiều/Ít/Không)""],""suitable_for"":[""low_blood_pressure""],""avoid_for"":[""diabetes"",""obesity"",""fatty_liver""]}","{""good_for"":[""low_blood_pressure""],""bad_for"":[""diabetes"",""obesity"",""fatty_liver""]}","{""morning"":true,""noon"":true,""evening"":true,""midnight"":false,""hot_weather"":false,""cold_weather"":false,""rainy"":false,""sunny_strong"":false,""pre_work"":false,""post_work"":false,""post_workout"":false,""light_meal"":false,""want_hot_food"":false,""want_cold_food"":false,""in_a_hurry"":false,""on_the_go"":false,""with_friends"":true,""need_relax"":false,""portable"":false,""short_lunch_break"":false}",
631,Bánh chuối dừa nướng,đồ ăn,"Chuối, Dừa, Sữa, Bột mì, Trứng","Dừa (Nhiều/Ít), Đường (Nhiều/Ít)","{""dừa"": [""nhiều"", ""ít""], ""đường"": [""nhiều"", ""ít""]}","Bánh chuối dừa nướng là món ngọt béo, thơm và dễ ăn. Phù hợp người muốn bổ năng lượng; không phù hợp người tiểu đường hoặc béo phì.","{""type"":""đồ ăn"",""taste"":[""sweet""],""ingredients"":[""chuối"",""dừa"",""sữa"",""bột mì"",""trứng""],""options"":[""Dừa (Nhiều/Ít)"",""Đường (Nhiều/Ít)""],""suitable_for"":[""fatigue"",""need_energy""],""avoid_for"":[""diabetes"",""obesity""]}","{""good_for"":[""fatigue"",""need_energy""],""bad_for"":[""diabetes"",""obesity""]}","{""morning"":true,""noon"":true,""evening"":true,""midnight"":false,""hot_weather"":false,""cold_weather"":false,""rainy"":false,""sunny_strong"":false,""pre_work"":false,""post_work"":true,""post_workout"":false,""light_meal"":false,""want_hot_food"":false,""want_cold_food"":false,""in_a_hurry"":false,""on_the_go"":false,""with_friends"":true,""need_relax"":true,""portable"":true,""short_lunch_break"":false}",
632,Chè sen nhãn nhục,đồ ăn,"Hạt sen, Nhãn nhục, Đường phèn, Táo tàu","Đường phèn (Nhiều/Ít), Đá (Nhiều/Ít/Không)","{""đường_phèn"": [""nhiều"", ""ít""], ""đá"": [""nhiều"", ""ít"", ""không""]}","Chè sen nhãn nhục là món ngọt ấm, bổ an thần và dễ ăn. Phù hợp người cần ngủ ngon; không phù hợp người tiểu đường.","{""type"":""đồ ăn"",""taste"":[""sweet""],""ingredients"":[""hạt sen"",""nhãn nhục"",""đường phèn"",""táo tàu""],""options"":[""Đường phèn (Nhiều/Ít)"",""Đá (Nhiều/Ít/Không)""],""suitable_for"":[""need_relax"",""sleep_support""],""avoid_for"":[""diabetes""]}","{""good_for"":[""need_relax"",""sleep_support""],""bad_for"":[""diabetes""]}","{""morning"":true,""noon"":true,""evening"":true,""midnight"":false,""hot_weather"":false,""cold_weather"":true,""rainy"":false,""sunny_strong"":false,""pre_work"":false,""post_work"":true,""post_workout"":false,""light_meal"":true,""want_hot_food"":true,""want_cold_food"":false,""in_a_hurry"":false,""on_the_go"":false,""with_friends"":true,""need_relax"":true,""portable"":true,""short_lunch_break"":false}",
633,Nước ép táo cần tây,thức uống,"Táo, Cần tây, Mật ong, Đá","Mật ong (Nhiều/Ít), Đá (Nhiều/Ít/Không)","{""mật_ong"": [""nhiều"", ""ít""], ""đá"": [""nhiều"", ""ít"", ""không""]}","Nước ép táo cần tây là thức uống thanh mát, giàu vitamin và hỗ trợ giải độc. Phù hợp thời tiết nóng; không phù hợp người huyết áp thấp khi thêm nhiều muối/mật ong.","{""type"":""thức uống"",""taste"":[""sweet"",""fresh""],""ingredients"":[""táo"",""cần tây"",""mật ong"",""đá""],""options"":[""Mật ong (Nhiều/Ít)"",""Đá (Nhiều/Ít/Không)""],""suitable_for"":[""hot_weather"",""detox""],""avoid_for"":[""hypotension_when_over_salted""]}","{""good_for"":[""hot_weather"",""detox""],""bad_for"":[""hypotension_when_over_salted""]}","{""morning"":true,""noon"":true,""evening"":true,""midnight"":false,""hot_weather"":true,""cold_weather"":false,""rainy"":false,""sunny_strong"":true,""pre_work"":true,""post_work"":false,""post_workout"":true,""light_meal"":true,""want_hot_food"":false,""want_cold_food"":true,""in_a_hurry"":true,""on_the_go"":true,""with_friends"":true,""need_relax"":true,""portable"":true,""short_lunch_break"":true}",
634,Nước ép thanh long,thức uống,"Thanh long, Chanh, Mật ong, Đá","Mật ong (Nhiều/Ít), Đá (Nhiều/Ít/Không)","{""mật_ong"": [""nhiều"", ""ít""], ""đá"": [""nhiều"", ""ít"", ""không""]}","Nước ép thanh long là thức uống mát, ít béo và giàu vitamin. Phù hợp thời tiết nóng; không phù hợp người tiểu đường nếu thêm nhiều đường/mật ong.","{""type"":""thức uống"",""taste"":[""sweet"",""fresh""],""ingredients"":[""thanh long"",""chanh"",""mật ong"",""đá""],""options"":[""Mật ong (Nhiều/Ít)"",""Đá (Nhiều/Ít/Không)""],""suitable_for"":[""hot_weather"",""body_heat""],""avoid_for"":[""diabetes""]}","{""good_for"":[""hot_weather"",""body_heat""],""bad_for"":[""diabetes""]}","{""morning"":true,""noon"":true,""evening"":true,""midnight"":false,""hot_weather"":true,""cold_weather"":false,""rainy"":false,""sunny_strong"":true,""pre_work"":true,""post_work"":false,""post_workout"":true,""light_meal"":true,""want_hot_food"":false,""want_cold_food"":true,""in_a_hurry"":true,""on_the_go"":true,""with_friends"":true,""need_relax"":true,""portable"":true,""short_lunch_break"":true}",
635,Nước ép dâu tằm,thức uống,"Dâu tằm, Chanh, Đường, Đá","Đường (Nhiều/Ít), Đá (Nhiều/Ít/Không)","{""đường"": [""nhiều"", ""ít""], ""đá"": [""nhiều"", ""ít"", ""không""]}","Nước ép dâu tằm là thức uống chua ngọt, giàu vitamin. Phù hợp thời tiết nóng; không phù hợp người tiểu đường.","{""type"":""thức uống"",""taste"":[""sweet"",""sour""],""ingredients"":[""dâu tằm"",""chanh"",""đường"",""đá""],""options"":[""Đường (Nhiều/Ít)"",""Đá (Nhiều/Ít/Không)""],""suitable_for"":[""hot_weather"",""body_heat""],""avoid_for"":[""diabetes""]}","{""good_for"":[""hot_weather"",""body_heat""],""bad_for"":[""diabetes""]}","{""morning"":true,""noon"":true,""evening"":true,""midnight"":false,""hot_weather"":true,""cold_weather"":false,""rainy"":false,""sunny_strong"":true,""pre_work"":true,""post_work"":false,""post_workout"":true,""light_meal"":true,""want_hot_food"":false,""want_cold_food"":true,""in_a_hurry"":true,""on_the_go"":true,""with_friends"":true,""need_relax"":true,""portable"":true,""short_lunch_break"":true}",
636,Nước ép cà rốt cam,thức uống,"Cà rốt, Cam, Mật ong, Đá","Mật ong (Nhiều/Ít), Đá (Nhiều/Ít/Không)","{""mật_ong"": [""nhiều"", ""ít""], ""đá"": [""nhiều"", ""ít"", ""không""]}","Nước ép cà rốt cam là thức uống giàu vitamin A/C, tốt cho mắt và da. Phù hợp thời tiết nóng; không phù hợp người tiểu đường nếu thêm đường.","{""type"":""thức uống"",""taste"":[""sweet""],""ingredients"":[""cà rốt"",""cam"",""mật ong"",""đá""],""options"":[""Mật ong (Nhiều/Ít)"",""Đá (Nhiều/Ít/Không)""],""suitable_for"":[""hot_weather"",""eye_health""],""avoid_for"":[""diabetes""]}","{""good_for"":[""hot_weather"",""eye_health""],""bad_for"":[""diabetes""]}","{""morning"":true,""noon"":true,""evening"":true,""midnight"":false,""hot_weather"":true,""cold_weather"":false,""rainy"":false,""sunny_strong"":true,""pre_work"":true,""post_work"":false,""post_workout"":true,""light_meal"":true,""want_hot_food"":false,""want_cold_food"":true,""in_a_hurry"":true,""on_the_go"":true,""with_friends"":true,""need_relax"":true,""portable"":true,""short_lunch_break"":true}",
637,Sinh tố chanh dây,thức uống,"Chanh dây, Sữa, Đá, Mật ong","Mật ong (Nhiều/Ít), Đá (Nhiều/Ít/Không)","{""mật_ong"": [""nhiều"", ""ít""], ""đá"": [""nhiều"", ""ít"", ""không""]}","Sinh tố chanh dây là thức uống chua ngọt, thơm và giàu vitamin C. Phù hợp thời tiết nóng; không phù hợp người dạ dày yếu hoặc tiểu đường.","{""type"":""thức uống"",""taste"":[""sweet"",""sour""],""ingredients"":[""chanh dây"",""sữa"",""đá"",""mật ong""],""options"":[""Mật ong (Nhiều/Ít)"",""Đá (Nhiều/Ít/Không)""],""suitable_for"":[""hot_weather"",""body_heat""],""avoid_for"":[""weak_stomach"",""diabetes""]}","{""good_for"":[""hot_weather"",""body_heat""],""bad_for"":[""weak_stomach"",""diabetes""]}","{""morning"":true,""noon"":true,""evening"":true,""midnight"":false,""hot_weather"":true,""cold_weather"":false,""rainy"":false,""sunny_strong"":true,""pre_work"":true,""post_work"":false,""post_workout"":false,""light_meal"":true,""want_hot_food"":false,""want_cold_food"":true,""in_a_hurry"":true,""on_the_go"":true,""with_friends"":true,""need_relax"":true,""portable"":true,""short_lunch_break"":true}",
638,Sinh tố đậu nành,thức uống,"Đậu nành, Sữa đặc, Đường, Đá","Đường/Sữa đặc (Nhiều/Ít), Đá (Nhiều/Ít/Không)","{""đường_sữa_đặc"": [""nhiều"", ""ít""], ""đá"": [""nhiều"", ""ít"", ""không""]}","Sinh tố đậu nành là thức uống giàu đạm thực vật, béo nhẹ và mát. Phù hợp người cần bổ sung đạm; không phù hợp người tiểu đường khi thêm nhiều đường.","{""type"":""thức uống"",""taste"":[""sweet""],""ingredients"":[""đậu nành"",""sữa đặc"",""đường"",""đá""],""options"":[""Đường/Sữa đặc (Nhiều/Ít)"",""Đá (Nhiều/Ít/Không)""],""suitable_for"":[],""avoid_for"":[""diabetes""]}","{""good_for"":[],""bad_for"":[""diabetes""]}","{""morning"":true,""noon"":true,""evening"":true,""midnight"":false,""hot_weather"":false,""cold_weather"":false,""rainy"":false,""sunny_strong"":false,""pre_work"":true,""post_work"":false,""post_workout"":false,""light_meal"":true,""want_hot_food"":false,""want_cold_food"":true,""in_a_hurry"":true,""on_the_go"":true,""with_friends"":true,""need_relax"":true,""portable"":true,""short_lunch_break"":true}",
639,Sinh tố bơ cà phê,thức uống,"Bơ, Cà phê, Sữa, Đá",Đá (Nhiều/Ít/Không),"{""đá"": [""nhiều"", ""ít"", ""không""]}","Sinh tố bơ cà phê là thức uống béo có caffein, thơm và giàu năng lượng. Phù hợp người cần tỉnh táo; không phù hợp người mất ngủ hoặc dạ dày yếu.","{""type"":""thức uống"",""taste"":[""sweet"",""bitter""],""caffeine"":""medium"",""ingredients"":[""bơ"",""cà phê"",""sữa"",""đá""],""options"":[""Đá (Nhiều/Ít/Không)""],""suitable_for"":[""need_focus"",""fatigue""],""avoid_for"":[""insomnia"",""weak_stomach"",""heart_disease""]}","{""good_for"":[""need_focus"",""fatigue""],""bad_for"":[""insomnia"",""weak_stomach"",""heart_disease""]}","{""morning"":true,""noon"":true,""evening"":false,""midnight"":false,""hot_weather"":true,""cold_weather"":false,""rainy"":false,""sunny_strong"":true,""pre_work"":true,""post_work"":false,""post_workout"":false,""light_meal"":false,""want_hot_food"":false,""want_cold_food"":true,""in_a_hurry"":true,""on_the_go"":true,""with_friends"":true,""need_relax"":false,""portable"":true,""short_lunch_break"":true}",
640,Cơm chiên rau củ,đồ ăn,"Cơm, Cà rốt, Đậu Hà Lan, Bắp, Trứng, Hành lá","Trứng (Nhiều/Ít/Không), Rau củ (Nhiều/Ít/Không), Ớt (Nhiều/Ít/Không)","{""trứng"": [""nhiều"", ""ít"", ""không""], ""rau_củ"": [""nhiều"", ""ít"", ""không""], ""ớt"": [""nhiều"", ""ít"", ""không""]}","Cơm chiên rau củ là món cân bằng, nhiều rau và dễ ăn. Phù hợp người cần bữa tiện lợi và người tiêu hóa kém nếu dầu ít.","{""type"":""đồ ăn"",""taste"":[""savory""],""ingredients"":[""cơm"",""cà rốt"",""đậu hà lan"",""bắp"",""trứng"",""hành lá""],""options"":[""Trứng (Nhiều/Ít/Không)"",""Rau củ (Nhiều/Ít/Không)"",""Ớt (Nhiều/Ít/Không)""],""suitable_for"":[""on_the_go"",""poor_digestive_system""],""avoid_for"":[""obesity_when_oily""]}","{""good_for"":[""on_the_go"",""poor_digestive_system""],""bad_for"":[""obesity_when_oily""]}","{""morning"":false,""noon"":true,""evening"":true,""midnight"":false,""hot_weather"":false,""cold_weather"":false,""rainy"":false,""sunny_strong"":false,""pre_work"":true,""post_work"":true,""post_workout"":false,""light_meal"":false,""want_hot_food"":true,""want_cold_food"":false,""in_a_hurry"":true,""on_the_go"":true,""with_friends"":false,""need_relax"":false,""portable"":false,""short_lunch_break"":true}",
641,Cơm chiên chay thập cẩm,đồ ăn,"Cơm, Đậu hũ, Cà rốt, Nấm, Bắp, Hành lá","Rau củ (Nhiều/Ít/Không), Hành lá (Nhiều/Ít/Không), Nước tương (Nhiều/Ít)","{""rau_củ"": [""nhiều"", ""ít"", ""không""], ""hành_lá"": [""nhiều"", ""ít"", ""không""], ""nước_tương"": [""nhiều"", ""ít""]}","Cơm chiên chay thập cẩm là món xào từ cơm và rau củ, vị mặn nhẹ và dễ tiêu. Không phù hợp người tiểu đường nếu dùng nhiều nước tương.","{""type"":""đồ ăn"",""taste"":[""salty""],""ingredients"":[""Cơm"",""Đậu hũ"",""Cà rốt"",""Nấm"",""Bắp"",""Hành lá""],""options"":[""Rau củ (Nhiều/Ít/Không)"",""Hành lá (Nhiều/Ít/Không)"",""Nước tương (Nhiều/Ít)""],""suitable_for"":[""poor_digestive_system""],""avoid_for"":[""diabetes"",""high_blood_pressure""]}","{""good_for"":[""poor_digestive_system""],""bad_for"":[""diabetes"",""high_blood_pressure""]}","{""morning"":true,""noon"":true,""evening"":true,""midnight"":false,""hot_weather"":false,""cold_weather"":true,""rainy"":true,""sunny_strong"":false,""pre_work"":false,""post_work"":true,""post_workout"":false,""light_meal"":true,""want_hot_food"":true,""want_cold_food"":false,""in_a_hurry"":false,""on_the_go"":false,""with_friends"":true,""need_relax"":false,""portable"":false,""short_lunch_break"":false}",
642,Cơm gà chiên giòn,đồ ăn,"Cơm, Gà chiên, Dưa leo, Cà chua","Nước mắm (Nhiều/Ít), Dưa leo (Nhiều/Ít/Không), Tương ớt (Nhiều/Ít/Không)","{""nước_mắm"": [""nhiều"", ""ít""], ""dưa_leo"": [""nhiều"", ""ít"", ""không""], ""tương_ớt"": [""nhiều"", ""ít"", ""không""]}","Cơm gà chiên giòn là món cơm kèm gà chiên giòn, vị mặn và béo. Không phù hợp người cao huyết áp, béo phì hoặc cholesterol cao.","{""type"":""đồ ăn"",""taste"":[""salty""],""ingredients"":[""Cơm"",""Gà chiên"",""Dưa leo"",""Cà chua""],""options"":[""Nước mắm (Nhiều/Ít)"",""Dưa leo (Nhiều/Ít/Không)"",""Tương ớt (Nhiều/Ít/Không)""],""suitable_for"":[],""avoid_for"":[""high_blood_pressure"",""obesity"",""high_cholesterol"",""fatty_liver""]}","{""good_for"":[],""bad_for"":[""high_blood_pressure"",""obesity"",""high_cholesterol"",""fatty_liver""]}","{""morning"":false,""noon"":true,""evening"":true,""midnight"":false,""hot_weather"":false,""cold_weather"":true,""rainy"":false,""sunny_strong"":false,""pre_work"":false,""post_work"":true,""post_workout"":false,""light_meal"":false,""want_hot_food"":true,""want_cold_food"":false,""in_a_hurry"":false,""on_the_go"":false,""with_friends"":true,""need_relax"":false,""portable"":false,""short_lunch_break"":false}",
643,Cơm heo quay,đồ ăn,"Cơm, Thịt heo quay, Dưa chua, Hành lá","Nước chấm (Nhiều/Ít), Dưa chua (Nhiều/Ít/Không), Hành lá (Nhiều/Ít/Không)","{""nước_chấm"": [""nhiều"", ""ít""], ""dưa_chua"": [""nhiều"", ""ít"", ""không""], ""hành_lá"": [""nhiều"", ""ít"", ""không""]}","Cơm heo quay là món cơm kèm thịt heo quay giòn béo, vị mặn và hơi ngọt. Không phù hợp người cao huyết áp, béo phì, gan nhiễm mỡ hoặc cholesterol cao.","{""type"":""đồ ăn"",""taste"":[""salty"",""sweet""],""ingredients"":[""Cơm"",""Thịt heo quay"",""Dưa chua"",""Hành lá""],""options"":[""Nước chấm (Nhiều/Ít)"",""Dưa chua (Nhiều/Ít/Không)"",""Hành lá (Nhiều/Ít/Không)""],""suitable_for"":[],""avoid_for"":[""high_blood_pressure"",""obesity"",""fatty_liver"",""high_cholesterol""]}","{""good_for"":[],""bad_for"":[""high_blood_pressure"",""obesity"",""fatty_liver"",""high_cholesterol""]}","{""morning"":false,""noon"":true,""evening"":true,""midnight"":false,""hot_weather"":false,""cold_weather"":true,""rainy"":false,""sunny_strong"":false,""pre_work"":false,""post_work"":true,""post_workout"":false,""light_meal"":false,""want_hot_food"":true,""want_cold_food"":false,""in_a_hurry"":false,""on_the_go"":false,""with_friends"":true,""need_relax"":false,""portable"":false,""short_lunch_break"":false}",
644,Bún chả cá thác lác,đồ ăn,"Bún, Chả cá, Rau sống, Hành phi","Rau sống (Nhiều/Ít/Không), Ớt (Nhiều/Ít/Không), Nước dùng (Nhiều/Ít)","{""rau_sống"": [""nhiều"", ""ít"", ""không""], ""ớt"": [""nhiều"", ""ít"", ""không""], ""nước_dùng"": [""nhiều"", ""ít""]}","Bún chả cá thác lác là món nước thanh nhẹ, dễ tiêu; vị mặn và có thể cay tùy chọn. Phù hợp người cần món dễ tiêu; không phù hợp người dị ứng hải sản.","{""type"":""đồ ăn"",""taste"":[""salty""],""ingredients"":[""Bún"",""Chả cá"",""Rau sống"",""Hành phi""],""options"":[""Rau sống (Nhiều/Ít/Không)"",""Ớt (Nhiều/Ít/Không)"",""Nước dùng (Nhiều/Ít)""],""suitable_for"":[""poor_digestive_system""],""avoid_for"":[""seafood_allergy""]}","{""good_for"":[""poor_digestive_system""],""bad_for"":[""seafood_allergy""]}","{""morning"":true,""noon"":true,""evening"":true,""midnight"":false,""hot_weather"":true,""cold_weather"":true,""rainy"":true,""sunny_strong"":false,""pre_work"":false,""post_work"":true,""post_workout"":false,""light_meal"":true,""want_hot_food"":true,""want_cold_food"":false,""in_a_hurry"":false,""on_the_go"":false,""with_friends"":true,""need_relax"":false,""portable"":false,""short_lunch_break"":false}",
645,Bún bò sa tế,đồ ăn,"Bún, Thịt bò, Sa tế, Rau thơm, Hành","Sa tế (Nhiều/Ít), Rau thơm (Nhiều/Ít/Không), Hành (Nhiều/Ít/Không)","{""sa_tế"": [""nhiều"", ""ít""], ""rau_thơm"": [""nhiều"", ""ít"", ""không""], ""hành"": [""nhiều"", ""ít"", ""không""]}","Bún bò sa tế là món nước cay, đậm vị và khá kích thích. Không phù hợp người dạ dày yếu, viêm đại tràng hoặc nóng trong người.","{""type"":""đồ ăn"",""taste"":[""spicy"",""salty""],""ingredients"":[""Bún"",""Thịt bò"",""Sa tế"",""Rau thơm"",""Hành""],""options"":[""Sa tế (Nhiều/Ít)"",""Rau thơm (Nhiều/Ít/Không)"",""Hành (Nhiều/Ít/Không)""],""suitable_for"":[],""avoid_for"":[""gastritis"",""colitis"",""body_heat"",""weak_stomach""]}","{""good_for"":[],""bad_for"":[""gastritis"",""colitis"",""body_heat"",""weak_stomach""]}","{""morning"":false,""noon"":true,""evening"":true,""midnight"":false,""hot_weather"":false,""cold_weather"":true,""rainy"":true,""sunny_strong"":false,""pre_work"":false,""post_work"":true,""post_workout"":false,""light_meal"":false,""want_hot_food"":true,""want_cold_food"":false,""in_a_hurry"":false,""on_the_go"":false,""with_friends"":true,""need_relax"":false,""portable"":false,""short_lunch_break"":false}",
646,Bún tôm chua ngọt,đồ ăn,"Bún, Tôm, Rau sống, Nước chua ngọt","Rau sống (Nhiều/Ít/Không), Tỏi (Nhiều/Ít/Không), Ớt (Nhiều/Ít/Không)","{""rau_sống"": [""nhiều"", ""ít"", ""không""], ""tỏi"": [""nhiều"", ""ít"", ""không""], ""ớt"": [""nhiều"", ""ít"", ""không""]}","Bún tôm chua ngọt có vị chua ngọt, thanh và dễ ăn; không phù hợp người dị ứng hải sản.","{""type"":""đồ ăn"",""taste"":[""sweet"",""sour""],""ingredients"":[""Bún"",""Tôm"",""Rau sống"",""Nước chua ngọt""],""options"":[""Rau sống (Nhiều/Ít/Không)"",""Tỏi (Nhiều/Ít/Không)"",""Ớt (Nhiều/Ít/Không)""],""suitable_for"":[""poor_digestive_system""],""avoid_for"":[""seafood_allergy"",""gout""]}","{""good_for"":[""poor_digestive_system""],""bad_for"":[""seafood_allergy"",""gout""]}","{""morning"":true,""noon"":true,""evening"":true,""midnight"":false,""hot_weather"":true,""cold_weather"":false,""rainy"":true,""sunny_strong"":false,""pre_work"":false,""post_work"":true,""post_workout"":false,""light_meal"":true,""want_hot_food"":false,""want_cold_food"":true,""in_a_hurry"":false,""on_the_go"":false,""with_friends"":true,""need_relax"":false,""portable"":false,""short_lunch_break"":false}",
647,Hủ tiếu xào hải sản,đồ ăn,"Hủ tiếu, Tôm, Mực, Cải, Hành tây","Rau (Nhiều/Ít/Không), Ớt (Nhiều/Ít/Không)","{""rau"": [""nhiều"", ""ít"", ""không""], ""ớt"": [""nhiều"", ""ít"", ""không""]}","Hủ tiếu xào hải sản là món xào đậm vị, hơi béo và mặn. Không phù hợp người dị ứng hải sản, gout hoặc cao huyết áp.","{""type"":""đồ ăn"",""taste"":[""salty""],""ingredients"":[""Hủ tiếu"",""Tôm"",""Mực"",""Cải"",""Hành tây""],""options"":[""Rau (Nhiều/Ít/Không)"",""Ớt (Nhiều/Ít/Không)""],""suitable_for"":[],""avoid_for"":[""seafood_allergy"",""gout"",""high_blood_pressure""]}","{""good_for"":[],""bad_for"":[""seafood_allergy"",""gout"",""high_blood_pressure""]}","{""morning"":false,""noon"":true,""evening"":true,""midnight"":false,""hot_weather"":false,""cold_weather"":true,""rainy"":true,""sunny_strong"":false,""pre_work"":false,""post_work"":true,""post_workout"":false,""light_meal"":false,""want_hot_food"":true,""in_a_hurry"":false,""on_the_go"":false,""with_friends"":true,""need_relax"":false,""portable"":false,""short_lunch_break"":false}",
648,Mì xào chay thập cẩm,đồ ăn,"Mì, Nấm, Đậu hũ, Cà rốt, Cải","Rau (Nhiều/Ít/Không), Hành (Nhiều/Ít/Không)","{""rau"": [""nhiều"", ""ít"", ""không""], ""hành"": [""nhiều"", ""ít"", ""không""]}","Mì xào chay thập cẩm là món xào từ mì và rau củ, vị mặn nhẹ và dễ tiêu. Phù hợp người ăn chay và người cần món ít béo.","{""type"":""đồ ăn"",""taste"":[""salty""],""ingredients"":[""Mì"",""Nấm"",""Đậu hũ"",""Cà rốt"",""Cải""],""options"":[""Rau (Nhiều/Ít/Không)"",""Hành (Nhiều/Ít/Không)""],""suitable_for"":[""poor_digestive_system""],""avoid_for"":[""diabetes""]}","{""good_for"":[""poor_digestive_system""],""bad_for"":[""diabetes""]}","{""morning"":true,""noon"":true,""evening"":true,""midnight"":false,""hot_weather"":false,""cold_weather"":true,""rainy"":true,""sunny_strong"":false,""pre_work"":false,""post_work"":true,""post_workout"":false,""light_meal"":true,""want_hot_food"":true,""in_a_hurry"":false,""on_the_go"":false,""with_friends"":true,""need_relax"":false,""portable"":false,""short_lunch_break"":false}",
649,Mì xào nấm đông cô,đồ ăn,"Mì, Nấm đông cô, Cải, Hành tỏi","Rau (Nhiều/Ít/Không), Hành (Nhiều/Ít/Không)","{""rau"": [""nhiều"", ""ít"", ""không""], ""hành"": [""nhiều"", ""ít"", ""không""]}","Mì xào nấm đông cô là món xào thanh vị, ít béo và dễ tiêu. Phù hợp người tiêu hóa kém hoặc ăn chay.","{""type"":""đồ ăn"",""taste"":[""salty""],""ingredients"":[""Mì"",""Nấm đông cô"",""Cải"",""Hành tỏi""],""options"":[""Rau (Nhiều/Ít/Không)"",""Hành (Nhiều/Ít/Không)""],""suitable_for"":[""poor_digestive_system""],""avoid_for"":[]}","{""good_for"":[""poor_digestive_system""],""bad_for"":[]}","{""morning"":true,""noon"":true,""evening"":true,""midnight"":false,""hot_weather"":false,""cold_weather"":true,""rainy"":true,""sunny_strong"":false,""pre_work"":false,""post_work"":true,""post_workout"":false,""light_meal"":true,""want_hot_food"":true,""in_a_hurry"":false,""on_the_go"":false,""with_friends"":true,""need_relax"":false,""portable"":false,""short_lunch_break"":false}",
650,Cá diêu hồng kho hành,đồ ăn,"Cá diêu hồng, Hành, Nước mắm, Tiêu","Nước mắm (Nhiều/Ít), Ớt (Nhiều/Ít/Không), Hành (Nhiều/Ít/Không)","{""nước_mắm"": [""nhiều"", ""ít""], ""ớt"": [""nhiều"", ""ít"", ""không""], ""hành"": [""nhiều"", ""ít"", ""không""]}","Cá diêu hồng kho hành là món kho đậm vị, hơi mặn nhưng giàu đạm và dễ tiêu. Phù hợp người thiếu máu; không phù hợp người cao huyết áp hoặc sỏi thận.","{""type"":""đồ ăn"",""taste"":[""salty"",""spicy""],""ingredients"":[""Cá diêu hồng"",""Hành"",""Nước mắm"",""Tiêu""],""options"":[""Nước mắm (Nhiều/Ít)"",""Ớt (Nhiều/Ít/Không)"",""Hành (Nhiều/Ít/Không)""],""suitable_for"":[""anemia""],""avoid_for"":[""high_blood_pressure"",""kidney_stone""]}","{""good_for"":[""anemia""],""bad_for"":[""high_blood_pressure"",""kidney_stone""]}","{""morning"":false,""noon"":true,""evening"":true,""midnight"":false,""hot_weather"":false,""cold_weather"":true,""rainy"":true,""sunny_strong"":false,""pre_work"":false,""post_work"":true,""post_workout"":false,""light_meal"":false,""want_hot_food"":true,""in_a_hurry"":false}",
651,Cá cơm kho tiêu,đồ ăn,"Cá cơm, Tiêu, Nước mắm, Hành","Tiêu (Nhiều/Ít/Không), Nước mắm (Nhiều/Ít), Ớt (Nhiều/Ít/Không)","{""tiêu"": [""nhiều"", ""ít"", ""không""], ""nước_mắm"": [""nhiều"", ""ít""], ""ớt"": [""nhiều"", ""ít"", ""không""]}","Cá cơm kho tiêu là món kho đậm đà, giàu đạm và kích thích tiêu hóa nhẹ. Phù hợp người cần bổ sung đạm; không phù hợp người cao huyết áp hoặc sỏi thận.","{""type"":""đồ ăn"",""taste"":[""salty"",""spicy""],""ingredients"":[""Cá cơm"",""Tiêu"",""Nước mắm"",""Hành""],""options"":[""Tiêu (Nhiều/Ít/Không)"",""Nước mắm (Nhiều/Ít)"",""Ớt (Nhiều/Ít/Không)""],""suitable_for"":[""anemia""],""avoid_for"":[""high_blood_pressure"",""kidney_stone""]}","{""good_for"":[""anemia""],""bad_for"":[""high_blood_pressure"",""kidney_stone""]}","{""morning"":false,""noon"":true,""evening"":true,""midnight"":false,""hot_weather"":false,""cold_weather"":true,""rainy"":true,""sunny_strong"":false,""pre_work"":false,""post_work"":true,""post_workout"":false,""light_meal"":false,""want_hot_food"":true,""in_a_hurry"":false}",
652,Thịt bò kho tàu,đồ ăn,"Thịt bò, Trứng cút, Nước dừa, Hành","Trứng cút (Nhiều/Ít), Nước dừa (Nhiều/Ít), Hành (Nhiều/Ít/Không)","{""trứng_cút"": [""nhiều"", ""ít""], ""nước_dừa"": [""nhiều"", ""ít""], ""hành"": [""nhiều"", ""ít"", ""không""]}","Thịt bò kho tàu là món kho ngọt, giàu năng lượng và đạm. Phù hợp người làm việc nặng hoặc thiếu máu; không phù hợp người béo phì và gan nhiễm mỡ.","{""type"":""đồ ăn"",""taste"":[""sweet"",""salty""],""ingredients"":[""Thịt bò"",""Trứng cút"",""Nước dừa"",""Hành""],""options"":[""Trứng cút (Nhiều/Ít)"",""Nước dừa (Nhiều/Ít)"",""Hành (Nhiều/Ít/Không)""],""suitable_for"":[""anemia""],""avoid_for"":[""obesity"",""fatty_liver"",""high_cholesterol""]}","{""good_for"":[""anemia""],""bad_for"":[""obesity"",""fatty_liver"",""high_cholesterol""]}","{""morning"":false,""noon"":true,""evening"":true,""midnight"":false,""hot_weather"":false,""cold_weather"":true,""rainy"":false,""sunny_strong"":false,""pre_work"":false,""post_work"":true,""post_workout"":false,""light_meal"":false,""want_hot_food"":true,""in_a_hurry"":false}",
653,Thịt heo kho mắm ruốc,đồ ăn,"Thịt heo, Mắm ruốc, Sả, Ớt","Mắm ruốc(Nhiều/Ít), Ớt (Nhiều/Ít/Không), Sả (Nhiều/Ít/Không)","{""mắm_ruốc"": [""nhiều"", ""ít""], ""ớt"": [""nhiều"", ""ít"", ""không""], ""sả"": [""nhiều"", ""ít"", ""không""]}","Thịt heo kho mắm ruốc là món kho rất mặn, đậm mùi và kích thích tiêu hóa. Không phù hợp người cao huyết áp hoặc tim mạch.","{""type"":""đồ ăn"",""taste"":[""salty""],""ingredients"":[""Thịt heo"",""Mắm ruốc"",""Sả"",""Ớt""],""options"":[""Mắm ruốc(Nhiều/Ít)"",""Ớt (Nhiều/Ít/Không)"",""Sả (Nhiều/Ít/Không)""],""suitable_for"":[""poor_digestive_system""],""avoid_for"":[""high_blood_pressure"",""heart_disease""]}","{""good_for"":[""poor_digestive_system""],""bad_for"":[""high_blood_pressure"",""heart_disease""]}","{""morning"":false,""noon"":true,""evening"":true,""midnight"":false,""hot_weather"":false,""cold_weather"":true,""rainy"":false,""sunny_strong"":false,""pre_work"":false,""post_work"":true,""post_workout"":false,""light_meal"":false,""want_hot_food"":true,""in_a_hurry"":false}",
654,Gà kho lá chanh,đồ ăn,"Gà, Lá chanh, Tỏi, Nước mắm","Lá chanh (Nhiều/Ít), Nước mắm (Nhiều/Ít), Ớt (Nhiều/Ít/Không)","{""lá_chanh"": [""nhiều"", ""ít""], ""nước_mắm"": [""nhiều"", ""ít""], ""ớt"": [""nhiều"", ""ít"", ""không""]}",Gà kho lá chanh là món đậm vị nhưng không quá béo; thơm lá chanh và mặn nhẹ. Phù hợp người thiếu máu do giàu đạm.,"{""type"":""đồ ăn"",""taste"":[""salty""],""ingredients"":[""Gà"",""Lá chanh"",""Tỏi"",""Nước mắm""],""options"":[""Lá chanh (Nhiều/Ít)"",""Nước mắm (Nhiều/Ít)"",""Ớt (Nhiều/Ít/Không)""],""suitable_for"":[""anemia""],""avoid_for"":[""high_blood_pressure""]}","{""good_for"":[""anemia""],""bad_for"":[""high_blood_pressure""]}","{""morning"":false,""noon"":true,""evening"":true,""midnight"":false,""hot_weather"":false,""cold_weather"":true,""rainy"":true,""sunny_strong"":false,""pre_work"":false,""post_work"":true,""post_workout"":false,""light_meal"":false,""want_hot_food"":true,""want_cold_food"":false,""in_a_hurry"":false,""on_the_go"":false,""with_friends"":true,""need_relax"":false,""portable"":false,""short_lunch_break"":false}",
655,Bò xào hành cần tây,đồ ăn,"Thịt bò, Cần tây, Hành tây, Tiêu","Hành tây (Nhiều/Ít/Không), Tiêu (Nhiều/Ít/Không), Ớt (Nhiều/Ít/Không)","{""hành_tây"": [""nhiều"", ""ít"", ""không""], ""tiêu"": [""nhiều"", ""ít"", ""không""], ""ớt"": [""nhiều"", ""ít"", ""không""]}","Bò xào hành cần tây là món xào thơm tiêu, đậm vị nhưng không quá béo. Phù hợp người thiếu máu.","{""type"":""đồ ăn"",""taste"":[""salty"",""spicy""],""ingredients"":[""Thịt bò"",""Cần tây"",""Hành tây"",""Tiêu""],""options"":[""Hành tây (Nhiều/Ít/Không)"",""Tiêu (Nhiều/Ít/Không)"",""Ớt (Nhiều/Ít/Không)""],""suitable_for"":[""anemia""],""avoid_for"":[""high_blood_pressure""]}","{""good_for"":[""anemia""],""bad_for"":[""high_blood_pressure""]}","{""morning"":false,""noon"":true,""evening"":true,""midnight"":false,""hot_weather"":false,""cold_weather"":true,""rainy"":false,""sunny_strong"":false,""pre_work"":false,""post_work"":true,""post_workout"":false,""light_meal"":false,""want_hot_food"":true,""want_cold_food"":false,""in_a_hurry"":false,""on_the_go"":false,""with_friends"":true,""need_relax"":false,""portable"":false,""short_lunch_break"":false}",
656,Tôm nướng bơ tỏi,đồ ăn,"Tôm, Bơ, Tỏi","Bơ (Nhiều/Ít), Tỏi (Nhiều/Ít), Ớt (Nhiều/Ít/Không)","{""bơ"": [""nhiều"", ""ít""], ""tỏi"": [""nhiều"", ""ít""], ""ớt"": [""nhiều"", ""ít"", ""không""]}","Tôm nướng bơ tỏi là món nướng thơm béo, đậm vị. Không phù hợp người dị ứng hải sản hoặc gout.","{""type"":""đồ ăn"",""taste"":[""salty""],""ingredients"":[""Tôm"",""Bơ"",""Tỏi""],""options"":[""Bơ (Nhiều/Ít)"",""Tỏi (Nhiều/Ít)"",""Ớt (Nhiều/Ít/Không)""],""suitable_for"":[],""avoid_for"":[""seafood_allergy"",""gout""]}","{""good_for"":[],""bad_for"":[""seafood_allergy"",""gout""]}","{""morning"":false,""noon"":true,""evening"":true,""midnight"":false,""hot_weather"":false,""cold_weather"":true,""rainy"":false,""sunny_strong"":false,""pre_work"":false,""post_work"":true,""post_workout"":false,""light_meal"":false,""want_hot_food"":true,""want_cold_food"":false,""in_a_hurry"":false,""on_the_go"":false,""with_friends"":true,""need_relax"":false,""portable"":false,""short_lunch_break"":false}",
657,Gà nướng ngũ vị,đồ ăn,"Gà, Ngũ vị hương, Mật ong","Mật ong (Nhiều/Ít), Ớt (Nhiều/Ít/Không)","{""mật_ong"": [""nhiều"", ""ít""], ""ớt"": [""nhiều"", ""ít"", ""không""]}","Gà nướng ngũ vị là món nướng thơm đậm, vị hơi ngọt. Phù hợp người thiếu máu.","{""type"":""đồ ăn"",""taste"":[""sweet"",""salty""],""ingredients"":[""Gà"",""Ngũ vị hương"",""Mật ong""],""options"":[""Mật ong (Nhiều/Ít)"",""Ớt (Nhiều/Ít/Không)""],""suitable_for"":[""anemia""],""avoid_for"":[""diabetes""]}","{""good_for"":[""anemia""],""bad_for"":[""diabetes""]}","{""morning"":false,""noon"":true,""evening"":true,""midnight"":false,""hot_weather"":false,""cold_weather"":true,""rainy"":false,""sunny_strong"":false,""pre_work"":false,""post_work"":true,""post_workout"":false,""light_meal"":false,""want_hot_food"":true,""want_cold_food"":false,""in_a_hurry"":false,""on_the_go"":false,""with_friends"":true,""need_relax"":false,""portable"":false,""short_lunch_break"":false}",
658,nước ép chanh leo,thức uống,"chanh leo, nước, đường, đá","đá (nhiều/ít/không), đường (nhiều/ít/không)","{""đá"": [""nhiều"", ""ít"", ""không""], ""đường"": [""nhiều"", ""ít"", ""không""]}","Nước ép chanh leo là thức uống chua ngọt, giải nhiệt tốt. Phù hợp người nóng trong người; không phù hợp người dạ dày yếu.","{""type"":""thức uống"",""taste"":[""sour"",""sweet""],""ingredients"":[""chanh leo"",""nước"",""đường"",""đá""],""options"":[""đá (nhiều/ít/không)"",""đường (nhiều/ít/không)""],""suitable_for"":[""body_heat""],""avoid_for"":[""weak_stomach"",""gastritis""]}","{""good_for"":[""body_heat""],""bad_for"":[""weak_stomach"",""gastritis""]}","{""morning"":true,""noon"":true,""evening"":true,""midnight"":false,""hot_weather"":true,""cold_weather"":false,""rainy"":true,""sunny_strong"":true,""pre_work"":false,""post_work"":false,""post_workout"":true,""light_meal"":true,""want_hot_food"":false,""want_cold_food"":true,""in_a_hurry"":true,""on_the_go"":true,""with_friends"":true,""need_relax"":true,""portable"":true,""short_lunch_break"":true}",
659,nước ép bí đao,thức uống,"bí đao ép, đường, đá","đá (nhiều/ít/không), đường (nhiều/ít/không)","{""đá"": [""nhiều"", ""ít"", ""không""], ""đường"": [""nhiều"", ""ít"", ""không""]}","Nước ép bí đao là thức uống thanh mát, ít đường nếu giảm ngọt. Phù hợp người nóng trong người.","{""type"":""thức uống"",""taste"":[""sweet""],""ingredients"":[""bí đao ép"",""đường"",""đá""],""options"":[""đá (nhiều/ít/không)"",""đường (nhiều/ít/không)""],""suitable_for"":[""body_heat""],""avoid_for"":[""diabetes""]}","{""good_for"":[""body_heat""],""bad_for"":[""diabetes""]}","{""morning"":true,""noon"":true,""evening"":true,""midnight"":false,""hot_weather"":true,""cold_weather"":false,""rainy"":true,""sunny_strong"":true,""pre_work"":false,""post_work"":false,""post_workout"":true,""light_meal"":true,""want_hot_food"":false,""want_cold_food"":true,""in_a_hurry"":true,""on_the_go"":true,""with_friends"":true,""need_relax"":true,""portable"":true,""short_lunch_break"":true}",
660,nước ép cam mật ong,thức uống,"cam, mật ong, đá","đá (nhiều/ít/không), mật ong (nhiều/ít), đường (nhiều/ít/không)","{""đá"": [""nhiều"", ""ít"", ""không""], ""mật_ong"": [""nhiều"", ""ít""], ""đường"": [""nhiều"", ""ít"", ""không""]}","Nước ép cam mật ong có vị ngọt nhẹ, giàu vitamin C. Phù hợp người thiếu vitamin D; không phù hợp người tiểu đường.","{""type"":""thức uống"",""taste"":[""sweet"",""sour""],""ingredients"":[""cam"",""mật ong"",""đá""],""options"":[""đá (nhiều/ít/không)"",""mật ong (nhiều/ít)"",""đường (nhiều/ít/không)""],""suitable_for"":[""vitaminD_deficiency""],""avoid_for"":[""diabetes""]}","{""good_for"":[""vitaminD_deficiency""],""bad_for"":[""diabetes""]}","{""morning"":true,""noon"":true,""evening"":true,""midnight"":false,""hot_weather"":true,""cold_weather"":false,""rainy"":true,""sunny_strong"":true,""pre_work"":true,""post_work"":false,""post_workout"":true,""light_meal"":true,""want_hot_food"":false,""want_cold_food"":true,""in_a_hurry"":true,""on_the_go"":true,""with_friends"":true,""need_relax"":true,""portable"":true,""short_lunch_break"":true}",
661,sinh tố dâu tây chuối,thức uống,"dâu, chuối, sữa, đường, đá","đá (nhiều/ít/không), sữa (nhiều/ít), đường (nhiều/ít)","{""đá"": [""nhiều"", ""ít"", ""không""], ""sữa"": [""nhiều"", ""ít""], ""đường"": [""nhiều"", ""ít""]}","Sinh tố dâu tây chuối là thức uống ngọt, béo nhẹ và giàu vitamin, giúp bổ sung năng lượng. Phù hợp người cần tăng cân hoặc người thiếu vitamin; không phù hợp người tiểu đường.","{""type"":""thức uống"",""taste"":[""sweet""],""ingredients"":[""dâu"",""chuối"",""sữa"",""đường"",""đá""],""options"":[""đá (nhiều/ít/không)"",""sữa (nhiều/ít)"",""đường (nhiều/ít)""],""suitable_for"":[""vitaminD_deficiency"",""anemia""],""avoid_for"":[""diabetes"",""obesity""]}","{""good_for"":[""vitaminD_deficiency"",""anemia""],""bad_for"":[""diabetes"",""obesity""]}","{""morning"":true,""noon"":true,""evening"":true,""midnight"":false,""hot_weather"":true,""cold_weather"":false,""rainy"":true,""sunny_strong"":true,""pre_work"":false,""post_work"":true,""post_workout"":true,""light_meal"":true,""want_hot_food"":false,""want_cold_food"":true,""in_a_hurry"":true}",
662,sinh tố rau chân vịt,thức uống,"rau chân vịt, táo/chuối, sữa, đá","đá (nhiều/ít/không), sữa (nhiều/ít), đường (nhiều/ít/không)","{""đá"": [""nhiều"", ""ít"", ""không""], ""sữa"": [""nhiều"", ""ít""], ""đường"": [""nhiều"", ""ít"", ""không""]}","Sinh tố rau chân vịt là thức uống bổ dưỡng, giàu chất xơ và vitamin, hỗ trợ tiêu hóa. Phù hợp người táo bón, nóng trong người hoặc thiếu máu.","{""type"":""thức uống"",""taste"":[""sweet"",""fresh""],""ingredients"":[""rau chân vịt"",""táo/chuối"",""sữa"",""đá""],""options"":[""đá (nhiều/ít/không)"",""sữa (nhiều/ít)"",""đường (nhiều/ít/không)""],""suitable_for"":[""constipation"",""body_heat"",""anemia""],""avoid_for"":[""diabetes""]}","{""good_for"":[""constipation"",""body_heat"",""anemia""],""bad_for"":[""diabetes""]}","{""morning"":true,""noon"":true,""evening"":true,""midnight"":false,""hot_weather"":true,""cold_weather"":false,""rainy"":true,""sunny_strong"":true,""pre_work"":false,""post_work"":true,""post_workout"":true,""light_meal"":true,""want_hot_food"":false,""want_cold_food"":true,""in_a_hurry"":true}",
663,sữa tươi trân châu đường đen,thức uống,"sữa tươi, trân châu trắng/đen, đường đen, đá","đá (nhiều/ít/không), độ ngọt (nhiều/ít), trân châu (ít/nhiều)","{""đá"": [""nhiều"", ""ít"", ""không""], ""độ_ngọt"": [""nhiều"", ""ít""], ""trân_châu"": [""ít"", ""nhiều""]}","Sữa tươi trân châu đường đen là thức uống rất ngọt và nhiều năng lượng. Phù hợp người cần tăng cân; không phù hợp tiểu đường, béo phì hay tim mạch.","{""type"":""thức uống"",""taste"":[""sweet""],""ingredients"":[""sữa tươi"",""trân châu"",""đường đen"",""đá""],""options"":[""đá (nhiều/ít/không)"",""độ ngọt (nhiều/ít)"",""trân châu (ít/nhiều)""],""suitable_for"":[""weight_gain""],""avoid_for"":[""diabetes"",""obesity"",""heart_disease"",""high_cholesterol""]}","{""good_for"":[""weight_gain""],""bad_for"":[""diabetes"",""obesity"",""heart_disease"",""high_cholesterol""]}","{""morning"":false,""noon"":true,""evening"":true,""midnight"":false,""hot_weather"":false,""cold_weather"":true,""rainy"":false,""sunny_strong"":false,""pre_work"":false,""post_work"":true,""post_workout"":false,""light_meal"":false,""want_hot_food"":false,""want_cold_food"":true,""in_a_hurry"":true}",
664,soda cam chanh,thức uống,"soda, cam, chanh, đường, đá","đá (nhiều/ít/không), đường (nhiều/ít)","{""đá"": [""nhiều"", ""ít"", ""không""], ""đường"": [""nhiều"", ""ít""]}","Soda cam chanh là thức uống chua ngọt, giải khát mạnh và giúp tỉnh táo. Phù hợp người nóng trong người; không phù hợp người dạ dày yếu.","{""type"":""thức uống"",""taste"":[""sour"",""sweet""],""ingredients"":[""soda"",""cam"",""chanh"",""đường"",""đá""],""options"":[""đá (nhiều/ít/không)"",""đường (nhiều/ít)""],""suitable_for"":[""body_heat""],""avoid_for"":[""weak_stomach"",""gastritis""]}","{""good_for"":[""body_heat""],""bad_for"":[""weak_stomach"",""gastritis""]}","{""morning"":true,""noon"":true,""evening"":true,""midnight"":false,""hot_weather"":true,""cold_weather"":false,""rainy"":true,""sunny_strong"":true,""pre_work"":false,""post_work"":false,""post_workout"":true,""light_meal"":true,""want_hot_food"":false,""want_cold_food"":true,""in_a_hurry"":true}",
